  0
SECTION
  2
HEADER
  9
$ACADVER
  1
AC1032
  9
$ACADMAINTVER
 90
4
  9
$DWGCODEPAGE
  3
ANSI_1252
  9
$LASTSAVEDBY
  1
ezdxf
  9
$REQUIREDVERSIONS
160
0
  9
$INSBASE
 10
0.0
 20
0.0
 30
0.0
  9
$EXTMIN
 10
1e+20
 20
1e+20
 30
1e+20
  9
$EXTMAX
 10
-1e+20
 20
-1e+20
 30
-1e+20
  9
$LIMMIN
 10
0.0
 20
0.0
  9
$LIMMAX
 10
420.0
 20
297.0
  9
$ORTHOMODE
 70
0
  9
$REGENMODE
 70
1
  9
$FILLMODE
 70
1
  9
$QTEXTMODE
 70
0
  9
$MIRRTEXT
 70
1
  9
$LTSCALE
 40
1.0
  9
$ATTMODE
 70
1
  9
$TEXTSIZE
 40
2.5
  9
$TRACEWID
 40
1.0
  9
$TEXTSTYLE
  7
Standard
  9
$CLAYER
  8
0
  9
$CELTYPE
  6
ByLayer
  9
$CECOLOR
 62
256
  9
$CELTSCALE
 40
1.0
  9
$DISPSILH
 70
0
  9
$DIMSCALE
 40
1.0
  9
$DIMASZ
 40
2.5
  9
$DIMEXO
 40
0.625
  9
$DIMDLI
 40
3.75
  9
$DIMRND
 40
0.0
  9
$DIMDLE
 40
0.0
  9
$DIMEXE
 40
1.25
  9
$DIMTP
 40
0.0
  9
$DIMTM
 40
0.0
  9
$DIMTXT
 40
2.5
  9
$DIMCEN
 40
2.5
  9
$DIMTSZ
 40
0.0
  9
$DIMTOL
 70
0
  9
$DIMLIM
 70
0
  9
$DIMTIH
 70
0
  9
$DIMTOH
 70
0
  9
$DIMSE1
 70
0
  9
$DIMSE2
 70
0
  9
$DIMTAD
 70
1
  9
$DIMZIN
 70
8
  9
$DIMBLK
  1

  9
$DIMASO
 70
1
  9
$DIMSHO
 70
1
  9
$DIMPOST
  1

  9
$DIMAPOST
  1

  9
$DIMALT
 70
0
  9
$DIMALTD
 70
3
  9
$DIMALTF
 40
0.03937007874
  9
$DIMLFAC
 40
1.0
  9
$DIMTOFL
 70
1
  9
$DIMTVP
 40
0.0
  9
$DIMTIX
 70
0
  9
$DIMSOXD
 70
0
  9
$DIMSAH
 70
0
  9
$DIMBLK1
  1

  9
$DIMBLK2
  1

  9
$DIMSTYLE
  2
ISO-25
  9
$DIMCLRD
 70
0
  9
$DIMCLRE
 70
0
  9
$DIMCLRT
 70
0
  9
$DIMTFAC
 40
1.0
  9
$DIMGAP
 40
0.625
  9
$DIMJUST
 70
0
  9
$DIMSD1
 70
0
  9
$DIMSD2
 70
0
  9
$DIMTOLJ
 70
0
  9
$DIMTZIN
 70
8
  9
$DIMALTZ
 70
0
  9
$DIMALTTZ
 70
0
  9
$DIMUPT
 70
0
  9
$DIMDEC
 70
2
  9
$DIMTDEC
 70
2
  9
$DIMALTU
 70
2
  9
$DIMALTTD
 70
3
  9
$DIMTXSTY
  7
Standard
  9
$DIMAUNIT
 70
0
  9
$DIMADEC
 70
0
  9
$DIMALTRND
 40
0.0
  9
$DIMAZIN
 70
0
  9
$DIMDSEP
 70
44
  9
$DIMATFIT
 70
3
  9
$DIMFRAC
 70
0
  9
$DIMLDRBLK
  1

  9
$DIMLUNIT
 70
2
  9
$DIMLWD
 70
-2
  9
$DIMLWE
 70
-2
  9
$DIMTMOVE
 70
0
  9
$DIMFXL
 40
1.0
  9
$DIMFXLON
 70
0
  9
$DIMJOGANG
 40
0.785398163397
  9
$DIMTFILL
 70
0
  9
$DIMTFILLCLR
 70
0
  9
$DIMARCSYM
 70
0
  9
$DIMLTYPE
  6

  9
$DIMLTEX1
  6

  9
$DIMLTEX2
  6

  9
$DIMTXTDIRECTION
 70
0
  9
$LUNITS
 70
2
  9
$LUPREC
 70
4
  9
$SKETCHINC
 40
1.0
  9
$FILLETRAD
 40
10.0
  9
$AUNITS
 70
0
  9
$AUPREC
 70
2
  9
$MENU
  1
.
  9
$ELEVATION
 40
0.0
  9
$PELEVATION
 40
0.0
  9
$THICKNESS
 40
0.0
  9
$LIMCHECK
 70
0
  9
$CHAMFERA
 40
0.0
  9
$CHAMFERB
 40
0.0
  9
$CHAMFERC
 40
0.0
  9
$CHAMFERD
 40
0.0
  9
$SKPOLY
 70
0
  9
$TDCREATE
 40
2460964.4388310187
  9
$TDUCREATE
 40
2458532.153996898
  9
$TDUPDATE
 40
2460964.4388425928
  9
$TDUUPDATE
 40
2458532.1544311
  9
$TDINDWG
 40
0.0
  9
$TDUSRTIMER
 40
0.0
  9
$USRTIMER
 70
1
  9
$ANGBASE
 50
0.0
  9
$ANGDIR
 70
0
  9
$PDMODE
 70
0
  9
$PDSIZE
 40
0.0
  9
$PLINEWID
 40
0.0
  9
$SPLFRAME
 70
0
  9
$SPLINETYPE
 70
6
  9
$SPLINESEGS
 70
8
  9
$HANDSEED
  5
628
  9
$SURFTAB1
 70
6
  9
$SURFTAB2
 70
6
  9
$SURFTYPE
 70
6
  9
$SURFU
 70
6
  9
$SURFV
 70
6
  9
$UCSBASE
  2

  9
$UCSNAME
  2

  9
$UCSORG
 10
0.0
 20
0.0
 30
0.0
  9
$UCSXDIR
 10
1.0
 20
0.0
 30
0.0
  9
$UCSYDIR
 10
0.0
 20
1.0
 30
0.0
  9
$UCSORTHOREF
  2

  9
$UCSORTHOVIEW
 70
0
  9
$UCSORGTOP
 10
0.0
 20
0.0
 30
0.0
  9
$UCSORGBOTTOM
 10
0.0
 20
0.0
 30
0.0
  9
$UCSORGLEFT
 10
0.0
 20
0.0
 30
0.0
  9
$UCSORGRIGHT
 10
0.0
 20
0.0
 30
0.0
  9
$UCSORGFRONT
 10
0.0
 20
0.0
 30
0.0
  9
$UCSORGBACK
 10
0.0
 20
0.0
 30
0.0
  9
$PUCSBASE
  2

  9
$PUCSNAME
  2

  9
$PUCSORG
 10
0.0
 20
0.0
 30
0.0
  9
$PUCSXDIR
 10
1.0
 20
0.0
 30
0.0
  9
$PUCSYDIR
 10
0.0
 20
1.0
 30
0.0
  9
$PUCSORTHOREF
  2

  9
$PUCSORTHOVIEW
 70
0
  9
$PUCSORGTOP
 10
0.0
 20
0.0
 30
0.0
  9
$PUCSORGBOTTOM
 10
0.0
 20
0.0
 30
0.0
  9
$PUCSORGLEFT
 10
0.0
 20
0.0
 30
0.0
  9
$PUCSORGRIGHT
 10
0.0
 20
0.0
 30
0.0
  9
$PUCSORGFRONT
 10
0.0
 20
0.0
 30
0.0
  9
$PUCSORGBACK
 10
0.0
 20
0.0
 30
0.0
  9
$USERI1
 70
0
  9
$USERI2
 70
0
  9
$USERI3
 70
0
  9
$USERI4
 70
0
  9
$USERI5
 70
0
  9
$USERR1
 40
0.0
  9
$USERR2
 40
0.0
  9
$USERR3
 40
0.0
  9
$USERR4
 40
0.0
  9
$USERR5
 40
0.0
  9
$WORLDVIEW
 70
1
  9
$SHADEDGE
 70
3
  9
$SHADEDIF
 70
70
  9
$TILEMODE
 70
1
  9
$MAXACTVP
 70
64
  9
$PINSBASE
 10
0.0
 20
0.0
 30
0.0
  9
$PLIMCHECK
 70
0
  9
$PEXTMIN
 10
1e+20
 20
1e+20
 30
1e+20
  9
$PEXTMAX
 10
-1e+20
 20
-1e+20
 30
-1e+20
  9
$PLIMMIN
 10
0.0
 20
0.0
  9
$PLIMMAX
 10
420.0
 20
297.0
  9
$UNITMODE
 70
0
  9
$VISRETAIN
 70
1
  9
$PLINEGEN
 70
0
  9
$PSLTSCALE
 70
1
  9
$TREEDEPTH
 70
3020
  9
$CMLSTYLE
  2
Standard
  9
$CMLJUST
 70
0
  9
$CMLSCALE
 40
20.0
  9
$PROXYGRAPHICS
 70
1
  9
$MEASUREMENT
 70
1
  9
$CELWEIGHT
370
-1
  9
$ENDCAPS
280
0
  9
$JOINSTYLE
280
0
  9
$LWDISPLAY
290
0
  9
$INSUNITS
 70
6
  9
$HYPERLINKBASE
  1

  9
$STYLESHEET
  1

  9
$XEDIT
290
1
  9
$CEPSNTYPE
380
0
  9
$PSTYLEMODE
290
1
  9
$FINGERPRINTGUID
  2
{3C65A043-443A-4CFA-9642-AF043E795469}
  9
$VERSIONGUID
  2
{5256D1A3-34D2-47C8-B5FF-C13B598C9FE0}
  9
$EXTNAMES
290
1
  9
$PSVPSCALE
 40
0.0
  9
$OLESTARTUP
290
0
  9
$SORTENTS
280
127
  9
$INDEXCTL
280
0
  9
$HIDETEXT
280
1
  9
$XCLIPFRAME
280
1
  9
$HALOGAP
280
0
  9
$OBSCOLOR
 70
257
  9
$OBSLTYPE
280
0
  9
$INTERSECTIONDISPLAY
280
0
  9
$INTERSECTIONCOLOR
 70
257
  9
$DIMASSOC
280
2
  9
$PROJECTNAME
  1

  9
$CAMERADISPLAY
290
0
  9
$LENSLENGTH
 40
50.0
  9
$CAMERAHEIGHT
 40
0.0
  9
$STEPSPERSEC
 40
24.0
  9
$STEPSIZE
 40
100.0
  9
$3DDWFPREC
 40
2.0
  9
$PSOLWIDTH
 40
0.005
  9
$PSOLHEIGHT
 40
0.08
  9
$LOFTANG1
 40
1.570796326795
  9
$LOFTANG2
 40
1.570796326795
  9
$LOFTMAG1
 40
0.0
  9
$LOFTMAG2
 40
0.0
  9
$LOFTPARAM
 70
7
  9
$LOFTNORMALS
280
1
  9
$LATITUDE
 40
37.795
  9
$LONGITUDE
 40
-122.394
  9
$NORTHDIRECTION
 40
0.0
  9
$TIMEZONE
 70
-8000
  9
$LIGHTGLYPHDISPLAY
280
1
  9
$TILEMODELIGHTSYNCH
280
1
  9
$CMATERIAL
347
20
  9
$SOLIDHIST
280
0
  9
$SHOWHIST
280
1
  9
$DWFFRAME
280
2
  9
$DGNFRAME
280
2
  9
$REALWORLDSCALE
290
1
  9
$INTERFERECOLOR
 62
256
  9
$CSHADOW
280
0
  9
$SHADOWPLANELOCATION
 40
0.0
  0
ENDSEC
  0
SECTION
  2
CLASSES
  0
CLASS
  1
ACDBDICTIONARYWDFLT
  2
AcDbDictionaryWithDefault
  3
ObjectDBX Classes
 90
0
 91
0
280
0
281
0
  0
CLASS
  1
SUN
  2
AcDbSun
  3
SCENEOE
 90
1153
 91
0
280
0
281
0
  0
CLASS
  1
VISUALSTYLE
  2
AcDbVisualStyle
  3
ObjectDBX Classes
 90
4095
 91
0
280
0
281
0
  0
CLASS
  1
MATERIAL
  2
AcDbMaterial
  3
ObjectDBX Classes
 90
1153
 91
0
280
0
281
0
  0
CLASS
  1
SCALE
  2
AcDbScale
  3
ObjectDBX Classes
 90
1153
 91
0
280
0
281
0
  0
CLASS
  1
TABLESTYLE
  2
AcDbTableStyle
  3
ObjectDBX Classes
 90
4095
 91
0
280
0
281
0
  0
CLASS
  1
MLEADERSTYLE
  2
AcDbMLeaderStyle
  3
ACDB_MLEADERSTYLE_CLASS
 90
4095
 91
0
280
0
281
0
  0
CLASS
  1
DICTIONARYVAR
  2
AcDbDictionaryVar
  3
ObjectDBX Classes
 90
0
 91
0
280
0
281
0
  0
CLASS
  1
CELLSTYLEMAP
  2
AcDbCellStyleMap
  3
ObjectDBX Classes
 90
1152
 91
0
280
0
281
0
  0
CLASS
  1
MENTALRAYRENDERSETTINGS
  2
AcDbMentalRayRenderSettings
  3
SCENEOE
 90
1024
 91
0
280
0
281
0
  0
CLASS
  1
ACDBDETAILVIEWSTYLE
  2
AcDbDetailViewStyle
  3
ObjectDBX Classes
 90
1025
 91
0
280
0
281
0
  0
CLASS
  1
ACDBSECTIONVIEWSTYLE
  2
AcDbSectionViewStyle
  3
ObjectDBX Classes
 90
1025
 91
0
280
0
281
0
  0
CLASS
  1
RASTERVARIABLES
  2
AcDbRasterVariables
  3
ISM
 90
0
 91
0
280
0
281
0
  0
CLASS
  1
LAYOUT
  2
AcDbLayout
  3
ObjectDBX Classes
 90
0
 91
0
280
0
281
0
  0
CLASS
  1
ACDBPLACEHOLDER
  2
AcDbPlaceHolder
  3
ObjectDBX Classes
 90
0
 91
0
280
0
281
0
  0
ENDSEC
  0
SECTION
  2
TABLES
  0
TABLE
  2
VPORT
  5
8
330
0
100
AcDbSymbolTable
 70
1
  0
VPORT
  5
23
330
8
100
AcDbSymbolTableRecord
100
AcDbViewportTableRecord
  2
*Active
 70
0
 10
0.0
 20
0.0
 11
1.0
 21
1.0
 12
0.0
 22
0.0
 13
0.0
 23
0.0
 14
0.5
 24
0.5
 15
0.5
 25
0.5
 16
0.0
 26
0.0
 36
1.0
 17
0.0
 27
0.0
 37
0.0
 40
1000.0
 41
1.34
 42
50.0
 43
0.0
 44
0.0
 50
0.0
 51
0.0
 71
0
 72
1000
 73
1
 74
3
 75
0
 76
0
 77
0
 78
0
281
0
 65
0
146
0.0
  0
ENDTAB
  0
TABLE
  2
LTYPE
  5
2
330
0
100
AcDbSymbolTable
 70
3
  0
LTYPE
  5
24
330
2
100
AcDbSymbolTableRecord
100
AcDbLinetypeTableRecord
  2
ByBlock
 70
0
  3

 72
65
 73
0
 40
0.0
  0
LTYPE
  5
25
330
2
100
AcDbSymbolTableRecord
100
AcDbLinetypeTableRecord
  2
ByLayer
 70
0
  3

 72
65
 73
0
 40
0.0
  0
LTYPE
  5
26
330
2
100
AcDbSymbolTableRecord
100
AcDbLinetypeTableRecord
  2
Continuous
 70
0
  3

 72
65
 73
0
 40
0.0
  0
ENDTAB
  0
TABLE
  2
LAYER
  5
1
330
0
100
AcDbSymbolTable
 70
35
  0
LAYER
  5
27
330
1
100
AcDbSymbolTableRecord
100
AcDbLayerTableRecord
  2
0
 70
0
 62
7
  6
Continuous
370
-3
390
13
347
21
  0
LAYER
  5
28
330
1
100
AcDbSymbolTableRecord
100
AcDbLayerTableRecord
  2
Defpoints
 70
0
 62
7
  6
Continuous
290
0
370
-3
390
13
347
21
  0
LAYER
  5
2F
330
1
100
AcDbSymbolTableRecord
100
AcDbLayerTableRecord
  2
IM-ANNO-HATCH
 70
0
 62
8
  6
Continuous
370
-3
390
13
347
21
  0
LAYER
  5
30
330
1
100
AcDbSymbolTableRecord
100
AcDbLayerTableRecord
  2
TV
 70
0
 62
3
  6
Continuous
370
-3
390
13
347
21
  0
LAYER
  5
31
330
1
100
AcDbSymbolTableRecord
100
AcDbLayerTableRecord
  2
curtain
 70
0
 62
144
  6
Continuous
370
-3
390
13
347
21
  0
LAYER
  5
32
330
1
100
AcDbSymbolTableRecord
100
AcDbLayerTableRecord
  2
Glass-FrontGlazing
 70
0
 62
150
  6
Continuous
370
-3
390
13
347
21
  0
LAYER
  5
33
330
1
100
AcDbSymbolTableRecord
100
AcDbLayerTableRecord
  2
Dim-Interior
 70
0
 62
33
  6
Continuous
370
-3
390
13
347
21
  0
LAYER
  5
34
330
1
100
AcDbSymbolTableRecord
100
AcDbLayerTableRecord
  2
Glazing
 70
0
 62
141
  6
Continuous
370
-3
390
13
347
21
  0
LAYER
  5
35
330
1
100
AcDbSymbolTableRecord
100
AcDbLayerTableRecord
  2
LN-ELEVATION-4
 70
0
 62
145
  6
Continuous
370
-3
390
13
347
21
  0
LAYER
  5
36
330
1
100
AcDbSymbolTableRecord
100
AcDbLayerTableRecord
  2
LN-ELEVATION-1
 70
0
 62
81
  6
Continuous
370
-3
390
13
347
21
  0
LAYER
  5
37
330
1
100
AcDbSymbolTableRecord
100
AcDbLayerTableRecord
  2
LN-ELEVATION-3
 70
0
 62
125
  6
a_p6_plan_L18$0$HIDDEN
370
-3
390
13
347
21
  0
LAYER
  5
38
330
1
100
AcDbSymbolTableRecord
100
AcDbLayerTableRecord
  2
LN-DIMENSION
 70
0
 62
252
  6
Continuous
370
-3
390
13
347
21
  0
LAYER
  5
39
330
1
100
AcDbSymbolTableRecord
100
AcDbLayerTableRecord
  2
LN-ELEVATION-5
 70
0
 62
167
  6
Continuous
370
-3
390
13
347
21
  0
LAYER
  5
3A
330
1
100
AcDbSymbolTableRecord
100
AcDbLayerTableRecord
  2
shutter
 70
0
 62
172
  6
Continuous
370
-3
390
13
347
21
  0
LAYER
  5
3B
330
1
100
AcDbSymbolTableRecord
100
AcDbLayerTableRecord
  2
text
 70
0
 62
7
  6
AUSGEZOGEN
370
-3
390
13
347
21
  0
LAYER
  5
3C
330
1
100
AcDbSymbolTableRecord
100
AcDbLayerTableRecord
  2
LN-HATCH
 70
0
 62
251
  6
Continuous
370
-3
390
13
347
21
  0
LAYER
  5
3D
330
1
100
AcDbSymbolTableRecord
100
AcDbLayerTableRecord
  2
wall
 70
0
 62
5
  6
Continuous
370
-3
390
13
347
21
  0
LAYER
  5
3E
330
1
100
AcDbSymbolTableRecord
100
AcDbLayerTableRecord
  2
Floor-Unit
 70
0
 62
1
  6
Continuous
370
-3
390
13
347
21
  0
LAYER
  5
3F
330
1
100
AcDbSymbolTableRecord
100
AcDbLayerTableRecord
  2
LENS_HATCH
 70
0
 62
251
  6
Continuous
370
-3
390
13
347
21
  0
LAYER
  5
40
330
1
100
AcDbSymbolTableRecord
100
AcDbLayerTableRecord
  2
LENS_FURNITURE
 70
0
 62
13
  6
Continuous
370
-3
390
13
347
21
  0
LAYER
  5
41
330
1
100
AcDbSymbolTableRecord
100
AcDbLayerTableRecord
  2
LENS_PARTITION
 70
0
 62
21
  6
Continuous
370
-3
390
13
347
21
  0
LAYER
  5
42
330
1
100
AcDbSymbolTableRecord
100
AcDbLayerTableRecord
  2
LENS_HATCH_WALL
 70
0
 62
251
  6
Continuous
370
-3
390
13
347
21
  0
LAYER
  5
43
330
1
100
AcDbSymbolTableRecord
100
AcDbLayerTableRecord
  2
LN-ELEVATION-2
 70
0
 62
103
  6
Continuous
370
-3
390
13
347
21
  0
LAYER
  5
44
330
1
100
AcDbSymbolTableRecord
100
AcDbLayerTableRecord
  2
LENS_TEXT
 70
0
 62
31
  6
HIDDEN2
370
-3
390
13
347
21
  0
LAYER
  5
45
330
1
100
AcDbSymbolTableRecord
100
AcDbLayerTableRecord
  2
LENS_CURTAIN
 70
0
 62
5
  6
a_p6_plan_L18$0$HIDDEN
370
-3
390
13
347
21
  0
LAYER
  5
46
330
1
100
AcDbSymbolTableRecord
100
AcDbLayerTableRecord
  2
beam
 70
0
 62
90
  6
Continuous
370
-3
390
13
347
21
  0
LAYER
  5
47
330
1
100
AcDbSymbolTableRecord
100
AcDbLayerTableRecord
  2
Mirror
 70
0
 62
4
  6
Continuous
370
-3
390
13
347
21
  0
LAYER
  5
48
330
1
100
AcDbSymbolTableRecord
100
AcDbLayerTableRecord
  2
LN-TEXT
 70
0
 62
255
  6
Continuous
370
-3
390
13
347
21
  0
LAYER
  5
49
330
1
100
AcDbSymbolTableRecord
100
AcDbLayerTableRecord
  2
HIDDEN LINE
 70
0
 62
177
  6
Continuous
370
-3
390
13
347
21
  0
LAYER
  5
4A
330
1
100
AcDbSymbolTableRecord
100
AcDbLayerTableRecord
  2
dimensions
 70
0
 62
149
  6
Continuous
370
-3
390
13
347
21
  0
LAYER
  5
4B
330
1
100
AcDbSymbolTableRecord
100
AcDbLayerTableRecord
  2
door
 70
0
 62
36
  6
Continuous
370
-3
390
13
347
21
  0
LAYER
  5
4C
330
1
100
AcDbSymbolTableRecord
100
AcDbLayerTableRecord
  2
Steps
 70
0
 62
4
  6
Continuous
370
-3
390
13
347
21
  0
LAYER
  5
4D
330
1
100
AcDbSymbolTableRecord
100
AcDbLayerTableRecord
  2
Column hatch
 70
0
 62
8
  6
Continuous
370
-3
390
13
347
21
  0
LAYER
  5
4E
330
1
100
AcDbSymbolTableRecord
100
AcDbLayerTableRecord
  2
Column
 70
0
 62
243
  6
Continuous
370
-3
390
13
347
21
  0
LAYER
  5
4F
330
1
100
AcDbSymbolTableRecord
100
AcDbLayerTableRecord
  2
LK-FLUTTED FINISH
 70
0
 62
20
  6
Continuous
370
-3
390
13
347
21
  0
ENDTAB
  0
TABLE
  2
STYLE
  5
5
330
0
100
AcDbSymbolTable
 70
1
  0
STYLE
  5
29
330
5
100
AcDbSymbolTableRecord
100
AcDbTextStyleTableRecord
  2
Standard
 70
0
 40
0.0
 41
1.0
 50
0.0
 71
0
 42
2.5
  3
txt
  4

  0
ENDTAB
  0
TABLE
  2
VIEW
  5
7
330
0
100
AcDbSymbolTable
 70
0
  0
ENDTAB
  0
TABLE
  2
UCS
  5
6
330
0
100
AcDbSymbolTable
 70
0
  0
ENDTAB
  0
TABLE
  2
APPID
  5
3
330
0
100
AcDbSymbolTable
 70
3
  0
APPID
  5
2A
330
3
100
AcDbSymbolTableRecord
100
AcDbRegAppTableRecord
  2
ACAD
 70
0
  0
APPID
  5
625
330
3
100
AcDbSymbolTableRecord
100
AcDbRegAppTableRecord
  2
HATCHBACKGROUNDCOLOR
 70
0
  0
APPID
  5
626
330
3
100
AcDbSymbolTableRecord
100
AcDbRegAppTableRecord
  2
EZDXF
 70
0
  0
ENDTAB
  0
TABLE
  2
DIMSTYLE
  5
4
330
0
100
AcDbSymbolTable
 70
1
100
AcDbDimStyleTable
  0
DIMSTYLE
105
2B
330
4
100
AcDbSymbolTableRecord
100
AcDbDimStyleTableRecord
  2
Standard
 70
0
 40
1.0
 41
2.5
 42
0.625
 43
3.75
 44
1.25
 45
0.0
 46
0.0
 47
0.0
 48
0.0
 49
2.5
140
2.5
141
2.5
142
0.0
143
0.03937007874
144
1.0
145
0.0
146
1.0
147
0.625
148
0.0
 69
0
 70
0
 71
0
 72
0
 73
0
 74
0
 75
0
 76
0
 77
1
 78
8
 79
3
170
0
171
3
172
1
173
0
174
0
175
0
176
0
177
0
178
0
179
2
271
2
272
2
273
2
274
3
275
0
276
0
277
2
278
44
279
0
280
0
281
0
282
0
283
0
284
8
285
0
286
0
288
0
289
3
290
0
371
-2
372
-2
  0
ENDTAB
  0
TABLE
  2
BLOCK_RECORD
  5
9
330
0
100
AcDbSymbolTable
 70
34
  0
BLOCK_RECORD
  5
17
330
9
100
AcDbSymbolTableRecord
100
AcDbBlockTableRecord
  2
*Model_Space
340
1A
 70
0
280
1
281
0
  0
BLOCK_RECORD
  5
1B
330
9
100
AcDbSymbolTableRecord
100
AcDbBlockTableRecord
  2
*Paper_Space
340
1E
 70
0
280
1
281
0
  0
BLOCK_RECORD
  5
50
330
9
100
AcDbSymbolTableRecord
100
AcDbBlockTableRecord
  2
_ArchTick
340
0
 70
0
280
1
281
0
  0
BLOCK_RECORD
  5
54
330
9
100
AcDbSymbolTableRecord
100
AcDbBlockTableRecord
  2
Entrance Door
340
0
 70
0
280
1
281
0
  0
BLOCK_RECORD
  5
70
330
9
100
AcDbSymbolTableRecord
100
AcDbBlockTableRecord
  2
_Oblique
340
0
 70
0
280
1
281
0
  0
BLOCK_RECORD
  5
74
330
9
100
AcDbSymbolTableRecord
100
AcDbBlockTableRecord
  2
Chair
340
0
 70
0
280
1
281
0
  0
BLOCK_RECORD
  5
7D
330
9
100
AcDbSymbolTableRecord
100
AcDbBlockTableRecord
  2
GFHFD
340
0
 70
0
280
1
281
0
  0
BLOCK_RECORD
  5
8A
330
9
100
AcDbSymbolTableRecord
100
AcDbBlockTableRecord
  2
GFCHGFD
340
0
 70
0
280
1
281
0
  0
BLOCK_RECORD
  5
97
330
9
100
AcDbSymbolTableRecord
100
AcDbBlockTableRecord
  2
12MM VC PLAN
340
0
 70
0
280
1
281
0
  0
BLOCK_RECORD
  5
B9
330
9
100
AcDbSymbolTableRecord
100
AcDbBlockTableRecord
  2
rtf
340
0
 70
0
280
1
281
0
  0
BLOCK_RECORD
  5
C4
330
9
100
AcDbSymbolTableRecord
100
AcDbBlockTableRecord
  2
dsg
340
0
 70
0
280
1
281
0
  0
BLOCK_RECORD
  5
CD
330
9
100
AcDbSymbolTableRecord
100
AcDbBlockTableRecord
  2
blu zero rack details
340
0
 70
0
280
1
281
0
  0
BLOCK_RECORD
  5
D3
330
9
100
AcDbSymbolTableRecord
100
AcDbBlockTableRecord
  2
DFGHTHRTWE
340
0
 70
0
280
1
281
0
  0
BLOCK_RECORD
  5
F1
330
9
100
AcDbSymbolTableRecord
100
AcDbBlockTableRecord
  2
1010MM VC PLAN
340
0
 70
0
280
1
281
0
  0
BLOCK_RECORD
  5
110
330
9
100
AcDbSymbolTableRecord
100
AcDbBlockTableRecord
  2
dfbdfhq
340
0
 70
0
280
1
281
0
  0
BLOCK_RECORD
  5
121
330
9
100
AcDbSymbolTableRecord
100
AcDbBlockTableRecord
  2
55 DER4
340
0
 70
0
280
1
281
0
  0
BLOCK_RECORD
  5
137
330
9
100
AcDbSymbolTableRecord
100
AcDbBlockTableRecord
  2
ffgd
340
0
 70
0
280
1
281
0
  0
BLOCK_RECORD
  5
187
330
9
100
AcDbSymbolTableRecord
100
AcDbBlockTableRecord
  2
3 SEATER BENCH
340
0
 70
0
280
1
281
0
  0
BLOCK_RECORD
  5
191
330
9
100
AcDbSymbolTableRecord
100
AcDbBlockTableRecord
  2
chr
340
0
 70
0
280
1
281
0
  0
BLOCK_RECORD
  5
1FB
330
9
100
AcDbSymbolTableRecord
100
AcDbBlockTableRecord
  2
servgewrgtrs
340
0
 70
0
280
1
281
0
  0
BLOCK_RECORD
  5
20D
330
9
100
AcDbSymbolTableRecord
100
AcDbBlockTableRecord
  2
D-Table-1200
340
0
 70
0
280
1
281
0
  0
BLOCK_RECORD
  5
22D
330
9
100
AcDbSymbolTableRecord
100
AcDbBlockTableRecord
  2
R-Table-1200
340
0
 70
0
280
1
281
0
  0
BLOCK_RECORD
  5
235
330
9
100
AcDbSymbolTableRecord
100
AcDbBlockTableRecord
  2
A$Cf47e29e2
340
0
 70
0
280
1
281
0
  0
BLOCK_RECORD
  5
2C7
330
9
100
AcDbSymbolTableRecord
100
AcDbBlockTableRecord
  2
POS1800
340
0
 70
0
280
1
281
0
  0
BLOCK_RECORD
  5
44B
330
9
100
AcDbSymbolTableRecord
100
AcDbBlockTableRecord
  2
door
340
0
 70
0
280
1
281
0
  0
BLOCK_RECORD
  5
468
330
9
100
AcDbSymbolTableRecord
100
AcDbBlockTableRecord
  2
CLINIC SCREEN
340
0
 70
0
280
1
281
0
  0
BLOCK_RECORD
  5
47F
330
9
100
AcDbSymbolTableRecord
100
AcDbBlockTableRecord
  2
CLINIC - CABINET SINK
340
0
 70
0
280
1
281
0
  0
BLOCK_RECORD
  5
48D
330
9
100
AcDbSymbolTableRecord
100
AcDbBlockTableRecord
  2
A$C04ba86de
340
0
 70
0
280
1
281
0
  0
BLOCK_RECORD
  5
492
330
9
100
AcDbSymbolTableRecord
100
AcDbBlockTableRecord
  2
A$C3159410d
340
0
 70
0
280
1
281
0
  0
BLOCK_RECORD
  5
498
330
9
100
AcDbSymbolTableRecord
100
AcDbBlockTableRecord
  2
A$C18799085
340
0
 70
0
280
1
281
0
  0
BLOCK_RECORD
  5
4AF
330
9
100
AcDbSymbolTableRecord
100
AcDbBlockTableRecord
  2
A$Cd93dec76
340
0
 70
0
280
1
281
0
  0
BLOCK_RECORD
  5
4C6
330
9
100
AcDbSymbolTableRecord
100
AcDbBlockTableRecord
  2
A$Cd445213a
340
0
 70
0
280
1
281
0
  0
BLOCK_RECORD
  5
4DE
330
9
100
AcDbSymbolTableRecord
100
AcDbBlockTableRecord
  2
sfeqwef
340
0
 70
0
280
1
281
0
  0
BLOCK_RECORD
  5
556
330
9
100
AcDbSymbolTableRecord
100
AcDbBlockTableRecord
  2
A$C7517c4b3
340
0
 70
0
280
1
281
0
  0
ENDTAB
  0
ENDSEC
  0
SECTION
  2
BLOCKS
  0
BLOCK
  5
18
330
17
100
AcDbEntity
  8
0
100
AcDbBlockBegin
  2
*Model_Space
 70
0
 10
0.0
 20
0.0
 30
0.0
  3
*Model_Space
  1

  0
ENDBLK
  5
19
330
17
100
AcDbEntity
  8
0
100
AcDbBlockEnd
  0
BLOCK
  5
1C
330
1B
100
AcDbEntity
  8
0
100
AcDbBlockBegin
  2
*Paper_Space
 70
0
 10
0.0
 20
0.0
 30
0.0
  3
*Paper_Space
  1

  0
ENDBLK
  5
1D
330
1B
100
AcDbEntity
  8
0
100
AcDbBlockEnd
  0
BLOCK
  5
51
330
50
100
AcDbEntity
  8
0
100
AcDbBlockBegin
  2
_ArchTick
 70
0
 10
0.0
 20
0.0
 30
0.0
  3
_ArchTick
  1

  0
LWPOLYLINE
  5
53
330
50
100
AcDbEntity
  8
0
100
AcDbPolyline
 90
2
 70
0
 10
-0.5
 20
-0.5
 10
0.5
 20
0.5
  0
ENDBLK
  5
52
330
50
100
AcDbEntity
  8
0
100
AcDbBlockEnd
  0
BLOCK
  5
55
330
54
100
AcDbEntity
  8
0
100
AcDbBlockBegin
  2
Entrance Door
 70
0
 10
0.0
 20
0.0
 30
0.0
  3
Entrance Door
  1

  0
CIRCLE
  5
57
330
54
100
AcDbEntity
  8
Glazing
100
AcDbCircle
 10
23.99449473957066
 20
-58.74634342861828
 30
0.0
 40
19.75098521342749
  0
LWPOLYLINE
  5
58
330
54
100
AcDbEntity
  8
Glazing
100
AcDbPolyline
 90
4
 70
1
 10
-1.50121477281209
 20
-66.24702211975818
 10
1198.759591404232
 20
-66.24725445284275
 10
1198.75968486967
 20
-54.247254453192
 10
-1.501121307373978
 20
-54.24702212004922
  0
LWPOLYLINE
  5
59
330
54
100
AcDbEntity
  8
Glazing
100
AcDbPolyline
 90
4
 70
1
 10
-0.0005530033959076
 20
-66.24703149788547
 10
142.4697654945776
 20
-66.24851136631332
 10
142.4696876067901
 20
-73.7469491820084
 10
-0.0006308857118711
 20
-73.74493611505022
  0
LWPOLYLINE
  5
5A
330
54
100
AcDbEntity
  8
Glazing
100
AcDbPolyline
 90
4
 70
1
 10
-0.000459537957795
 20
-54.24703149817651
 10
142.4698589600157
 20
-54.24851136654615
 10
142.4699368478032
 20
-46.75007355085108
 10
-0.0003816557582468
 20
-46.74912688095355
  0
LWPOLYLINE
  5
5B
330
54
100
AcDbEntity
  8
Glazing
100
AcDbPolyline
 90
4
 70
1
 10
1180.761804669629
 20
-66.25596487795701
 10
1038.291486171656
 20
-66.25448500947095
 10
1038.291408283869
 20
-73.75292282516602
 10
1180.76172678743
 20
-73.75386949512176
  0
LWPOLYLINE
  5
5C
330
54
100
AcDbEntity
  8
Glazing
100
AcDbPolyline
 90
4
 70
1
 10
1180.761898134951
 20
-54.25596522906563
 10
1038.291579637094
 20
-54.25448536057956
 10
1038.291657524765
 20
-46.75604754488449
 10
1180.761976017267
 20
-46.75806061184267
  0
LWPOLYLINE
  5
5D
330
54
100
AcDbEntity
  8
Glazing
100
AcDbPolyline
 90
4
 70
1
 10
319.9964879566105
 20
-120.4965872626635
 10
-0.0010125414701179
 20
-120.4940636975807
 10
0.0
 20
0.0
 10
319.9975004981971
 20
-0.0025235651992261
  0
HATCH
  5
5E
330
54
100
AcDbEntity
  8
Glazing
 62
7
100
AcDbHatch
 10
0.0
 20
0.0
 30
0.0
210
0.0
220
0.0
230
1.0
  2
SOLID
 70
1
 71
0
 91
0
 75
0
 76
1
 98
0
  0
LWPOLYLINE
  5
5F
330
54
100
AcDbEntity
  8
Glazing
100
AcDbPolyline
 90
4
 70
1
 10
17.99099473876413
 20
-34.75129568565171
 10
17.99099471291993
 20
-1235.012101864617
 10
29.99849322240334
 20
-1235.012195329997
 10
29.99849322240334
 20
-34.75138915103162
  0
CIRCLE
  5
60
330
54
100
AcDbEntity
  8
Glazing
100
AcDbCircle
 10
1125.273782239877
 20
-13.88121893891366
 30
0.0
 40
18.99604246742586
  0
LINE
  5
61
330
54
100
AcDbEntity
  8
Glazing
100
AcDbLine
 10
1132.77213879826
 20
-31.33470794110326
 30
0.0
 11
1132.771900715655
 21
-54.25546639628009
 31
0.0
  0
LINE
  5
62
330
54
100
AcDbEntity
  8
Glazing
100
AcDbLine
 10
1117.775263165938
 20
-31.3346381203155
 30
0.0
 11
1117.775025084265
 21
-54.25531062064692
 31
0.0
  0
CIRCLE
  5
63
330
54
100
AcDbEntity
  8
Glazing
100
AcDbCircle
 10
1125.273782239877
 20
-106.6307115188101
 30
0.0
 40
18.99604246742586
  0
LINE
  5
64
330
54
100
AcDbEntity
  8
Glazing
100
AcDbLine
 10
1132.77213879826
 20
-89.17722251662055
 30
0.0
 11
1132.771900715655
 21
-66.2564640614437
 31
0.0
  0
LINE
  5
65
330
54
100
AcDbEntity
  8
Glazing
100
AcDbLine
 10
1117.775263165938
 20
-89.17729233740828
 30
0.0
 11
1117.775025084265
 21
-66.25661983713508
 31
0.0
  0
LWPOLYLINE
  5
66
330
54
100
AcDbEntity
  8
Glazing
100
AcDbPolyline
 90
4
 70
1
 10
17.99247458123136
 20
-1092.541783366585
 10
17.99099471291993
 20
-1235.012101864617
 10
10.49255689710844
 20
-1235.012023976829
 10
10.49456996412482
 20
-1092.541705484386
  0
CIRCLE
  5
67
330
54
100
AcDbEntity
  8
Glazing
100
AcDbCircle
 10
-22.38227170880418
 20
-1163.77694261563
 30
0.0
 40
18.99604246742586
  0
LINE
  5
68
330
54
100
AcDbEntity
  8
Glazing
100
AcDbLine
 10
-4.928782706614583
 20
-1156.278586057422
 30
0.0
 11
17.99197574856225
 21
-1156.278824140027
 31
0.0
  0
LINE
  5
69
330
54
100
AcDbEntity
  8
Glazing
100
AcDbLine
 10
-4.928852527402341
 20
-1171.275461689627
 30
0.0
 11
17.99181997287087
 21
-1171.2756997713
 31
0.0
  0
LWPOLYLINE
  5
6A
330
54
100
AcDbEntity
  8
Glazing
100
AcDbPolyline
 90
4
 70
1
 10
29.99701335385907
 20
-1092.541783366585
 10
29.99849322240334
 20
-1235.012101864617
 10
37.49693103798199
 20
-1235.012023976829
 10
37.49491797096562
 20
-1092.541705484386
  0
CIRCLE
  5
6B
330
54
100
AcDbEntity
  8
Glazing
100
AcDbCircle
 10
70.37175964389462
 20
-1163.77694261563
 30
0.0
 40
18.99604246742586
  0
LINE
  5
6C
330
54
100
AcDbEntity
  8
Glazing
100
AcDbLine
 10
52.91827064182143
 20
-1156.278586057422
 30
0.0
 11
29.99751218652818
 21
-1156.278824140027
 31
0.0
  0
LINE
  5
6D
330
54
100
AcDbEntity
  8
Glazing
100
AcDbLine
 10
52.9183404626092
 20
-1171.275461689627
 30
0.0
 11
29.99766796233598
 21
-1171.2756997713
 31
0.0
  0
LINE
  5
6E
330
54
100
AcDbEntity
  8
Glazing
100
AcDbLine
 10
29.99849322240334
 20
-54.24734310340136
 30
0.0
 11
17.99099473806563
 21
-66.24716577748768
 31
0.0
  0
ARC
  5
6F
330
54
100
AcDbEntity
  8
Glazing
100
AcDbCircle
 10
23.99474398011808
 20
-60.24725444044452
 30
0.0
 40
1174.764894121221
100
AcDbArc
 50
270.0
 51
359.9995537331821
  0
ENDBLK
  5
56
330
54
100
AcDbEntity
  8
0
100
AcDbBlockEnd
  0
BLOCK
  5
71
330
70
100
AcDbEntity
  8
0
100
AcDbBlockBegin
  2
_Oblique
 70
0
 10
0.0
 20
0.0
 30
0.0
  3
_Oblique
  1

  0
LINE
  5
73
330
70
100
AcDbEntity
  8
0
  6
ByBlock
 62
0
100
AcDbLine
 10
-0.5
 20
-0.5
 30
0.0
 11
0.5
 21
0.5
 31
0.0
  0
ENDBLK
  5
72
330
70
100
AcDbEntity
  8
0
100
AcDbBlockEnd
  0
BLOCK
  5
75
330
74
100
AcDbEntity
  8
0
100
AcDbBlockBegin
  2
Chair
 70
0
 10
0.0
 20
0.0
 30
0.0
  3
Chair
  1

  0
CIRCLE
  5
77
330
74
100
AcDbEntity
  8
Floor-Unit
100
AcDbCircle
 10
587240.7880734095
 20
-21249.19291745771
 30
0.0
 40
250.0
  0
ARC
  5
78
330
74
100
AcDbEntity
  8
Floor-Unit
100
AcDbCircle
 10
587240.7880734095
 20
-21249.19291745771
 30
0.0
 40
200.0
100
AcDbArc
 50
186.3793702084324
 51
353.6206297915686
  0
LINE
  5
79
330
74
100
AcDbEntity
  8
Floor-Unit
100
AcDbLine
 10
587490.7880734095
 20
-21249.19291745766
 30
0.0
 11
587464.3948711595
 21
-21249.19291745766
 31
0.0
  0
LINE
  5
7A
330
74
100
AcDbEntity
  8
Floor-Unit
100
AcDbLine
 10
587017.1812756595
 20
-21249.19291745766
 30
0.0
 11
586990.7880734093
 21
-21249.19291745766
 31
0.0
  0
ARC
  5
7B
330
74
100
AcDbEntity
  8
Floor-Unit
100
AcDbCircle
 10
587464.3948711595
 20
-21274.19291745767
 30
0.0
 40
25.0
100
AcDbArc
 50
90.0
 51
173.6206297915766
  0
ARC
  5
7C
330
74
100
AcDbEntity
  8
Floor-Unit
100
AcDbCircle
 10
587017.1812756595
 20
-21274.19291745767
 30
0.0
 40
25.0
100
AcDbArc
 50
6.37937020842336
 51
90.0
  0
ENDBLK
  5
76
330
74
100
AcDbEntity
  8
0
100
AcDbBlockEnd
  0
BLOCK
  5
7E
330
7D
100
AcDbEntity
  8
0
100
AcDbBlockBegin
  2
GFHFD
 70
0
 10
0.0
 20
0.0
 30
0.0
  3
GFHFD
  1

  0
HATCH
  5
80
330
7D
100
AcDbEntity
  8
LN-HATCH
 62
7
100
AcDbHatch
 10
0.0
 20
0.0
 30
0.0
210
0.0
220
0.0
230
1.0
  2
ANSI31
 70
0
 71
0
 91
0
 75
0
 76
1
 98
0
  0
LWPOLYLINE
  5
81
330
7D
100
AcDbEntity
  8
LN-ELEVATION-1
100
AcDbPolyline
 90
8
 70
1
 10
792.0591651862487
 20
220.0
 10
792.0591651862487
 20
30.0
 10
786.0591651862486
 20
30.0
 10
786.0591651862486
 20
20.0
 10
792.0591651862487
 20
20.0
 10
792.0591651862487
 20
-24.0
 10
767.0591651862487
 20
-24.0
 10
767.0591651862487
 20
220.0
  0
LWPOLYLINE
  5
82
330
7D
100
AcDbEntity
  8
LN-ELEVATION-1
100
AcDbPolyline
 90
8
 70
1
 10
-407.9408348137512
 20
220.0
 10
-407.9408348137512
 20
30.0
 10
-401.9408348137512
 20
30.0
 10
-401.9408348137512
 20
20.0
 10
-407.9408348137512
 20
20.0
 10
-407.9408348137512
 20
-24.0
 10
-382.9408348137513
 20
-24.0
 10
-382.9408348137513
 20
220.0
  0
LWPOLYLINE
  5
83
330
7D
100
AcDbEntity
  8
LN-ELEVATION-1
100
AcDbPolyline
 90
4
 70
1
 10
-382.9408348137513
 20
180.0
 10
767.0591651862487
 20
180.0
 10
767.0591651862487
 20
186.0
 10
-382.9408348137513
 20
186.0
  0
LWPOLYLINE
  5
84
330
7D
100
AcDbEntity
  8
LN-ELEVATION-1
100
AcDbPolyline
 90
4
 70
1
 10
757.0591651862486
 20
-24.0
 10
757.0591651862486
 20
-30.0
 10
792.0591651862487
 20
-30.0
 10
792.0591651862487
 20
-24.0
  0
LWPOLYLINE
  5
85
330
7D
100
AcDbEntity
  8
LN-ELEVATION-1
100
AcDbPolyline
 90
4
 70
1
 10
-372.9408348137513
 20
-24.0
 10
-372.9408348137513
 20
-30.0
 10
-407.9408348137512
 20
-30.0
 10
-407.9408348137512
 20
-24.0
  0
LINE
  5
86
330
7D
100
AcDbEntity
  8
LN-ELEVATION-3
100
AcDbLine
 10
-372.9408348137513
 20
-30.0
 30
0.0
 11
757.0591651862486
 21
-30.0
 31
0.0
  0
LINE
  5
87
330
7D
100
AcDbEntity
  8
LN-ELEVATION-3
100
AcDbLine
 10
757.0591651862486
 20
-24.0
 30
0.0
 11
-372.9408348137513
 21
-24.0
 31
0.0
  0
LWPOLYLINE
  5
88
330
7D
100
AcDbEntity
  8
LN-ELEVATION-4
  6
ACAD_ISO03W100
100
AcDbPolyline
 90
4
 70
1
 10
767.0591651862487
 20
0.0
 10
-382.9408348137513
 20
0.0
 10
-382.9408348137513
 20
-12.0
 10
767.0591651862487
 20
-12.0
  0
LINE
  5
89
330
7D
100
AcDbEntity
  8
LN-ELEVATION-3
100
AcDbLine
 10
767.0591651862487
 20
220.0
 30
0.0
 11
-382.9408348137513
 21
220.0
 31
0.0
  0
ENDBLK
  5
7F
330
7D
100
AcDbEntity
  8
0
100
AcDbBlockEnd
  0
BLOCK
  5
8B
330
8A
100
AcDbEntity
  8
0
100
AcDbBlockBegin
  2
GFCHGFD
 70
0
 10
0.0
 20
0.0
 30
0.0
  3
GFCHGFD
  1

  0
LWPOLYLINE
  5
8D
330
8A
100
AcDbEntity
  8
LN-ELEVATION-1
100
AcDbPolyline
 90
8
 70
1
 10
147.8333966266364
 20
-144.7979760693852
 10
147.8333966266364
 20
-143.2979760693852
 10
152.3333966266364
 20
-143.2979760693852
 10
152.3333966266364
 20
-125.2979760693852
 10
130.8333966266364
 20
-125.2979760693852
 10
130.8333966266364
 20
-123.7979760693852
 10
153.8333966266364
 20
-123.7979760693852
 10
153.8333966266364
 20
-144.7979760693852
  0
LWPOLYLINE
  5
8E
330
8A
100
AcDbEntity
  8
LN-ELEVATION-1
100
AcDbPolyline
 90
8
 70
1
 10
-97.16660337336361
 20
-137.7979760693852
 10
-97.16660337336361
 20
-123.7979760693852
 10
-142.1666033733636
 20
-123.7979760693852
 10
-142.1666033733636
 20
-144.7979760693852
 10
-133.1666033733636
 20
-144.7979760693852
 10
-133.1666033733636
 20
-143.2979760693852
 10
-140.6666033733636
 20
-143.2979760693852
 10
-140.6666033733636
 20
-137.7979760693852
  0
LWPOLYLINE
  5
8F
330
8A
100
AcDbEntity
  8
LN-ELEVATION-1
100
AcDbPolyline
 90
8
 70
1
 10
85.83339662663639
 20
-137.7979760693852
 10
85.83339662663639
 20
-123.7979760693852
 10
130.8333966266364
 20
-123.7979760693852
 10
130.8333966266364
 20
-144.7979760693852
 10
121.8333966266364
 20
-144.7979760693852
 10
121.8333966266364
 20
-143.2979760693852
 10
129.3333966266364
 20
-143.2979760693852
 10
129.3333966266364
 20
-137.7979760693852
  0
LWPOLYLINE
  5
90
330
8A
100
AcDbEntity
  8
LN-ELEVATION-2
100
AcDbPolyline
 90
4
 70
1
 10
-97.16660337336361
 20
-137.7979760693852
 10
85.83339662663639
 20
-137.7979760693852
 10
85.83339662663639
 20
-123.7979760693852
 10
-97.16660337336361
 20
-123.7979760693852
  0
LWPOLYLINE
  5
91
330
8A
100
AcDbEntity
  8
Mirror
100
AcDbPolyline
 90
4
 70
1
 10
-140.6666033733636
 20
-137.7979760693852
 10
129.3333966266364
 20
-137.7979760693852
 10
129.3333966266364
 20
-143.2979760693852
 10
-140.6666033733636
 20
-143.2979760693852
  0
LINE
  5
92
330
8A
100
AcDbEntity
  8
LN-ELEVATION-4
100
AcDbLine
 10
121.8333966266364
 20
-144.7979760693852
 30
0.0
 11
-133.1666033733636
 21
-144.7979760693852
 31
0.0
  0
HATCH
  5
93
330
8A
100
AcDbEntity
  8
LN-HATCH
 62
7
100
AcDbHatch
 10
0.0
 20
0.0
 30
0.0
210
0.0
220
0.0
230
1.0
  2
ANSI31
 70
0
 71
0
 91
0
 75
0
 76
1
 98
0
  0
LWPOLYLINE
  5
94
330
8A
100
AcDbEntity
  8
LN-ELEVATION-1
100
AcDbPolyline
 90
4
 70
1
 10
155.8333966266364
 20
105.2020239306148
 10
137.8333966266364
 20
105.2020239306148
 10
137.8333966266364
 20
-123.7979760693852
 10
155.8333966266364
 20
-123.7979760693852
  0
LWPOLYLINE
  5
95
330
8A
100
AcDbEntity
  8
LN-ELEVATION-1
100
AcDbPolyline
 90
4
 70
1
 10
-144.1666033733636
 20
105.2020239306148
 10
-126.1666033733636
 20
105.2020239306148
 10
-126.1666033733636
 20
-123.7979760693852
 10
-144.1666033733636
 20
-123.7979760693852
  0
LWPOLYLINE
  5
96
330
8A
100
AcDbEntity
  8
LN-ELEVATION-1
100
AcDbPolyline
 90
4
 70
1
 10
-126.1666033733636
 20
99.20202393061481
 10
137.8333966266364
 20
99.20202393061481
 10
137.8333966266364
 20
105.2020239306148
 10
-126.1666033733636
 20
105.2020239306148
  0
ENDBLK
  5
8C
330
8A
100
AcDbEntity
  8
0
100
AcDbBlockEnd
  0
BLOCK
  5
98
330
97
100
AcDbEntity
  8
0
100
AcDbBlockBegin
  2
12MM VC PLAN
 70
0
 10
0.0
 20
0.0
 30
0.0
  3
12MM VC PLAN
  1

  0
HATCH
  5
9A
330
97
100
AcDbEntity
  8
LN-HATCH
 62
7
100
AcDbHatch
 10
0.0
 20
0.0
 30
0.0
210
0.0
220
0.0
230
1.0
  2
ANSI31
 70
0
 71
0
 91
0
 75
0
 76
1
 98
0
  0
HATCH
  5
9B
330
97
100
AcDbEntity
  8
LN-HATCH
 62
7
100
AcDbHatch
 10
0.0
 20
0.0
 30
0.0
210
0.0
220
0.0
230
1.0
  2
ANSI31
 70
0
 71
0
 91
0
 75
0
 76
1
 98
0
  0
HATCH
  5
9C
330
97
100
AcDbEntity
  8
LN-HATCH
 62
7
100
AcDbHatch
 10
0.0
 20
0.0
 30
0.0
210
0.0
220
0.0
230
1.0
  2
ANSI31
 70
0
 71
0
 91
0
 75
0
 76
1
 98
0
  0
HATCH
  5
9D
330
97
100
AcDbEntity
  8
LN-HATCH
 62
7
100
AcDbHatch
 10
0.0
 20
0.0
 30
0.0
210
0.0
220
0.0
230
1.0
  2
ANSI31
 70
0
 71
0
 91
0
 75
0
 76
1
 98
0
  0
LWPOLYLINE
  5
9E
330
97
100
AcDbEntity
  8
LN-ELEVATION-1
100
AcDbPolyline
 90
8
 70
1
 10
-1200.0
 20
250.0
 10
-1200.0
 20
60.0
 10
-1194.0
 20
60.0
 10
-1194.0
 20
50.0
 10
-1200.0
 20
50.0
 10
-1200.0
 20
6.0
 10
-1182.0
 20
6.0
 10
-1182.0
 20
250.0
  0
LWPOLYLINE
  5
9F
330
97
100
AcDbEntity
  8
LN-ELEVATION-1
100
AcDbPolyline
 90
8
 70
1
 10
0.0
 20
250.0
 10
0.0
 20
60.0
 10
-6.0
 20
60.0
 10
-6.0
 20
50.0
 10
0.0
 20
50.0
 10
0.0
 20
6.0
 10
-18.0
 20
6.0
 10
-18.0
 20
250.0
  0
LWPOLYLINE
  5
A0
330
97
100
AcDbEntity
  8
LN-ELEVATION-1
100
AcDbPolyline
 90
4
 70
1
 10
-18.0
 20
238.0
 10
-1182.0
 20
238.0
 10
-1182.0
 20
244.0
 10
-18.0
 20
244.0
  0
LWPOLYLINE
  5
A1
330
97
100
AcDbEntity
  8
LN-ELEVATION-1
100
AcDbPolyline
 90
4
 70
1
 10
-1165.0
 20
6.0
 10
-1165.0
 20
0.0
 10
-1200.0
 20
0.0
 10
-1200.0
 20
6.0
  0
LWPOLYLINE
  5
A2
330
97
100
AcDbEntity
  8
LN-ELEVATION-1
100
AcDbPolyline
 90
4
 70
1
 10
-35.0
 20
6.0
 10
-35.0
 20
0.0
 10
0.0
 20
0.0
 10
0.0
 20
6.0
  0
LINE
  5
A3
330
97
100
AcDbEntity
  8
LN-ELEVATION-3
100
AcDbLine
 10
-35.0
 20
0.0
 30
0.0
 11
-1165.0
 21
0.0
 31
0.0
  0
LINE
  5
A4
330
97
100
AcDbEntity
  8
LN-ELEVATION-3
100
AcDbLine
 10
-1165.0
 20
6.0
 30
0.0
 11
-35.0
 21
6.0
 31
0.0
  0
LINE
  5
A5
330
97
100
AcDbEntity
  8
LN-ELEVATION-3
100
AcDbLine
 10
-1182.0
 20
250.0
 30
0.0
 11
-18.0
 21
250.0
 31
0.0
  0
LWPOLYLINE
  5
A6
330
97
100
AcDbEntity
  8
LN-ELEVATION-3
100
AcDbPolyline
 90
4
 70
1
 10
-1165.000000000465
 20
226.0
 10
-35.0
 20
226.0
 10
-35.0
 20
18.0
 10
-1165.000000000465
 20
18.0
  0
LWPOLYLINE
  5
A7
330
97
100
AcDbEntity
  8
LN-ELEVATION-3
100
AcDbPolyline
 90
4
 70
1
 10
-1165.000000000465
 20
226.0
 10
-983.3333333334886
 20
226.0
 10
-983.3333333334886
 20
162.0
 10
-1165.000000000465
 20
162.0
  0
LWPOLYLINE
  5
A8
330
97
100
AcDbEntity
  8
LN-ELEVATION-3
100
AcDbPolyline
 90
4
 70
1
 10
-975.3333333334886
 20
226.0
 10
-793.6666666665114
 20
226.0
 10
-793.6666666665114
 20
162.0
 10
-975.3333333334886
 20
162.0
  0
LWPOLYLINE
  5
A9
330
97
100
AcDbEntity
  8
LN-ELEVATION-3
100
AcDbPolyline
 90
4
 70
1
 10
-975.3333333334886
 20
154.0
 10
-793.6666666665114
 20
154.0
 10
-793.6666666665114
 20
90.0
 10
-975.3333333334886
 20
90.0
  0
LWPOLYLINE
  5
AA
330
97
100
AcDbEntity
  8
LN-ELEVATION-3
100
AcDbPolyline
 90
4
 70
1
 10
-1165.000000000465
 20
90.0
 10
-983.3333333334886
 20
90.0
 10
-983.3333333334886
 20
154.0
 10
-1165.000000000465
 20
154.0
  0
LWPOLYLINE
  5
AB
330
97
100
AcDbEntity
  8
LN-ELEVATION-3
100
AcDbPolyline
 90
4
 70
1
 10
-1165.000000000465
 20
82.0
 10
-983.3333333334886
 20
82.0
 10
-983.3333333334886
 20
18.0
 10
-1165.000000000465
 20
18.0
  0
LWPOLYLINE
  5
AC
330
97
100
AcDbEntity
  8
LN-ELEVATION-3
100
AcDbPolyline
 90
4
 70
1
 10
-975.3333333334886
 20
82.0
 10
-793.6666666665114
 20
82.0
 10
-793.6666666665114
 20
18.0
 10
-975.3333333334886
 20
18.0
  0
LWPOLYLINE
  5
AD
330
97
100
AcDbEntity
  8
LN-ELEVATION-3
100
AcDbPolyline
 90
4
 70
1
 10
-785.6666666665114
 20
226.0
 10
-603.9999999995343
 20
226.0
 10
-603.9999999995343
 20
162.0
 10
-785.6666666665114
 20
162.0
  0
LWPOLYLINE
  5
AE
330
97
100
AcDbEntity
  8
LN-ELEVATION-3
100
AcDbPolyline
 90
4
 70
1
 10
-785.6666666665114
 20
154.0
 10
-603.9999999995343
 20
154.0
 10
-603.9999999995343
 20
90.0
 10
-785.6666666665114
 20
90.0
  0
LWPOLYLINE
  5
AF
330
97
100
AcDbEntity
  8
LN-ELEVATION-3
100
AcDbPolyline
 90
4
 70
1
 10
-785.6666666665114
 20
82.0
 10
-603.9999999995343
 20
82.0
 10
-603.9999999995343
 20
18.0
 10
-785.6666666665114
 20
18.0
  0
LWPOLYLINE
  5
B0
330
97
100
AcDbEntity
  8
LN-ELEVATION-3
100
AcDbPolyline
 90
4
 70
1
 10
-595.9999999995343
 20
226.0
 10
-414.3333333325572
 20
226.0
 10
-414.3333333325572
 20
162.0
 10
-595.9999999995343
 20
162.0
  0
LWPOLYLINE
  5
B1
330
97
100
AcDbEntity
  8
LN-ELEVATION-3
100
AcDbPolyline
 90
4
 70
1
 10
-595.9999999995343
 20
154.0
 10
-414.3333333325572
 20
154.0
 10
-414.3333333325572
 20
90.0
 10
-595.9999999995343
 20
90.0
  0
LWPOLYLINE
  5
B2
330
97
100
AcDbEntity
  8
LN-ELEVATION-3
100
AcDbPolyline
 90
4
 70
1
 10
-595.9999999995343
 20
82.0
 10
-414.3333333325572
 20
82.0
 10
-414.3333333325572
 20
18.0
 10
-595.9999999995343
 20
18.0
  0
LWPOLYLINE
  5
B3
330
97
100
AcDbEntity
  8
LN-ELEVATION-3
100
AcDbPolyline
 90
4
 70
1
 10
-406.3333333325572
 20
226.0
 10
-224.6666666655801
 20
226.0
 10
-224.6666666655801
 20
162.0
 10
-406.3333333325572
 20
162.0
  0
LWPOLYLINE
  5
B4
330
97
100
AcDbEntity
  8
LN-ELEVATION-3
100
AcDbPolyline
 90
4
 70
1
 10
-406.3333333325572
 20
154.0
 10
-224.6666666655801
 20
154.0
 10
-224.6666666655801
 20
90.0
 10
-406.3333333325572
 20
90.0
  0
LWPOLYLINE
  5
B5
330
97
100
AcDbEntity
  8
LN-ELEVATION-3
100
AcDbPolyline
 90
4
 70
1
 10
-406.3333333325572
 20
82.0
 10
-224.6666666655801
 20
82.0
 10
-224.6666666655801
 20
18.0
 10
-406.3333333325572
 20
18.0
  0
LWPOLYLINE
  5
B6
330
97
100
AcDbEntity
  8
LN-ELEVATION-3
100
AcDbPolyline
 90
4
 70
1
 10
-216.6666666655801
 20
226.0
 10
-34.99999999860302
 20
226.0
 10
-34.99999999860302
 20
162.0
 10
-216.6666666655801
 20
162.0
  0
LWPOLYLINE
  5
B7
330
97
100
AcDbEntity
  8
LN-ELEVATION-3
100
AcDbPolyline
 90
4
 70
1
 10
-216.6666666655801
 20
154.0
 10
-34.99999999860302
 20
154.0
 10
-34.99999999860302
 20
90.0
 10
-216.6666666655801
 20
90.0
  0
LWPOLYLINE
  5
B8
330
97
100
AcDbEntity
  8
LN-ELEVATION-3
100
AcDbPolyline
 90
4
 70
1
 10
-216.6666666655801
 20
82.0
 10
-34.99999999860302
 20
82.0
 10
-34.99999999860302
 20
18.0
 10
-216.6666666655801
 20
18.0
  0
ENDBLK
  5
99
330
97
100
AcDbEntity
  8
0
100
AcDbBlockEnd
  0
BLOCK
  5
BA
330
B9
100
AcDbEntity
  8
0
100
AcDbBlockBegin
  2
rtf
 70
0
 10
0.0
 20
0.0
 30
0.0
  3
rtf
  1

  0
ARC
  5
BC
330
B9
100
AcDbEntity
  8
0
  6
ByBlock
 62
0
100
AcDbCircle
 10
16412.5253540573
 20
-172805.1007600746
 30
0.0
 40
17.5
100
AcDbArc
 50
21.05058810897431
 51
340.9421780194656
  0
LINE
  5
BD
330
B9
100
AcDbEntity
  8
0
  6
ByBlock
 62
0
100
AcDbLine
 10
16412.5253540573
 20
-172798.8148984113
 30
0.0
 11
16452.40026456733
 21
-172798.8148984113
 31
0.0
  0
LINE
  5
BE
330
B9
100
AcDbEntity
  8
0
  6
ByBlock
 62
0
100
AcDbLine
 10
16412.5253540573
 20
-172810.8148984113
 30
0.0
 11
16452.40026456733
 21
-172810.8148984113
 31
0.0
  0
LINE
  5
BF
330
B9
100
AcDbEntity
  8
0
  6
ByBlock
 62
0
100
AcDbLine
 10
16412.5253540573
 20
-172810.8148984113
 30
0.0
 11
16412.5253540573
 21
-172798.8148984113
 31
0.0
  0
ARC
  5
C0
330
B9
100
AcDbEntity
  8
0
  6
ByBlock
 62
0
100
AcDbCircle
 10
16444.53660690578
 20
-172804.8148984114
 30
0.0
 40
9.891264419597855
100
AcDbArc
 50
322.656233941354
 51
37.34376605891414
  0
LINE
  5
C1
330
B9
100
AcDbEntity
  8
0
  6
ByBlock
 62
0
100
AcDbLine
 10
16425.26329468148
 20
-172793.1007600746
 30
0.0
 11
16535.26329468148
 21
-172793.1007600746
 31
0.0
  0
LINE
  5
C2
330
B9
100
AcDbEntity
  8
0
  6
ByBlock
 62
0
100
AcDbLine
 10
16425.26329468148
 20
-172817.1007600746
 30
0.0
 11
16535.26329468148
 21
-172817.1007600746
 31
0.0
  0
LINE
  5
C3
330
B9
100
AcDbEntity
  8
0
  6
ByBlock
 62
0
100
AcDbLine
 10
16535.26329468148
 20
-172793.1007600746
 30
0.0
 11
16535.26329468148
 21
-172817.1007600746
 31
0.0
  0
ENDBLK
  5
BB
330
B9
100
AcDbEntity
  8
0
100
AcDbBlockEnd
  0
BLOCK
  5
C5
330
C4
100
AcDbEntity
  8
0
100
AcDbBlockBegin
  2
dsg
 70
0
 10
0.0
 20
0.0
 30
0.0
  3
dsg
  1

  0
CIRCLE
  5
C7
330
C4
100
AcDbEntity
  8
0
  6
ByBlock
 62
0
100
AcDbCircle
 10
11491.5035008227
 20
-171102.5847399924
 30
0.0
 40
155.0
  0
CIRCLE
  5
C8
330
C4
100
AcDbEntity
  8
0
  6
ByBlock
 62
0
100
AcDbCircle
 10
11491.5035008227
 20
-171102.5847399924
 30
0.0
 40
143.0
  0
CIRCLE
  5
C9
330
C4
100
AcDbEntity
  8
0
  6
ByBlock
 62
0
100
AcDbCircle
 10
11491.5035008227
 20
-171102.5847399924
 30
0.0
 40
25.0
  0
INSERT
  5
CA
330
C4
100
AcDbEntity
  8
0
  6
ByBlock
 62
0
100
AcDbBlockReference
  2
rtf
 10
-5117.472106590168
 20
1702.9323767405
 30
0.0
  0
CIRCLE
  5
CC
330
C4
100
AcDbEntity
  8
0
  6
ByBlock
 62
0
100
AcDbCircle
 10
11491.5035008227
 20
-171102.5847399924
 30
0.0
 40
20.0
  0
ENDBLK
  5
C6
330
C4
100
AcDbEntity
  8
0
100
AcDbBlockEnd
  0
BLOCK
  5
CE
330
CD
100
AcDbEntity
  8
0
100
AcDbBlockBegin
  2
blu zero rack details
 70
0
 10
0.0
 20
0.0
 30
0.0
  3
blu zero rack details
  1

  0
LWPOLYLINE
  5
D0
330
CD
100
AcDbEntity
  8
LENS_FURNITURE
 62
1
100
AcDbPolyline
 90
4
 70
1
 10
86106.6987006863
 20
120883.4167564928
 10
86106.6987006863
 20
120433.4167564928
 10
86056.69870068632
 20
120433.4167564928
 10
86056.69870068632
 20
120883.4167564928
  0
LWPOLYLINE
  5
D1
330
CD
100
AcDbEntity
  8
LENS_FURNITURE
 62
1
100
AcDbPolyline
 90
4
 70
1
 10
86206.6987006863
 20
120883.4167564928
 10
86206.6987006863
 20
120433.4167564928
 10
85906.69870068632
 20
120433.4167564928
 10
85906.69870068632
 20
120883.4167564928
  0
LWPOLYLINE
  5
D2
330
CD
100
AcDbEntity
  8
LENS_FURNITURE
  6
D10_DASHED
 62
1
100
AcDbPolyline
 90
4
 70
1
 10
86085.69870068633
 20
120858.4167564928
 10
86085.69870068633
 20
120458.4167564928
 10
86077.6987006863
 20
120458.4167564928
 10
86077.6987006863
 20
120858.4167564928
  0
ENDBLK
  5
CF
330
CD
100
AcDbEntity
  8
0
100
AcDbBlockEnd
  0
BLOCK
  5
D4
330
D3
100
AcDbEntity
  8
0
100
AcDbBlockBegin
  2
DFGHTHRTWE
 70
0
 10
0.0
 20
0.0
 30
0.0
  3
DFGHTHRTWE
  1

  0
LWPOLYLINE
  5
D6
330
D3
100
AcDbEntity
  8
LN-ELEVATION-1
100
AcDbPolyline
 90
8
 70
1
 10
130.0
 20
-225.0
 10
-130.0
 20
-225.0
 10
-150.0
 20
-205.0
 10
-150.0
 20
55.0
 10
-130.0
 20
75.0
 10
130.0
 20
75.0
 10
150.0
 20
55.0
 10
150.0
 20
-205.0
  0
LWPOLYLINE
  5
D7
330
D3
100
AcDbEntity
  8
LN-ELEVATION-3
  6
ACAD_ISO03W100
100
AcDbPolyline
 90
4
 70
1
 10
100.0
 20
-175.0
 10
-100.0
 20
-175.0
 10
-100.0
 20
25.0
 10
100.0
 20
25.0
  0
LWPOLYLINE
  5
D8
330
D3
100
AcDbEntity
  8
LN-ELEVATION-3
  6
ACAD_ISO03W100
100
AcDbPolyline
 90
4
 70
1
 10
75.0
 20
-150.0
 10
-75.0
 20
-150.0
 10
-75.0
 20
0.0
 10
75.0
 20
0.0
  0
LWPOLYLINE
  5
D9
330
D3
100
AcDbEntity
  8
LN-ELEVATION-3
  6
ACAD_ISO03W100
100
AcDbPolyline
 90
4
 70
0
 10
132.2008663183078
 20
74.87853584764525
 10
124.696699141059
 20
67.3743686703965
 10
142.3743686708621
 20
49.69669914105907
 10
149.8785358476452
 20
57.20086631807498
  0
LWPOLYLINE
  5
DA
330
D3
100
AcDbEntity
  8
LN-ELEVATION-5
100
AcDbPolyline
 90
4
 70
0
 10
149.8785358476452
 20
57.20086631807498
 10
160.0520382001995
 20
67.37436867062934
 10
142.3743686708621
 20
85.05203819996677
 10
132.2008663183078
 20
74.87853584787806
  0
LWPOLYLINE
  5
DB
330
D3
100
AcDbEntity
  8
LN-ELEVATION-3
  6
ACAD_ISO03W100
100
AcDbPolyline
 90
4
 70
0
 10
-132.2008663183078
 20
74.87853584764525
 10
-124.696699141059
 20
67.3743686703965
 10
-142.3743686708621
 20
49.69669914105907
 10
-149.8785358476452
 20
57.20086631807498
  0
LWPOLYLINE
  5
DC
330
D3
100
AcDbEntity
  8
LN-ELEVATION-5
100
AcDbPolyline
 90
4
 70
0
 10
-149.8785358476452
 20
57.20086631807498
 10
-160.0520382001995
 20
67.37436867062934
 10
-142.3743686708621
 20
85.05203819996677
 10
-132.2008663183078
 20
74.87853584787806
  0
LWPOLYLINE
  5
DD
330
D3
100
AcDbEntity
  8
LN-ELEVATION-3
  6
ACAD_ISO03W100
100
AcDbPolyline
 90
4
 70
0
 10
132.2008663183078
 20
-224.8785358476453
 10
124.696699141059
 20
-217.3743686703965
 10
142.3743686708621
 20
-199.6966991410591
 10
149.8785358476452
 20
-207.200866318075
  0
LWPOLYLINE
  5
DE
330
D3
100
AcDbEntity
  8
LN-ELEVATION-5
100
AcDbPolyline
 90
4
 70
0
 10
149.8785358476452
 20
-207.200866318075
 10
160.0520382001995
 20
-217.3743686706294
 10
142.3743686708621
 20
-235.0520381999668
 10
132.2008663183078
 20
-224.8785358478781
  0
LWPOLYLINE
  5
DF
330
D3
100
AcDbEntity
  8
LN-ELEVATION-5
100
AcDbPolyline
 90
4
 70
0
 10
-149.8785358476452
 20
-207.200866318075
 10
-160.0520382001995
 20
-217.3743686706294
 10
-142.3743686708621
 20
-235.0520381999668
 10
-132.2008663183078
 20
-224.8785358478781
  0
LWPOLYLINE
  5
E0
330
D3
100
AcDbEntity
  8
LN-ELEVATION-3
  6
ACAD_ISO03W100
100
AcDbPolyline
 90
4
 70
0
 10
-132.2008663183078
 20
-224.8785358476453
 10
-124.696699141059
 20
-217.3743686703965
 10
-142.3743686708621
 20
-199.6966991410591
 10
-149.8785358476452
 20
-207.200866318075
  0
LINE
  5
E1
330
D3
100
AcDbEntity
  8
LN-ELEVATION-3
  6
ACAD_ISO03W100
100
AcDbLine
 10
82.3223304701969
 20
25.0
 30
0.0
 11
124.6966991401277
 21
67.374368671095
 31
0.0
  0
LINE
  5
E2
330
D3
100
AcDbEntity
  8
LN-ELEVATION-3
  6
ACAD_ISO03W100
100
AcDbLine
 10
100.0
 20
7.322330470196902
 30
0.0
 11
142.3743686703965
 21
49.69669914152472
 31
0.0
  0
LINE
  5
E3
330
D3
100
AcDbEntity
  8
LN-ELEVATION-3
  6
ACAD_ISO03W100
100
AcDbLine
 10
-82.3223304701969
 20
25.0
 30
0.0
 11
-124.6966991401277
 21
67.374368671095
 31
0.0
  0
LINE
  5
E4
330
D3
100
AcDbEntity
  8
LN-ELEVATION-3
  6
ACAD_ISO03W100
100
AcDbLine
 10
-100.0
 20
7.322330470196902
 30
0.0
 11
-142.3743686703965
 21
49.69669914152472
 31
0.0
  0
LINE
  5
E5
330
D3
100
AcDbEntity
  8
LN-ELEVATION-3
  6
ACAD_ISO03W100
100
AcDbLine
 10
82.3223304701969
 20
-175.0
 30
0.0
 11
124.6966991401277
 21
-217.374368671095
 31
0.0
  0
LINE
  5
E6
330
D3
100
AcDbEntity
  8
LN-ELEVATION-3
  6
ACAD_ISO03W100
100
AcDbLine
 10
100.0
 20
-157.3223304701969
 30
0.0
 11
142.3743686703965
 21
-199.6966991415247
 31
0.0
  0
LINE
  5
E7
330
D3
100
AcDbEntity
  8
LN-ELEVATION-3
  6
ACAD_ISO03W100
100
AcDbLine
 10
-82.3223304701969
 20
-175.0
 30
0.0
 11
-124.6966991401277
 21
-217.374368671095
 31
0.0
  0
LINE
  5
E8
330
D3
100
AcDbEntity
  8
LN-ELEVATION-3
  6
ACAD_ISO03W100
100
AcDbLine
 10
-100.0
 20
-157.3223304701969
 30
0.0
 11
-142.3743686703965
 21
-199.6966991415247
 31
0.0
  0
LINE
  5
E9
330
D3
100
AcDbEntity
  8
LN-ELEVATION-3
  6
ACAD_ISO03W100
100
AcDbLine
 10
142.3743686708621
 20
-199.6966991410591
 30
0.0
 11
142.3743686708621
 21
49.69669914105907
 31
0.0
  0
LINE
  5
EA
330
D3
100
AcDbEntity
  8
LN-ELEVATION-3
  6
ACAD_ISO03W100
100
AcDbLine
 10
117.3743686703965
 20
-174.6966991408262
 30
0.0
 11
117.3743686703965
 21
24.69669914152473
 31
0.0
  0
LINE
  5
EB
330
D3
100
AcDbEntity
  8
LN-ELEVATION-3
  6
ACAD_ISO03W100
100
AcDbLine
 10
124.696699141059
 20
67.3743686703965
 30
0.0
 11
-124.6966991401277
 21
67.374368671095
 31
0.0
  0
LINE
  5
EC
330
D3
100
AcDbEntity
  8
LN-ELEVATION-3
  6
ACAD_ISO03W100
100
AcDbLine
 10
99.69669914059341
 20
42.3743686703965
 30
0.0
 11
-99.69669913966207
 21
42.374368671095
 31
0.0
  0
LINE
  5
ED
330
D3
100
AcDbEntity
  8
LN-ELEVATION-3
  6
ACAD_ISO03W100
100
AcDbLine
 10
124.696699141059
 20
-217.3743686703965
 30
0.0
 11
-124.6966991401277
 21
-217.374368671095
 31
0.0
  0
LINE
  5
EE
330
D3
100
AcDbEntity
  8
LN-ELEVATION-3
  6
ACAD_ISO03W100
100
AcDbLine
 10
99.69669914059341
 20
-192.3743686703965
 30
0.0
 11
-99.69669913966207
 21
-192.374368671095
 31
0.0
  0
LINE
  5
EF
330
D3
100
AcDbEntity
  8
LN-ELEVATION-3
  6
ACAD_ISO03W100
100
AcDbLine
 10
-142.3743686708621
 20
-199.6966991410591
 30
0.0
 11
-142.3743686708621
 21
49.69669914105907
 31
0.0
  0
LINE
  5
F0
330
D3
100
AcDbEntity
  8
LN-ELEVATION-3
  6
ACAD_ISO03W100
100
AcDbLine
 10
-117.3743686703965
 20
-174.6966991408262
 30
0.0
 11
-117.3743686703965
 21
24.69669914152473
 31
0.0
  0
ENDBLK
  5
D5
330
D3
100
AcDbEntity
  8
0
100
AcDbBlockEnd
  0
BLOCK
  5
F2
330
F1
100
AcDbEntity
  8
0
100
AcDbBlockBegin
  2
1010MM VC PLAN
 70
0
 10
0.0
 20
0.0
 30
0.0
  3
1010MM VC PLAN
  1

  0
HATCH
  5
F4
330
F1
100
AcDbEntity
  8
LN-HATCH
 62
7
100
AcDbHatch
 10
0.0
 20
0.0
 30
0.0
210
0.0
220
0.0
230
1.0
  2
ANSI31
 70
0
 71
0
 91
0
 75
0
 76
1
 98
0
  0
HATCH
  5
F5
330
F1
100
AcDbEntity
  8
LN-HATCH
 62
7
100
AcDbHatch
 10
0.0
 20
0.0
 30
0.0
210
0.0
220
0.0
230
1.0
  2
ANSI31
 70
0
 71
0
 91
0
 75
0
 76
1
 98
0
  0
HATCH
  5
F6
330
F1
100
AcDbEntity
  8
LN-HATCH
 62
7
100
AcDbHatch
 10
0.0
 20
0.0
 30
0.0
210
0.0
220
0.0
230
1.0
  2
ANSI31
 70
0
 71
0
 91
0
 75
0
 76
1
 98
0
  0
HATCH
  5
F7
330
F1
100
AcDbEntity
  8
LN-HATCH
 62
7
100
AcDbHatch
 10
0.0
 20
0.0
 30
0.0
210
0.0
220
0.0
230
1.0
  2
ANSI31
 70
0
 71
0
 91
0
 75
0
 76
1
 98
0
  0
LWPOLYLINE
  5
F8
330
F1
100
AcDbEntity
  8
LN-ELEVATION-1
100
AcDbPolyline
 90
8
 70
1
 10
-505.166666666977
 20
24.0
 10
-505.166666666977
 20
-166.0
 10
-499.1666666669771
 20
-166.0
 10
-499.1666666669771
 20
-176.0
 10
-505.166666666977
 20
-176.0
 10
-505.166666666977
 20
-220.0
 10
-487.1666666669772
 20
-220.0
 10
-487.1666666669772
 20
24.0
  0
LWPOLYLINE
  5
F9
330
F1
100
AcDbEntity
  8
LN-ELEVATION-1
100
AcDbPolyline
 90
8
 70
1
 10
504.8333333330228
 20
24.0
 10
504.8333333330228
 20
-166.0
 10
498.8333333330228
 20
-166.0
 10
498.8333333330228
 20
-176.0
 10
504.8333333330228
 20
-176.0
 10
504.8333333330228
 20
-220.0
 10
486.8333333330228
 20
-220.0
 10
486.8333333330228
 20
24.0
  0
LWPOLYLINE
  5
FA
330
F1
100
AcDbEntity
  8
LN-ELEVATION-1
100
AcDbPolyline
 90
4
 70
1
 10
486.8333333330228
 20
12.0
 10
-487.1666666669772
 20
12.0
 10
-487.1666666669772
 20
18.0
 10
486.8333333330228
 20
18.0
  0
LWPOLYLINE
  5
FB
330
F1
100
AcDbEntity
  8
LN-ELEVATION-1
100
AcDbPolyline
 90
4
 70
1
 10
-470.1666666669772
 20
-220.0
 10
-470.1666666669772
 20
-226.0
 10
-505.166666666977
 20
-226.0
 10
-505.166666666977
 20
-220.0
  0
LWPOLYLINE
  5
FC
330
F1
100
AcDbEntity
  8
LN-ELEVATION-1
100
AcDbPolyline
 90
4
 70
1
 10
469.8333333330228
 20
-220.0
 10
469.8333333330228
 20
-226.0
 10
504.8333333330228
 20
-226.0
 10
504.8333333330228
 20
-220.0
  0
LINE
  5
FD
330
F1
100
AcDbEntity
  8
LN-ELEVATION-3
100
AcDbLine
 10
469.8333333330228
 20
-226.0
 30
0.0
 11
-470.1666666669772
 21
-226.0
 31
0.0
  0
LINE
  5
FE
330
F1
100
AcDbEntity
  8
LN-ELEVATION-3
100
AcDbLine
 10
-470.1666666669772
 20
-220.0
 30
0.0
 11
469.8333333330228
 21
-220.0
 31
0.0
  0
LINE
  5
FF
330
F1
100
AcDbEntity
  8
LN-ELEVATION-3
100
AcDbLine
 10
-487.1666666669772
 20
24.0
 30
0.0
 11
486.8333333330228
 21
24.0
 31
0.0
  0
LWPOLYLINE
  5
100
330
F1
100
AcDbEntity
  8
LN-ELEVATION-3
100
AcDbPolyline
 90
4
 70
1
 10
-470.1666666674428
 20
0.0
 10
-288.5000000004657
 20
0.0
 10
-288.5000000004657
 20
-64.0
 10
-470.1666666674428
 20
-64.0
  0
LWPOLYLINE
  5
101
330
F1
100
AcDbEntity
  8
LN-ELEVATION-3
100
AcDbPolyline
 90
4
 70
1
 10
-280.5000000004657
 20
0.0
 10
-98.83333333348855
 20
0.0
 10
-98.83333333348855
 20
-64.0
 10
-280.5000000004657
 20
-64.0
  0
LWPOLYLINE
  5
102
330
F1
100
AcDbEntity
  8
LN-ELEVATION-3
100
AcDbPolyline
 90
4
 70
1
 10
-280.5000000004657
 20
-72.0
 10
-98.83333333348855
 20
-72.0
 10
-98.83333333348855
 20
-136.0
 10
-280.5000000004657
 20
-136.0
  0
LWPOLYLINE
  5
103
330
F1
100
AcDbEntity
  8
LN-ELEVATION-3
100
AcDbPolyline
 90
4
 70
1
 10
-470.1666666674428
 20
-136.0
 10
-288.5000000004657
 20
-136.0
 10
-288.5000000004657
 20
-72.0
 10
-470.1666666674428
 20
-72.0
  0
LWPOLYLINE
  5
104
330
F1
100
AcDbEntity
  8
LN-ELEVATION-3
100
AcDbPolyline
 90
4
 70
1
 10
-470.1666666674428
 20
-144.0
 10
-288.5000000004657
 20
-144.0
 10
-288.5000000004657
 20
-208.0
 10
-470.1666666674428
 20
-208.0
  0
LWPOLYLINE
  5
105
330
F1
100
AcDbEntity
  8
LN-ELEVATION-3
100
AcDbPolyline
 90
4
 70
1
 10
-280.5000000004657
 20
-144.0
 10
-98.83333333348855
 20
-144.0
 10
-98.83333333348855
 20
-208.0
 10
-280.5000000004657
 20
-208.0
  0
LWPOLYLINE
  5
106
330
F1
100
AcDbEntity
  8
LN-ELEVATION-3
100
AcDbPolyline
 90
4
 70
1
 10
-90.83333333348855
 20
0.0
 10
90.83333333348855
 20
0.0
 10
90.83333333348855
 20
-64.0
 10
-90.83333333348855
 20
-64.0
  0
LWPOLYLINE
  5
107
330
F1
100
AcDbEntity
  8
LN-ELEVATION-3
100
AcDbPolyline
 90
4
 70
1
 10
-90.83333333348855
 20
-72.0
 10
90.83333333348855
 20
-72.0
 10
90.83333333348855
 20
-136.0
 10
-90.83333333348855
 20
-136.0
  0
LWPOLYLINE
  5
108
330
F1
100
AcDbEntity
  8
LN-ELEVATION-3
100
AcDbPolyline
 90
4
 70
1
 10
-90.83333333348855
 20
-144.0
 10
90.83333333348855
 20
-144.0
 10
90.83333333348855
 20
-208.0
 10
-90.83333333348855
 20
-208.0
  0
LWPOLYLINE
  5
109
330
F1
100
AcDbEntity
  8
LN-ELEVATION-3
100
AcDbPolyline
 90
4
 70
1
 10
98.83333333348855
 20
0.0
 10
280.5000000004657
 20
0.0
 10
280.5000000004657
 20
-64.0
 10
98.83333333348855
 20
-64.0
  0
LWPOLYLINE
  5
10A
330
F1
100
AcDbEntity
  8
LN-ELEVATION-3
100
AcDbPolyline
 90
4
 70
1
 10
98.83333333348855
 20
-72.0
 10
280.5000000004657
 20
-72.0
 10
280.5000000004657
 20
-136.0
 10
98.83333333348855
 20
-136.0
  0
LWPOLYLINE
  5
10B
330
F1
100
AcDbEntity
  8
LN-ELEVATION-3
100
AcDbPolyline
 90
4
 70
1
 10
98.83333333348855
 20
-144.0
 10
280.5000000004657
 20
-144.0
 10
280.5000000004657
 20
-208.0
 10
98.83333333348855
 20
-208.0
  0
LWPOLYLINE
  5
10C
330
F1
100
AcDbEntity
  8
LN-ELEVATION-3
100
AcDbPolyline
 90
4
 70
1
 10
288.5000000004657
 20
0.0
 10
470.1666666674428
 20
0.0
 10
470.1666666674428
 20
-64.0
 10
288.5000000004657
 20
-64.0
  0
LWPOLYLINE
  5
10D
330
F1
100
AcDbEntity
  8
LN-ELEVATION-3
100
AcDbPolyline
 90
4
 70
1
 10
288.5000000004657
 20
-72.0
 10
470.1666666674428
 20
-72.0
 10
470.1666666674428
 20
-136.0
 10
288.5000000004657
 20
-136.0
  0
LWPOLYLINE
  5
10E
330
F1
100
AcDbEntity
  8
LN-ELEVATION-3
100
AcDbPolyline
 90
4
 70
1
 10
288.5000000004657
 20
-144.0
 10
470.1666666674428
 20
-144.0
 10
470.1666666674428
 20
-208.0
 10
288.5000000004657
 20
-208.0
  0
LWPOLYLINE
  5
10F
330
F1
100
AcDbEntity
  8
LN-ELEVATION-2
100
AcDbPolyline
 90
4
 70
1
 10
470.1666666674428
 20
0.0
 10
-470.1666666674428
 20
0.0
 10
-470.1666666674428
 20
-208.0
 10
470.1666666674428
 20
-208.0
  0
ENDBLK
  5
F3
330
F1
100
AcDbEntity
  8
0
100
AcDbBlockEnd
  0
BLOCK
  5
111
330
110
100
AcDbEntity
  8
0
100
AcDbBlockBegin
  2
dfbdfhq
 70
0
 10
0.0
 20
0.0
 30
0.0
  3
dfbdfhq
  1

  0
HATCH
  5
113
330
110
100
AcDbEntity
  8
LN-HATCH
 62
7
100
AcDbHatch
 10
0.0
 20
0.0
 30
0.0
210
0.0
220
0.0
230
1.0
  2
ANSI31
 70
0
 71
0
 91
0
 75
0
 76
1
 98
0
  0
HATCH
  5
114
330
110
100
AcDbEntity
  8
LN-HATCH
 62
7
100
AcDbHatch
 10
0.0
 20
0.0
 30
0.0
210
0.0
220
0.0
230
1.0
  2
ANSI31
 70
0
 71
0
 91
0
 75
0
 76
1
 98
0
  0
HATCH
  5
115
330
110
100
AcDbEntity
  8
LN-HATCH
 62
7
100
AcDbHatch
 10
0.0
 20
0.0
 30
0.0
210
0.0
220
0.0
230
1.0
  2
ANSI31
 70
0
 71
0
 91
0
 75
0
 76
1
 98
0
  0
HATCH
  5
116
330
110
100
AcDbEntity
  8
LN-HATCH
 62
7
100
AcDbHatch
 10
0.0
 20
0.0
 30
0.0
210
0.0
220
0.0
230
1.0
  2
ANSI31
 70
0
 71
0
 91
0
 75
0
 76
1
 98
0
  0
HATCH
  5
117
330
110
100
AcDbEntity
  8
LN-HATCH
 62
7
100
AcDbHatch
 10
0.0
 20
0.0
 30
0.0
210
0.0
220
0.0
230
1.0
  2
ANSI31
 70
0
 71
0
 91
0
 75
0
 76
1
 98
0
  0
LWPOLYLINE
  5
118
330
110
100
AcDbEntity
  8
LN-ELEVATION-1
100
AcDbPolyline
 90
8
 70
1
 10
-911.7948143622632
 20
1.45519e-11
 10
-911.7948143622632
 20
-189.9999999999854
 10
-905.7948143622637
 20
-189.9999999999854
 10
-905.7948143622637
 20
-199.9999999999854
 10
-911.7948143622632
 20
-199.9999999999854
 10
-911.7948143622632
 20
-243.9999999999855
 10
-886.7948143622632
 20
-243.9999999999855
 10
-886.7948143622632
 20
1.45519e-11
  0
LWPOLYLINE
  5
119
330
110
100
AcDbEntity
  8
LN-ELEVATION-1
100
AcDbPolyline
 90
8
 70
1
 10
-11.79481436226342
 20
1.45519e-11
 10
-11.79481436226342
 20
-189.9999999999854
 10
-17.79481436226342
 20
-189.9999999999854
 10
-17.79481436226342
 20
-199.9999999999854
 10
-11.79481436226342
 20
-199.9999999999854
 10
-11.79481436226342
 20
-243.9999999999855
 10
-36.79481436226343
 20
-243.9999999999855
 10
-36.79481436226343
 20
1.45519e-11
  0
LWPOLYLINE
  5
11A
330
110
100
AcDbEntity
  8
LN-ELEVATION-1
100
AcDbPolyline
 90
4
 70
1
 10
-36.79481436226343
 20
-39.99999999998546
 10
-886.7948143622632
 20
-39.99999999998546
 10
-886.7948143622632
 20
-33.99999999998545
 10
-36.79481436226343
 20
-33.99999999998545
  0
LWPOLYLINE
  5
11B
330
110
100
AcDbEntity
  8
LN-ELEVATION-1
100
AcDbPolyline
 90
4
 70
1
 10
-876.7948143622632
 20
-243.9999999999855
 10
-876.7948143622632
 20
-249.9999999999854
 10
-911.7948143622632
 20
-249.9999999999854
 10
-911.7948143622632
 20
-243.9999999999855
  0
LWPOLYLINE
  5
11C
330
110
100
AcDbEntity
  8
LN-ELEVATION-1
100
AcDbPolyline
 90
4
 70
1
 10
-46.79481436226342
 20
-243.9999999999855
 10
-46.79481436226342
 20
-249.9999999999854
 10
-11.79481436226342
 20
-249.9999999999854
 10
-11.79481436226342
 20
-243.9999999999855
  0
LINE
  5
11D
330
110
100
AcDbEntity
  8
LN-ELEVATION-3
100
AcDbLine
 10
-46.79481436226342
 20
-249.9999999999854
 30
0.0
 11
-876.7948143622632
 21
-249.9999999999854
 31
0.0
  0
LINE
  5
11E
330
110
100
AcDbEntity
  8
LN-ELEVATION-3
100
AcDbLine
 10
-876.7948143622632
 20
-243.9999999999855
 30
0.0
 11
-46.79481436226342
 21
-243.9999999999855
 31
0.0
  0
LWPOLYLINE
  5
11F
330
110
100
AcDbEntity
  8
LN-ELEVATION-4
  6
ACAD_ISO03W100
100
AcDbPolyline
 90
4
 70
1
 10
-886.7948143622632
 20
-219.9999999999854
 10
-36.79481436226343
 20
-219.9999999999854
 10
-36.79481436226343
 20
-231.9999999999855
 10
-886.7948143622632
 20
-231.9999999999855
  0
LINE
  5
120
330
110
100
AcDbEntity
  8
LN-ELEVATION-3
100
AcDbLine
 10
-886.7948143622632
 20
1.45519e-11
 30
0.0
 11
-36.79481436226343
 21
1.45519e-11
 31
0.0
  0
ENDBLK
  5
112
330
110
100
AcDbEntity
  8
0
100
AcDbBlockEnd
  0
BLOCK
  5
122
330
121
100
AcDbEntity
  8
0
100
AcDbBlockBegin
  2
55 DER4
 70
0
 10
0.0
 20
0.0
 30
0.0
  3
55 DER4
  1

  0
LWPOLYLINE
  5
124
330
121
100
AcDbEntity
  8
TV
100
AcDbPolyline
 90
4
 70
1
 10
2111627.20517066
 20
1134562.665896998
 10
2111627.205337125
 20
1134600.89927008
 10
2111665.438710206
 20
1134600.899103615
 10
2111665.438543742
 20
1134562.665730534
  0
LWPOLYLINE
  5
125
330
121
100
AcDbEntity
  8
TV
100
AcDbPolyline
 90
4
 70
1
 10
2111631.028524615
 20
1134566.48921766
 10
2111631.028657786
 20
1134597.075916125
 10
2111661.615356252
 20
1134597.075782953
 10
2111661.61522308
 20
1134566.489084489
  0
LWPOLYLINE
  5
126
330
121
100
AcDbEntity
  8
TV
100
AcDbPolyline
 90
4
 70
1
 10
2111627.204187012
 20
1135577.742804799
 10
2111627.204020548
 20
1135539.509431718
 10
2111665.437393629
 20
1135539.509265254
 10
2111665.437560093
 20
1135577.742638335
  0
LWPOLYLINE
  5
127
330
121
100
AcDbEntity
  8
TV
100
AcDbPolyline
 90
4
 70
1
 10
2111631.027507674
 20
1135573.919450845
 10
2111631.027374502
 20
1135543.33275238
 10
2111661.614072967
 20
1135543.332619208
 10
2111661.614206139
 20
1135573.919317673
  0
LINE
  5
128
330
121
100
AcDbEntity
  8
TV
100
AcDbLine
 10
2111661.615356252
 20
1134597.075782953
 30
0.0
 11
2111631.028524615
 21
1134566.48921766
 31
0.0
  0
LINE
  5
129
330
121
100
AcDbEntity
  8
TV
100
AcDbLine
 10
2111661.614072967
 20
1135543.332619208
 30
0.0
 11
2111631.027507674
 21
1135573.919450845
 31
0.0
  0
LINE
  5
12A
330
121
100
AcDbEntity
  8
TV
100
AcDbLine
 10
2111661.614206139
 20
1135573.919317673
 30
0.0
 11
2111631.027374502
 21
1135543.33275238
 31
0.0
  0
LINE
  5
12B
330
121
100
AcDbEntity
  8
TV
100
AcDbLine
 10
2111627.205367106
 20
1134610.5634114
 30
0.0
 11
2111607.679381233
 21
1134610.563496414
 31
0.0
  0
LINE
  5
12C
330
121
100
AcDbEntity
  8
TV
100
AcDbLine
 10
2111627.205367106
 20
1134610.5634114
 30
0.0
 11
2111627.205112064
 21
1134551.985453778
 31
0.0
  0
LINE
  5
12D
330
121
100
AcDbEntity
  8
TV
100
AcDbLine
 10
2111607.678233332
 20
1135587.915183341
 30
0.0
 11
2111627.204219206
 21
1135587.915098327
 31
0.0
  0
LINE
  5
12E
330
121
100
AcDbEntity
  8
TV
100
AcDbLine
 10
2111627.203964163
 20
1135529.337140705
 30
0.0
 11
2111607.67797829
 21
1135529.337225719
 31
0.0
  0
LINE
  5
12F
330
121
100
AcDbEntity
  8
TV
100
AcDbLine
 10
2111607.678786132
 20
1134473.881595297
 30
0.0
 11
2111607.67857339
 21
1135666.019126837
 31
0.0
  0
LWPOLYLINE
  5
130
330
121
100
AcDbEntity
  8
TV
100
AcDbPolyline
 90
4
 70
1
 10
2111542.593620929
 20
1135690.450644441
 10
2111558.8162113
 20
1135690.450573809
 10
2111558.8162113
 20
1134449.45057381
 10
2111542.593620929
 20
1134449.450644441
  0
LINE
  5
131
330
121
100
AcDbEntity
  8
TV
100
AcDbLine
 10
2111558.8162113
 20
1135690.450573809
 30
0.0
 11
2111583.24744553
 21
1135690.450467438
 31
0.0
  0
LINE
  5
132
330
121
100
AcDbEntity
  8
TV
100
AcDbLine
 10
2111558.8162113
 20
1134449.45057381
 30
0.0
 11
2111583.247445532
 21
1134449.450467438
 31
0.0
  0
LINE
  5
133
330
121
100
AcDbEntity
  8
TV
100
AcDbLine
 10
2111583.24744553
 20
1135690.450467438
 30
0.0
 11
2111607.67857339
 21
1135666.019126837
 31
0.0
  0
LINE
  5
134
330
121
100
AcDbEntity
  8
TV
100
AcDbLine
 10
2111583.247445532
 20
1134449.450467438
 30
0.0
 11
2111607.678786132
 21
1134473.881595297
 31
0.0
  0
LINE
  5
135
330
121
100
AcDbEntity
  8
TV
100
AcDbLine
 10
2111607.679126189
 20
1134551.985538793
 30
0.0
 11
2111627.205112064
 21
1134551.985453778
 31
0.0
  0
LINE
  5
136
330
121
100
AcDbEntity
  8
TV
100
AcDbLine
 10
2111627.204219206
 20
1135587.915098327
 30
0.0
 11
2111627.203964163
 21
1135529.337140705
 31
0.0
  0
ENDBLK
  5
123
330
121
100
AcDbEntity
  8
0
100
AcDbBlockEnd
  0
BLOCK
  5
138
330
137
100
AcDbEntity
  8
0
100
AcDbBlockBegin
  2
ffgd
 70
0
 10
0.0
 20
0.0
 30
0.0
  3
ffgd
  1

  0
LWPOLYLINE
  5
13A
330
137
100
AcDbEntity
  8
LN-ELEVATION-5
  6
ACAD_ISO03W100
100
AcDbPolyline
 90
4
 70
1
 10
140.0
 20
-41.46233547315932
 10
140.0
 20
-67.14025533781387
 10
-160.0
 20
-67.14025533781387
 10
-160.0
 20
-41.46233547315932
  0
LWPOLYLINE
  5
13B
330
137
100
AcDbEntity
  8
LN-ELEVATION-5
  6
ACAD_ISO03W100
100
AcDbPolyline
 90
4
 70
0
 10
140.0
 20
-67.14025533781387
 10
140.0
 20
-159.8660769073758
 10
-160.0
 20
-159.8660769073758
 10
-160.0
 20
-67.14025533781387
  0
LWPOLYLINE
  5
13C
330
137
100
AcDbEntity
  8
LN-ELEVATION-5
  6
ACAD_ISO03W100
100
AcDbPolyline
 90
4
 70
1
 10
140.0
 20
72.9897628070321
 10
140.0
 20
47.31184294237755
 10
-160.0
 20
47.31184294237755
 10
-160.0
 20
72.9897628070321
  0
LWPOLYLINE
  5
13D
330
137
100
AcDbEntity
  8
LN-ELEVATION-5
  6
ACAD_ISO03W100
100
AcDbPolyline
 90
4
 70
0
 10
140.0
 20
72.9897628070321
 10
140.0
 20
165.715584376594
 10
-160.0
 20
165.715584376594
 10
-160.0
 20
72.9897628070321
  0
LWPOLYLINE
  5
13E
330
137
100
AcDbEntity
  8
LN-ELEVATION-4
  6
ACAD_ISO03W100
100
AcDbPolyline
 90
4
 70
1
 10
0.0
 20
47.31184294237755
 10
0.0
 20
-41.46233547315932
 10
-20.0
 20
-41.46233547315932
 10
-20.0
 20
47.31184294237755
  0
LINE
  5
13F
330
137
100
AcDbEntity
  8
LN-ELEVATION-5
  6
ACAD_ISO03W100
100
AcDbLine
 10
139.8999999999068
 20
165.715584376594
 30
0.0
 11
139.8999999999068
 21
47.31184294237755
 31
0.0
  0
LINE
  5
140
330
137
100
AcDbEntity
  8
LN-ELEVATION-5
  6
ACAD_ISO03W100
100
AcDbLine
 10
139.8999999999068
 20
-41.46233547315932
 30
0.0
 11
139.8999999999068
 21
-159.8660769073758
 31
0.0
  0
LINE
  5
141
330
137
100
AcDbEntity
  8
LN-ELEVATION-5
  6
ACAD_ISO03W100
100
AcDbLine
 10
139.6999999997206
 20
165.715584376594
 30
0.0
 11
139.6999999997206
 21
47.31184294237755
 31
0.0
  0
LINE
  5
142
330
137
100
AcDbEntity
  8
LN-ELEVATION-5
  6
ACAD_ISO03W100
100
AcDbLine
 10
139.6999999997206
 20
-41.46233547315932
 30
0.0
 11
139.6999999997206
 21
-159.8660769073758
 31
0.0
  0
LINE
  5
143
330
137
100
AcDbEntity
  8
LN-ELEVATION-5
  6
ACAD_ISO03W100
100
AcDbLine
 10
139.3999999999068
 20
165.715584376594
 30
0.0
 11
139.3999999999068
 21
47.31184294237755
 31
0.0
  0
LINE
  5
144
330
137
100
AcDbEntity
  8
LN-ELEVATION-5
  6
ACAD_ISO03W100
100
AcDbLine
 10
139.3999999999068
 20
-41.46233547315932
 30
0.0
 11
139.3999999999068
 21
-159.8660769073758
 31
0.0
  0
LINE
  5
145
330
137
100
AcDbEntity
  8
LN-ELEVATION-5
  6
ACAD_ISO03W100
100
AcDbLine
 10
139.0
 20
165.715584376594
 30
0.0
 11
139.0
 21
47.31184294237755
 31
0.0
  0
LINE
  5
146
330
137
100
AcDbEntity
  8
LN-ELEVATION-5
  6
ACAD_ISO03W100
100
AcDbLine
 10
139.0
 20
-41.46233547315932
 30
0.0
 11
139.0
 21
-159.8660769073758
 31
0.0
  0
LINE
  5
147
330
137
100
AcDbEntity
  8
LN-ELEVATION-5
  6
ACAD_ISO03W100
100
AcDbLine
 10
138.5
 20
165.715584376594
 30
0.0
 11
138.5
 21
47.31184294237755
 31
0.0
  0
LINE
  5
148
330
137
100
AcDbEntity
  8
LN-ELEVATION-5
  6
ACAD_ISO03W100
100
AcDbLine
 10
138.5
 20
-41.46233547315932
 30
0.0
 11
138.5
 21
-159.8660769073758
 31
0.0
  0
LINE
  5
149
330
137
100
AcDbEntity
  8
LN-ELEVATION-5
  6
ACAD_ISO03W100
100
AcDbLine
 10
137.8999999999068
 20
165.715584376594
 30
0.0
 11
137.8999999999068
 21
47.31184294237755
 31
0.0
  0
LINE
  5
14A
330
137
100
AcDbEntity
  8
LN-ELEVATION-5
  6
ACAD_ISO03W100
100
AcDbLine
 10
137.8999999999068
 20
-41.46233547315932
 30
0.0
 11
137.8999999999068
 21
-159.8660769073758
 31
0.0
  0
LINE
  5
14B
330
137
100
AcDbEntity
  8
LN-ELEVATION-5
  6
ACAD_ISO03W100
100
AcDbLine
 10
137.1000000000931
 20
165.715584376594
 30
0.0
 11
137.1000000000931
 21
47.31184294237755
 31
0.0
  0
LINE
  5
14C
330
137
100
AcDbEntity
  8
LN-ELEVATION-5
  6
ACAD_ISO03W100
100
AcDbLine
 10
137.1000000000931
 20
-41.46233547315932
 30
0.0
 11
137.1000000000931
 21
-159.8660769073758
 31
0.0
  0
LINE
  5
14D
330
137
100
AcDbEntity
  8
LN-ELEVATION-5
  6
ACAD_ISO03W100
100
AcDbLine
 10
136.1000000000931
 20
165.715584376594
 30
0.0
 11
136.1000000000931
 21
47.31184294237755
 31
0.0
  0
LINE
  5
14E
330
137
100
AcDbEntity
  8
LN-ELEVATION-5
  6
ACAD_ISO03W100
100
AcDbLine
 10
136.1000000000931
 20
-41.46233547315932
 30
0.0
 11
136.1000000000931
 21
-159.8660769073758
 31
0.0
  0
LINE
  5
14F
330
137
100
AcDbEntity
  8
LN-ELEVATION-5
  6
ACAD_ISO03W100
100
AcDbLine
 10
134.1000000000931
 20
165.715584376594
 30
0.0
 11
134.1000000000931
 21
47.31184294237755
 31
0.0
  0
LINE
  5
150
330
137
100
AcDbEntity
  8
LN-ELEVATION-5
  6
ACAD_ISO03W100
100
AcDbLine
 10
134.1000000000931
 20
-41.46233547315932
 30
0.0
 11
134.1000000000931
 21
-159.8660769073758
 31
0.0
  0
LINE
  5
151
330
137
100
AcDbEntity
  8
LN-ELEVATION-5
  6
ACAD_ISO03W100
100
AcDbLine
 10
131.1000000000931
 20
165.715584376594
 30
0.0
 11
131.1000000000931
 21
47.31184294237755
 31
0.0
  0
LINE
  5
152
330
137
100
AcDbEntity
  8
LN-ELEVATION-5
  6
ACAD_ISO03W100
100
AcDbLine
 10
131.1000000000931
 20
-41.46233547315932
 30
0.0
 11
131.1000000000931
 21
-159.8660769073758
 31
0.0
  0
LINE
  5
153
330
137
100
AcDbEntity
  8
LN-ELEVATION-5
  6
ACAD_ISO03W100
100
AcDbLine
 10
126.1000000000931
 20
165.715584376594
 30
0.0
 11
126.1000000000931
 21
47.31184294237755
 31
0.0
  0
LINE
  5
154
330
137
100
AcDbEntity
  8
LN-ELEVATION-5
  6
ACAD_ISO03W100
100
AcDbLine
 10
126.1000000000931
 20
-41.46233547315932
 30
0.0
 11
126.1000000000931
 21
-159.8660769073758
 31
0.0
  0
LINE
  5
155
330
137
100
AcDbEntity
  8
LN-ELEVATION-5
  6
ACAD_ISO03W100
100
AcDbLine
 10
121.1000000000931
 20
165.715584376594
 30
0.0
 11
121.1000000000931
 21
47.31184294237755
 31
0.0
  0
LINE
  5
156
330
137
100
AcDbEntity
  8
LN-ELEVATION-5
  6
ACAD_ISO03W100
100
AcDbLine
 10
121.1000000000931
 20
-41.46233547315932
 30
0.0
 11
121.1000000000931
 21
-159.8660769073758
 31
0.0
  0
LINE
  5
157
330
137
100
AcDbEntity
  8
LN-ELEVATION-5
  6
ACAD_ISO03W100
100
AcDbLine
 10
115.1000000000931
 20
165.715584376594
 30
0.0
 11
115.1000000000931
 21
47.31184294237755
 31
0.0
  0
LINE
  5
158
330
137
100
AcDbEntity
  8
LN-ELEVATION-5
  6
ACAD_ISO03W100
100
AcDbLine
 10
115.1000000000931
 20
-41.46233547315932
 30
0.0
 11
115.1000000000931
 21
-159.8660769073758
 31
0.0
  0
LINE
  5
159
330
137
100
AcDbEntity
  8
LN-ELEVATION-5
  6
ACAD_ISO03W100
100
AcDbLine
 10
108.1000000000931
 20
165.715584376594
 30
0.0
 11
108.1000000000931
 21
47.31184294237755
 31
0.0
  0
LINE
  5
15A
330
137
100
AcDbEntity
  8
LN-ELEVATION-5
  6
ACAD_ISO03W100
100
AcDbLine
 10
108.1000000000931
 20
-41.46233547315932
 30
0.0
 11
108.1000000000931
 21
-159.8660769073758
 31
0.0
  0
LINE
  5
15B
330
137
100
AcDbEntity
  8
LN-ELEVATION-5
  6
ACAD_ISO03W100
100
AcDbLine
 10
100.1000000000931
 20
165.715584376594
 30
0.0
 11
100.1000000000931
 21
47.31184294237755
 31
0.0
  0
LINE
  5
15C
330
137
100
AcDbEntity
  8
LN-ELEVATION-5
  6
ACAD_ISO03W100
100
AcDbLine
 10
100.1000000000931
 20
-41.46233547315932
 30
0.0
 11
100.1000000000931
 21
-159.8660769073758
 31
0.0
  0
LINE
  5
15D
330
137
100
AcDbEntity
  8
LN-ELEVATION-5
  6
ACAD_ISO03W100
100
AcDbLine
 10
91.10000000009312
 20
165.715584376594
 30
0.0
 11
91.10000000009312
 21
47.31184294237755
 31
0.0
  0
LINE
  5
15E
330
137
100
AcDbEntity
  8
LN-ELEVATION-5
  6
ACAD_ISO03W100
100
AcDbLine
 10
91.10000000009312
 20
-41.46233547315932
 30
0.0
 11
91.10000000009312
 21
-159.8660769073758
 31
0.0
  0
LINE
  5
15F
330
137
100
AcDbEntity
  8
LN-ELEVATION-5
  6
ACAD_ISO03W100
100
AcDbLine
 10
82.10000000009315
 20
165.715584376594
 30
0.0
 11
82.10000000009315
 21
47.31184294237755
 31
0.0
  0
LINE
  5
160
330
137
100
AcDbEntity
  8
LN-ELEVATION-5
  6
ACAD_ISO03W100
100
AcDbLine
 10
82.10000000009315
 20
-41.46233547315932
 30
0.0
 11
82.10000000009315
 21
-159.8660769073758
 31
0.0
  0
LINE
  5
161
330
137
100
AcDbEntity
  8
LN-ELEVATION-5
  6
ACAD_ISO03W100
100
AcDbLine
 10
65.0
 20
165.715584376594
 30
0.0
 11
65.0
 21
47.31184294237755
 31
0.0
  0
LINE
  5
162
330
137
100
AcDbEntity
  8
LN-ELEVATION-5
  6
ACAD_ISO03W100
100
AcDbLine
 10
65.0
 20
-41.46233547315932
 30
0.0
 11
65.0
 21
-159.8660769073758
 31
0.0
  0
LINE
  5
163
330
137
100
AcDbEntity
  8
LN-ELEVATION-5
  6
ACAD_ISO03W100
100
AcDbLine
 10
-159.8999999999068
 20
165.715584376594
 30
0.0
 11
-159.8999999999068
 21
47.31184294237755
 31
0.0
  0
LINE
  5
164
330
137
100
AcDbEntity
  8
LN-ELEVATION-5
  6
ACAD_ISO03W100
100
AcDbLine
 10
-159.8999999999068
 20
-41.46233547315932
 30
0.0
 11
-159.8999999999068
 21
-159.8660769073758
 31
0.0
  0
LINE
  5
165
330
137
100
AcDbEntity
  8
LN-ELEVATION-5
  6
ACAD_ISO03W100
100
AcDbLine
 10
-159.6999999997206
 20
165.715584376594
 30
0.0
 11
-159.6999999997206
 21
47.31184294237755
 31
0.0
  0
LINE
  5
166
330
137
100
AcDbEntity
  8
LN-ELEVATION-5
  6
ACAD_ISO03W100
100
AcDbLine
 10
-159.6999999997206
 20
-41.46233547315932
 30
0.0
 11
-159.6999999997206
 21
-159.8660769073758
 31
0.0
  0
LINE
  5
167
330
137
100
AcDbEntity
  8
LN-ELEVATION-5
  6
ACAD_ISO03W100
100
AcDbLine
 10
-159.3999999999068
 20
165.715584376594
 30
0.0
 11
-159.3999999999068
 21
47.31184294237755
 31
0.0
  0
LINE
  5
168
330
137
100
AcDbEntity
  8
LN-ELEVATION-5
  6
ACAD_ISO03W100
100
AcDbLine
 10
-159.3999999999068
 20
-41.46233547315932
 30
0.0
 11
-159.3999999999068
 21
-159.8660769073758
 31
0.0
  0
LINE
  5
169
330
137
100
AcDbEntity
  8
LN-ELEVATION-5
  6
ACAD_ISO03W100
100
AcDbLine
 10
-159.0
 20
165.715584376594
 30
0.0
 11
-159.0
 21
47.31184294237755
 31
0.0
  0
LINE
  5
16A
330
137
100
AcDbEntity
  8
LN-ELEVATION-5
  6
ACAD_ISO03W100
100
AcDbLine
 10
-159.0
 20
-41.46233547315932
 30
0.0
 11
-159.0
 21
-159.8660769073758
 31
0.0
  0
LINE
  5
16B
330
137
100
AcDbEntity
  8
LN-ELEVATION-5
  6
ACAD_ISO03W100
100
AcDbLine
 10
-158.5
 20
165.715584376594
 30
0.0
 11
-158.5
 21
47.31184294237755
 31
0.0
  0
LINE
  5
16C
330
137
100
AcDbEntity
  8
LN-ELEVATION-5
  6
ACAD_ISO03W100
100
AcDbLine
 10
-158.5
 20
-41.46233547315932
 30
0.0
 11
-158.5
 21
-159.8660769073758
 31
0.0
  0
LINE
  5
16D
330
137
100
AcDbEntity
  8
LN-ELEVATION-5
  6
ACAD_ISO03W100
100
AcDbLine
 10
-157.8999999999068
 20
165.715584376594
 30
0.0
 11
-157.8999999999068
 21
47.31184294237755
 31
0.0
  0
LINE
  5
16E
330
137
100
AcDbEntity
  8
LN-ELEVATION-5
  6
ACAD_ISO03W100
100
AcDbLine
 10
-157.8999999999068
 20
-41.46233547315932
 30
0.0
 11
-157.8999999999068
 21
-159.8660769073758
 31
0.0
  0
LINE
  5
16F
330
137
100
AcDbEntity
  8
LN-ELEVATION-5
  6
ACAD_ISO03W100
100
AcDbLine
 10
-157.1000000000931
 20
165.715584376594
 30
0.0
 11
-157.1000000000931
 21
47.31184294237755
 31
0.0
  0
LINE
  5
170
330
137
100
AcDbEntity
  8
LN-ELEVATION-5
  6
ACAD_ISO03W100
100
AcDbLine
 10
-157.1000000000931
 20
-41.46233547315932
 30
0.0
 11
-157.1000000000931
 21
-159.8660769073758
 31
0.0
  0
LINE
  5
171
330
137
100
AcDbEntity
  8
LN-ELEVATION-5
  6
ACAD_ISO03W100
100
AcDbLine
 10
-156.1000000000931
 20
165.715584376594
 30
0.0
 11
-156.1000000000931
 21
47.31184294237755
 31
0.0
  0
LINE
  5
172
330
137
100
AcDbEntity
  8
LN-ELEVATION-5
  6
ACAD_ISO03W100
100
AcDbLine
 10
-156.1000000000931
 20
-41.46233547315932
 30
0.0
 11
-156.1000000000931
 21
-159.8660769073758
 31
0.0
  0
LINE
  5
173
330
137
100
AcDbEntity
  8
LN-ELEVATION-5
  6
ACAD_ISO03W100
100
AcDbLine
 10
-154.1000000000931
 20
165.715584376594
 30
0.0
 11
-154.1000000000931
 21
47.31184294237755
 31
0.0
  0
LINE
  5
174
330
137
100
AcDbEntity
  8
LN-ELEVATION-5
  6
ACAD_ISO03W100
100
AcDbLine
 10
-154.1000000000931
 20
-41.46233547315932
 30
0.0
 11
-154.1000000000931
 21
-159.8660769073758
 31
0.0
  0
LINE
  5
175
330
137
100
AcDbEntity
  8
LN-ELEVATION-5
  6
ACAD_ISO03W100
100
AcDbLine
 10
-151.1000000000931
 20
165.715584376594
 30
0.0
 11
-151.1000000000931
 21
47.31184294237755
 31
0.0
  0
LINE
  5
176
330
137
100
AcDbEntity
  8
LN-ELEVATION-5
  6
ACAD_ISO03W100
100
AcDbLine
 10
-151.1000000000931
 20
-41.46233547315932
 30
0.0
 11
-151.1000000000931
 21
-159.8660769073758
 31
0.0
  0
LINE
  5
177
330
137
100
AcDbEntity
  8
LN-ELEVATION-5
  6
ACAD_ISO03W100
100
AcDbLine
 10
-146.1000000000931
 20
165.715584376594
 30
0.0
 11
-146.1000000000931
 21
47.31184294237755
 31
0.0
  0
LINE
  5
178
330
137
100
AcDbEntity
  8
LN-ELEVATION-5
  6
ACAD_ISO03W100
100
AcDbLine
 10
-146.1000000000931
 20
-41.46233547315932
 30
0.0
 11
-146.1000000000931
 21
-159.8660769073758
 31
0.0
  0
LINE
  5
179
330
137
100
AcDbEntity
  8
LN-ELEVATION-5
  6
ACAD_ISO03W100
100
AcDbLine
 10
-141.1000000000931
 20
165.715584376594
 30
0.0
 11
-141.1000000000931
 21
47.31184294237755
 31
0.0
  0
LINE
  5
17A
330
137
100
AcDbEntity
  8
LN-ELEVATION-5
  6
ACAD_ISO03W100
100
AcDbLine
 10
-141.1000000000931
 20
-41.46233547315932
 30
0.0
 11
-141.1000000000931
 21
-159.8660769073758
 31
0.0
  0
LINE
  5
17B
330
137
100
AcDbEntity
  8
LN-ELEVATION-5
  6
ACAD_ISO03W100
100
AcDbLine
 10
-135.1000000000931
 20
165.715584376594
 30
0.0
 11
-135.1000000000931
 21
47.31184294237755
 31
0.0
  0
LINE
  5
17C
330
137
100
AcDbEntity
  8
LN-ELEVATION-5
  6
ACAD_ISO03W100
100
AcDbLine
 10
-135.1000000000931
 20
-41.46233547315932
 30
0.0
 11
-135.1000000000931
 21
-159.8660769073758
 31
0.0
  0
LINE
  5
17D
330
137
100
AcDbEntity
  8
LN-ELEVATION-5
  6
ACAD_ISO03W100
100
AcDbLine
 10
-128.1000000000931
 20
165.715584376594
 30
0.0
 11
-128.1000000000931
 21
47.31184294237755
 31
0.0
  0
LINE
  5
17E
330
137
100
AcDbEntity
  8
LN-ELEVATION-5
  6
ACAD_ISO03W100
100
AcDbLine
 10
-128.1000000000931
 20
-41.46233547315932
 30
0.0
 11
-128.1000000000931
 21
-159.8660769073758
 31
0.0
  0
LINE
  5
17F
330
137
100
AcDbEntity
  8
LN-ELEVATION-5
  6
ACAD_ISO03W100
100
AcDbLine
 10
-120.1000000000931
 20
165.715584376594
 30
0.0
 11
-120.1000000000931
 21
47.31184294237755
 31
0.0
  0
LINE
  5
180
330
137
100
AcDbEntity
  8
LN-ELEVATION-5
  6
ACAD_ISO03W100
100
AcDbLine
 10
-120.1000000000931
 20
-41.46233547315932
 30
0.0
 11
-120.1000000000931
 21
-159.8660769073758
 31
0.0
  0
LINE
  5
181
330
137
100
AcDbEntity
  8
LN-ELEVATION-5
  6
ACAD_ISO03W100
100
AcDbLine
 10
-111.1000000000931
 20
165.715584376594
 30
0.0
 11
-111.1000000000931
 21
47.31184294237755
 31
0.0
  0
LINE
  5
182
330
137
100
AcDbEntity
  8
LN-ELEVATION-5
  6
ACAD_ISO03W100
100
AcDbLine
 10
-111.1000000000931
 20
-41.46233547315932
 30
0.0
 11
-111.1000000000931
 21
-159.8660769073758
 31
0.0
  0
LINE
  5
183
330
137
100
AcDbEntity
  8
LN-ELEVATION-5
  6
ACAD_ISO03W100
100
AcDbLine
 10
-102.1000000000931
 20
165.715584376594
 30
0.0
 11
-102.1000000000931
 21
47.31184294237755
 31
0.0
  0
LINE
  5
184
330
137
100
AcDbEntity
  8
LN-ELEVATION-5
  6
ACAD_ISO03W100
100
AcDbLine
 10
-102.1000000000931
 20
-41.46233547315932
 30
0.0
 11
-102.1000000000931
 21
-159.8660769073758
 31
0.0
  0
LINE
  5
185
330
137
100
AcDbEntity
  8
LN-ELEVATION-5
  6
ACAD_ISO03W100
100
AcDbLine
 10
-85.0
 20
165.715584376594
 30
0.0
 11
-85.0
 21
47.31184294237755
 31
0.0
  0
LINE
  5
186
330
137
100
AcDbEntity
  8
LN-ELEVATION-5
  6
ACAD_ISO03W100
100
AcDbLine
 10
-85.0
 20
-41.46233547315932
 30
0.0
 11
-85.0
 21
-159.8660769073758
 31
0.0
  0
ENDBLK
  5
139
330
137
100
AcDbEntity
  8
0
100
AcDbBlockEnd
  0
BLOCK
  5
188
330
187
100
AcDbEntity
  8
0
100
AcDbBlockBegin
  2
3 SEATER BENCH
 70
0
 10
0.0
 20
0.0
 30
0.0
  3
3 SEATER BENCH
  1

  0
HATCH
  5
18A
330
187
100
AcDbEntity
  8
LENS_HATCH
 62
7
100
AcDbHatch
 10
0.0
 20
0.0
 30
0.0
210
0.0
220
0.0
230
1.0
  2
STIP1
 70
0
 71
0
 91
0
 75
0
 76
1
 98
0
  0
LWPOLYLINE
  5
18B
330
187
100
AcDbEntity
  8
LN-ELEVATION-5
  6
HIDDEN2
100
AcDbPolyline
 90
4
 70
1
 10
676.4566375035791
 20
-102.6136834179051
 10
-628.5433624973521
 20
-102.6136834179051
 10
-628.5433624973521
 20
302.3863165820949
 10
676.4566375035791
 20
302.3863165820949
  0
LWPOLYLINE
  5
18C
330
187
100
AcDbEntity
  8
LN-ELEVATION-5
100
AcDbPolyline
 90
8
 70
1
 10
-658.5433624964207
 20
-142.6136834179051
 10
706.4566375035791
 20
-142.6136834179051
 10
716.4566375035791
 20
-132.6136834179051
 10
716.4566375035791
 20
332.3863165820949
 10
706.4566375035791
 20
342.3863165820949
 10
-658.5433624964207
 20
342.3863165820949
 10
-668.5433624964207
 20
332.3863165820949
 10
-668.5433624964207
 20
-132.6136834179051
  0
LWPOLYLINE
  5
18D
330
187
100
AcDbEntity
  8
LN-ELEVATION-5
100
AcDbPolyline
 90
4
 70
1
 10
-653.5433624964207
 20
-127.6136834179051
 10
701.4566375035791
 20
-127.6136834179051
 10
701.4566375035791
 20
327.3863165820949
 10
-653.5433624964207
 20
327.3863165820949
  0
LWPOLYLINE
  5
18E
330
187
100
AcDbEntity
  8
LN-ELEVATION-2
100
AcDbPolyline
 90
4
 70
1
 10
-653.5433624973521
 20
-127.6136834179051
 10
-201.8766958303749
 20
-127.6136834179051
 10
-201.8766958303749
 20
327.3863165820949
 10
-653.5433624973521
 20
327.3863165820949
  0
LWPOLYLINE
  5
18F
330
187
100
AcDbEntity
  8
LN-ELEVATION-2
100
AcDbPolyline
 90
4
 70
1
 10
249.7899708366022
 20
-127.6136834179051
 10
-201.8766958303749
 20
-127.6136834179051
 10
-201.8766958303749
 20
327.3863165820949
 10
249.7899708366022
 20
327.3863165820949
  0
LWPOLYLINE
  5
190
330
187
100
AcDbEntity
  8
LN-ELEVATION-2
100
AcDbPolyline
 90
4
 70
1
 10
701.4566375035791
 20
-127.6136834179051
 10
249.7899708366022
 20
-127.6136834179051
 10
249.7899708366022
 20
327.3863165820949
 10
701.4566375035791
 20
327.3863165820949
  0
ENDBLK
  5
189
330
187
100
AcDbEntity
  8
0
100
AcDbBlockEnd
  0
BLOCK
  5
192
330
191
100
AcDbEntity
  8
0
100
AcDbBlockBegin
  2
chr
 70
0
 10
0.0
 20
0.0
 30
0.0
  3
chr
  1

  0
LWPOLYLINE
  5
194
330
191
100
AcDbEntity
  8
LENS_FURNITURE
100
AcDbPolyline
 90
23
 70
0
 10
-214.8703261986375
 20
189.364005069161
 10
-208.0771623300389
 20
190.3592400808702
 10
-187.3689696602523
 20
193.2901615410519
 10
-166.6242546243593
 20
195.919773319445
 10
-145.8430172204971
 20
198.2389448168105
 10
-125.0252572111785
 20
200.2476760368445
 10
-104.1709748348221
 20
201.9459669739881
 10
-83.30756180733442
 20
203.3429482312058
 10
-62.41675754077732
 20
204.4203586137155
 10
-41.51682190690189
 20
205.1964593107113
 10
-20.59862544760108
 20
205.652989134891
 10
0.3195710116997361
 20
205.8082092735567
 10
21.22863681986928
 20
205.6438585375145
 10
42.14683327917009
 20
205.178198117821
 10
63.04676843620836
 20
204.3929668253113
 10
83.93757317960262
 20
203.3064258454251
 10
104.8009862070903
 20
201.9094445900701
 10
125.6461376938969
 20
200.1928924563108
 10
146.4638977032155
 20
198.1750306425965
 10
167.2451351061463
 20
195.846728546021
 10
187.9898503813892
 20
193.2171167694905
 10
208.6980430502444
 20
190.2679341164184
 10
214.9342405218631
 20
189.364005069161
  0
LWPOLYLINE
  5
195
330
191
100
AcDbEntity
  8
LENS_FURNITURE
100
AcDbPolyline
 90
54
 70
0
 10
214.9342405218631
 20
189.364005069161
 10
228.018385052681
 20
189.364005069161
 10
228.2649112101644
 20
189.364005069161
 10
228.5023067155853
 20
189.3731356646749
 10
228.7397024594247
 20
189.3913968575652
 10
228.9862283784896
 20
189.4096580504556
 10
229.4610193902627
 20
189.464441627264
 10
229.6984148956835
 20
189.5009640130738
 10
229.9358104020357
 20
189.5466169980936
 10
230.6479969192296
 20
189.7109677341068
 10
230.8762620110065
 20
189.7748819083208
 10
231.1136572789401
 20
189.8479266780196
 10
231.3419223716483
 20
189.9301020469575
 10
231.5610565748066
 20
190.0122774140618
 10
231.7893214290962
 20
190.1035833803762
 10
232.0084558706731
 20
190.1948893429944
 10
232.2367207240313
 20
190.2953259048226
 10
232.446724514477
 20
190.3957624666509
 10
232.6658587176353
 20
190.5053296240221
 10
233.0858660591766
 20
190.7427251316257
 10
233.2958698496223
 20
190.8705534818582
 10
233.4967429880053
 20
190.9983818321198
 10
233.8984892647713
 20
191.2722997255041
 10
234.2819744776934
 20
191.5644788117788
 10
234.6471983874216
 20
191.8749190909439
 10
234.8298102235422
 20
192.0392698269861
 10
235.0032914076
 20
192.2036205630283
 10
235.1767725925892
 20
192.3771018964471
 10
235.3411236014217
 20
192.5505832279741
 10
235.5054743736982
 20
192.7331951569067
 10
235.8159146141261
 20
193.0984190147719
 10
236.1080937888473
 20
193.4819040654984
 10
236.3820116622374
 20
193.8836503110069
 10
236.5098398281261
 20
194.0845234328299
 10
236.6376682324335
 20
194.2945271501376
 10
236.8750637378544
 20
194.7145345885365
 10
236.9846310783178
 20
194.9336689013871
 10
237.0850675273687
 20
195.1436726205866
 10
237.1855039782822
 20
195.3719375308137
 10
237.2768100146204
 20
195.5910718473896
 10
237.3681158144027
 20
195.8193367576168
 10
237.4502914380282
 20
196.0384710723301
 10
237.5324665848166
 20
196.2758665799047
 10
237.6055113198236
 20
196.5041314919945
 10
237.6694256402552
 20
196.7323964022216
 10
237.8337764125317
 20
197.4445829250617
 10
237.8794291922822
 20
197.6819784344989
 10
237.9159517977387
 20
197.9193739402399
 10
237.9707352295518
 20
198.3941649573098
 10
237.9889965318144
 20
198.6406910604273
 10
238.0072578350082
 20
198.878086568031
 10
238.0163882486522
 20
199.1154820756346
 10
238.0163882486522
 20
199.3620081787521
 10
238.0163882486522
 20
199.4624447406095
  0
LWPOLYLINE
  5
196
330
191
100
AcDbEntity
  8
LENS_FURNITURE
100
AcDbPolyline
 90
54
 70
0
 10
-237.9707354661077
 20
199.4624447406095
 10
-237.9707354661077
 20
199.3620081787521
 10
-237.9707354661077
 20
199.1154820756346
 10
-237.9524741638452
 20
198.6406910604273
 10
-237.9250824470073
 20
198.3941649573098
 10
-237.870298538357
 20
197.9193739402399
 10
-237.8337764106691
 20
197.6819784344989
 10
-237.7424703733995
 20
197.2071874174289
 10
-237.6876867031679
 20
196.969791911717
 10
-237.6237726202234
 20
196.7323964022216
 10
-237.5598585372791
 20
196.5041314919945
 10
-237.4868138032034
 20
196.2758665799047
 10
-237.4046381786466
 20
196.0384710723301
 10
-237.3224630318582
 20
195.8193367576168
 10
-237.2402876457199
 20
195.5910718473896
 10
-237.1398509573191
 20
195.3719375308137
 10
-237.0394142689183
 20
195.1436726205866
 10
-236.9389778189361
 20
194.9336689013871
 10
-236.8294107168913
 20
194.7145345885365
 10
-236.4733174592256
 20
194.0845234328299
 10
-236.336358403787
 20
193.8836503110069
 10
-236.2085299994796
 20
193.682777189184
 10
-236.062440530397
 20
193.4819040654984
 10
-235.770261593163
 20
193.0984190147719
 10
-235.4598211143166
 20
192.7331951569067
 10
-235.29547058139
 20
192.5505832279741
 10
-235.1311198100447
 20
192.3771018964471
 10
-234.957638386637
 20
192.2036205630283
 10
-234.7841572025791
 20
192.0392698269861
 10
-234.6015451289714
 20
191.8749190909439
 10
-234.2363212183118
 20
191.5644788117788
 10
-233.8528362438083
 20
191.2722997255041
 10
-233.4510899670422
 20
190.9983818321198
 10
-233.2502168286592
 20
190.8705534818582
 10
-233.0402132775635
 20
190.7427251316257
 10
-232.6202059350908
 20
190.5053296240221
 10
-232.4102019071579
 20
190.3957624666509
 10
-231.9719335008413
 20
190.1948893429944
 10
-231.7436686465517
 20
190.1035833803762
 10
-231.5245339665562
 20
190.0122774140618
 10
-231.0680044963956
 20
189.8479266780196
 10
-230.8306087525561
 20
189.7748819083208
 10
-230.6023438982665
 20
189.7109677341068
 10
-230.3649483919144
 20
189.6561841535731
 10
-230.1366833001375
 20
189.601400574902
 10
-229.8992880322039
 20
189.5466169980936
 10
-229.661892526783
 20
189.5009640130738
 10
-229.4153663692996
 20
189.464441627264
 10
-228.9405753575266
 20
189.4096580504556
 10
-228.7031796136871
 20
189.3913968575652
 10
-228.4566536955535
 20
189.3731356646749
 10
-228.2192584276199
 20
189.364005069161
 10
-227.9727320317179
 20
189.364005069161
 10
-214.8703261986375
 20
189.364005069161
  0
LWPOLYLINE
  5
197
330
191
100
AcDbEntity
  8
LENS_FURNITURE
100
AcDbPolyline
 90
88
 70
0
 10
-316.4938646722585
 20
290.6953644652968
 10
-318.4934651684016
 20
290.6953644652968
 10
-318.7856443449855
 20
290.2753570306231
 10
-319.0686928685754
 20
289.8553495922243
 10
-319.3426107419655
 20
289.435342155688
 10
-319.8904467262328
 20
288.5770660897542
 10
-320.1461032964289
 20
288.1387974603276
 10
-320.4108905177563
 20
287.700528830901
 10
-320.9039425933734
 20
286.8239915720769
 10
-321.1504689883441
 20
286.3765923452738
 10
-321.3878642562777
 20
285.9291931203334
 10
-321.6161293489859
 20
285.4817938935303
 10
-321.8443942032755
 20
285.0252640693507
 10
-322.2826628480107
 20
284.1122044266085
 10
-322.492666637525
 20
283.6465440087486
 10
-322.702670189552
 20
283.1900141845981
 10
-322.9035435663536
 20
282.7243537649047
 10
-323.0952860536054
 20
282.2495627496973
 10
-323.2870283024386
 20
281.7839023318665
 10
-323.4696403760463
 20
281.3091113166592
 10
-323.816602983512
 20
280.3595292862446
 10
-323.9900844059885
 20
279.8756076736609
 10
-324.1453045271337
 20
279.4008166584536
 10
-324.4557447666303
 20
278.4329734332859
 10
-324.6018342357129
 20
277.9490518225648
 10
-324.7387932911515
 20
277.4559996144672
 10
-324.8757523465902
 20
276.9720780018833
 10
-325.0035805124789
 20
276.4790257937857
 10
-325.2409762572497
 20
275.4929213775904
 10
-325.4601104594767
 20
274.5068169613951
 10
-325.5514162583277
 20
274.0046341559209
 10
-325.6518529467285
 20
273.5115819478233
 10
-325.8983791042119
 20
272.0050335332635
 10
-326.0901215914637
 20
270.4984851205372
 10
-326.1449052607641
 20
269.9963023150631
 10
-326.1905582789332
 20
269.4941195114516
 10
-326.2270804084837
 20
268.9828061086009
 10
-326.2636030139402
 20
268.4806233049894
 10
-326.2909947298467
 20
267.9693099040014
 10
-326.3183864448219
 20
267.4671270985273
 10
-326.3366477480158
 20
266.9649442930531
 10
-326.3457781616598
 20
266.453630892036
 10
-326.3549090512097
 20
265.951448086591
 10
-326.3549090512097
 20
265.4401346855739
 10
-326.3457781616598
 20
264.9288212845859
 10
-326.3366477480158
 20
264.4266384791117
 10
-326.3183864448219
 20
263.9153250781237
 10
-326.2636030139402
 20
262.9109594709007
 10
-326.2270804084837
 20
262.3996460699127
 10
-326.1905582789332
 20
261.8974632644385
 10
-326.1449052607641
 20
261.3952804589644
 10
-326.0901215914637
 20
260.8839670579764
 10
-325.8983791042119
 20
259.3774186433875
 10
-325.8162034796551
 20
258.8752358379133
 10
-325.7340283319354
 20
258.3821836316783
 10
-325.6518529467285
 20
257.8800008262042
 10
-325.5514162583277
 20
257.3778180225927
 10
-325.4601104594767
 20
256.8847658126324
 10
-325.3505431190133
 20
256.3825830090209
 10
-325.2409762572497
 20
255.8895307990606
 10
-325.0035805124789
 20
254.9034263828653
 10
-324.8757523465902
 20
254.4195047721441
 10
-324.7387932911515
 20
253.9264525640465
 10
-324.6018342357129
 20
253.4425309514627
 10
-324.4557447666303
 20
252.9586093388789
 10
-323.9900844059885
 20
251.5068445048528
 10
-323.816602983512
 20
251.0320534896455
 10
-323.6431217994541
 20
250.5481318770617
 10
-323.4696403760463
 20
250.0824714592309
 10
-323.2870283024386
 20
249.6076804421609
 10
-323.0952860536054
 20
249.1328894269536
 10
-322.9035435663536
 20
248.6672290072602
 10
-322.702670189552
 20
248.2015685894294
 10
-322.492666637525
 20
247.7359081697359
 10
-322.2826628480107
 20
247.279378347419
 10
-321.8443942032755
 20
246.3663187028142
 10
-321.6161293489859
 20
245.9097888804972
 10
-321.3878642562777
 20
245.4623896555568
 10
-321.1504689883441
 20
245.0149904287536
 10
-320.6574166752398
 20
244.1201919770101
 10
-320.4108905177563
 20
243.6819233475835
 10
-320.1461032964289
 20
243.2436547163234
 10
-319.8904467262328
 20
242.8145166842733
 10
-319.3426107419655
 20
241.9562406183104
 10
-319.0686928685754
 20
241.5362331817742
 10
-318.7856443449855
 20
241.1070951478905
 10
-318.4934651684016
 20
240.6962183068681
 10
-316.4938646722585
 20
240.6962183068681
  0
LWPOLYLINE
  5
198
330
191
100
AcDbEntity
  8
LENS_FURNITURE
100
AcDbPolyline
 90
87
 70
0
 10
316.4938649134711
 20
240.8879608331772
 10
318.4934654096141
 20
240.8879608331772
 10
318.7856445852667
 20
241.2988376741996
 10
319.0686931088567
 20
241.7188451107068
 10
319.6165286172182
 20
242.5771211766696
 10
320.1461032982916
 20
243.4353972426034
 10
320.6574166771024
 20
244.3119345014566
 10
320.9039428345859
 20
244.7593337282597
 10
321.1504689911381
 20
245.1976023576863
 10
321.3878644965589
 20
245.6450015844894
 10
321.6161293517798
 20
246.1015314068063
 10
321.8443944435567
 20
246.5489306317177
 10
322.063528646715
 20
247.0054604558973
 10
322.2826630882919
 20
247.4711208718654
 10
322.4926666393876
 20
247.927650696045
 10
322.7026704298332
 20
248.3933111157385
 10
322.9035433297977
 20
248.8589715354319
 10
323.095286055468
 20
249.3246319532627
 10
323.2870285427198
 20
249.79942296847
 10
323.4696406163275
 20
250.2650833881635
 10
323.8166032247245
 20
251.214665418549
 10
323.9900844087824
 20
251.6985870292992
 10
324.1453045289964
 20
252.1733780463692
 10
324.4557447684929
 20
253.1412212678115
 10
324.6018344759941
 20
253.6342734777718
 10
324.8757521100342
 20
254.6021167010767
 10
325.0035807527602
 20
255.0951689073118
 10
325.2409760206938
 20
256.0812733253697
 10
325.3505433602259
 20
256.5743255334673
 10
325.4509798102081
 20
257.0765083389415
 10
325.5514164986089
 20
257.5695605470392
 10
325.6518529485911
 20
258.0717433525133
 10
325.7340283347294
 20
258.564795560611
 10
325.8162037208677
 20
259.0669783642224
 10
325.962293189019
 20
260.0713439733081
 10
326.0901215933263
 20
261.0757095842564
 10
326.1357746114954
 20
261.5778923878679
 10
326.1905580433086
 20
262.0892057888559
 10
326.2636027773842
 20
263.0935713998333
 10
326.2909949701279
 20
263.6048848008213
 10
326.3183866860345
 20
264.1070676062954
 10
326.3366477508098
 20
264.6183810072835
 10
326.3457784019411
 20
265.1205638090323
 10
326.3549088146537
 20
265.6318772118829
 10
326.3549088146537
 20
266.1340600154945
 10
326.3457784019411
 20
266.6453734164825
 10
326.3366477508098
 20
267.1475562219566
 10
326.3183866860345
 20
267.6588696229737
 10
326.2909949701279
 20
268.1610524284188
 10
326.2636027773842
 20
268.6723658294359
 10
326.1905580433086
 20
269.6767314403842
 10
326.1357746114954
 20
270.1880448413722
 10
326.0901215933263
 20
270.6902276449837
 10
325.962293189019
 20
271.6945932540693
 10
325.8162037208677
 20
272.698958863155
 10
325.7340283347294
 20
273.2011416686291
 10
325.6518529485911
 20
273.6941938767559
 10
325.4509798102081
 20
274.6985594877042
 10
325.3505433602259
 20
275.1916116958018
 10
325.2409760206938
 20
275.6846639020368
 10
325.0035807527602
 20
276.6707683200948
 10
324.8757521100342
 20
277.1638205281925
 10
324.7387935314328
 20
277.6477421407762
 10
324.6018344759941
 20
278.1407943488739
 10
324.4557447684929
 20
278.6247159614577
 10
324.1453045289964
 20
279.5925591829
 10
323.9900844087824
 20
280.06735019997
 10
323.8166032247245
 20
280.5512718106911
 10
323.4696406163275
 20
281.5008538411057
 10
323.2870285427198
 20
281.975644856313
 10
322.9035433297977
 20
282.9069656938082
 10
322.7026704298332
 20
283.3726261135016
 10
322.2826630882919
 20
284.3039469510259
 10
321.8443944435567
 20
285.2170065975224
 10
321.6161293517798
 20
285.6644058224629
 10
321.3878644965589
 20
286.1209356447798
 10
321.1504689911381
 20
286.5683348697203
 10
320.9039428345859
 20
287.0157340965234
 10
320.6574166771024
 20
287.4540027277835
 10
320.1461032982916
 20
288.3305399866367
 10
319.8813160769641
 20
288.7596780186868
 10
319.6165286172182
 20
289.1979466499761
 10
319.3426109822467
 20
289.6179540846206
 10
319.0686931088567
 20
290.0470921166707
 10
318.7856445852667
 20
290.4670995550696
 10
318.4934654096141
 20
290.8871069916058
 10
316.4938649134711
 20
290.8871069916058
  0
LWPOLYLINE
  5
199
330
191
100
AcDbEntity
  8
LENS_FURNITURE
100
AcDbPolyline
 90
6
 70
0
 10
-261.5002822503448
 20
290.2023122571991
 10
-261.5002822503448
 20
303.1951510048821
 10
-316.4938646722585
 20
303.1951510048821
 10
-316.4938646722585
 20
290.2023122571991
 10
-261.5002822503448
 20
290.2023122571991
 10
-261.5002822503448
 20
187.0174417796661
  0
LWPOLYLINE
  5
19A
330
191
100
AcDbEntity
  8
LENS_FURNITURE
100
AcDbPolyline
 90
6
 70
0
 10
316.4938649134711
 20
290.3940547816455
 10
316.4938649134711
 20
303.3868935330538
 10
261.500282490626
 20
303.3868935330538
 10
261.500282490626
 20
290.3940547816455
 10
316.4938649134711
 20
290.3940547816455
 10
316.4938649134711
 20
187.2091843059752
  0
LWPOLYLINE
  5
19B
330
191
100
AcDbEntity
  8
LENS_FURNITURE
100
AcDbPolyline
 90
3
 70
0
 10
-261.5002822503448
 20
234.6974164407293
 10
-249.5026785582304
 20
234.6974164407293
 10
-248.4983128663152
 20
235.6926514524384
  0
LWPOLYLINE
  5
19C
330
191
100
AcDbEntity
  8
LENS_FURNITURE
100
AcDbPolyline
 90
3
 70
0
 10
-248.4983128663152
 20
265.6957913879305
 10
-249.5026785582304
 20
266.6910264015314
 10
-261.5002822503448
 20
266.6910264015314
  0
LWPOLYLINE
  5
19D
330
191
100
AcDbEntity
  8
LENS_FURNITURE
100
AcDbPolyline
 90
3
 70
0
 10
261.500282490626
 20
266.8827689259487
 10
249.4935479089618
 20
266.8827689259487
 10
248.4983131065965
 20
265.887533912377
  0
LWPOLYLINE
  5
19E
330
191
100
AcDbEntity
  8
LENS_FURNITURE
100
AcDbPolyline
 90
3
 70
0
 10
248.4983131065965
 20
235.8843939806102
 10
249.4935479089618
 20
234.8800283696619
 10
261.500282490626
 20
234.8800283696619
  0
LWPOLYLINE
  5
19F
330
191
100
AcDbEntity
  8
LENS_FURNITURE
100
AcDbPolyline
 90
6
 70
0
 10
-248.4983128663152
 20
215.3679437555839
 10
-248.4983128663152
 20
209.633929185482
 10
-242.4995111394673
 20
209.633929185482
 10
-242.4995111394673
 20
215.3679437555839
 10
-248.4983128663152
 20
215.3679437555839
 10
-248.4983128663152
 20
235.9391775574186
  0
LWPOLYLINE
  5
1A0
330
191
100
AcDbEntity
  8
LENS_FURNITURE
100
AcDbPolyline
 90
6
 70
0
 10
242.49951114133
 20
214.3087945678271
 10
242.49951114133
 20
209.7617575375771
 10
248.4983131065965
 20
209.7617575375771
 10
248.4983131065965
 20
214.3087945678271
 10
242.49951114133
 20
214.3087945678271
 10
242.49951114133
 20
235.9026551716379
  0
LWPOLYLINE
  5
1A1
330
191
100
AcDbEntity
  8
LENS_FURNITURE
100
AcDbPolyline
 90
2
 70
0
 10
261.500282490626
 20
193.9840868709725
 10
248.4983131065965
 20
193.9840868709725
  0
LWPOLYLINE
  5
1A2
330
191
100
AcDbEntity
  8
LENS_FURNITURE
100
AcDbPolyline
 90
12
 70
0
 10
-199.0013494417071
 20
-205.7260339055793
 10
-199.0470024608075
 20
-205.7260339055793
 10
-205.8219052646309
 20
-205.2603734877485
 10
-212.3685427363962
 20
-203.8999146163405
 10
-218.3308223336935
 20
-201.8363998194691
 10
-224.0100534074008
 20
-199.0150455166586
 10
-228.6575268339366
 20
-195.974556897243
 10
-232.9671685425565
 20
-192.4044936858117
 10
-236.8568024337292
 20
-188.3779006520635
 10
-240.8833953794092
 20
-183.0273711326881
 10
-240.8651343155652
 20
-183.0547629211214
 10
-240.8576738061384
 20
-183.0615499132545
  0
LWPOLYLINE
  5
1A3
330
191
100
AcDbEntity
  8
LENS_FURNITURE
100
AcDbPolyline
 90
53
 70
0
 10
249.0004958333448
 20
-155.7268877471797
 10
248.9913651822135
 20
-156.256462341058
 10
248.9822345301509
 20
-156.7951675323129
 10
248.9731041174382
 20
-157.3247421280539
 10
248.9457121640444
 20
-157.8634473174461
 10
248.9274510992691
 20
-158.4021525068674
 10
248.8544063642621
 20
-159.4613016964868
 10
248.8087533470243
 20
-160.000006885879
 10
248.7631003279239
 20
-160.5295814797864
 10
248.7083168961108
 20
-161.0591560736648
 10
248.6535329874605
 20
-161.5978612649196
 10
248.5804882533848
 20
-162.127435858798
 10
248.5165741704404
 20
-162.6570104526763
 10
248.3522233990953
 20
-163.7161596423247
 10
248.2609173618257
 20
-164.2366036388266
 10
248.1696115639061
 20
-164.766178232705
 10
248.0691748745739
 20
-165.295752828446
 10
247.968738425523
 20
-165.8161968249478
 10
247.8591713234782
 20
-166.3366408233414
 10
247.7404735703021
 20
-166.8662154172198
 10
247.621775817126
 20
-167.3866594137216
 10
247.4939474128187
 20
-167.8979728165723
 10
247.2200293019414
 20
-168.9388608114386
 10
246.9278503647074
 20
-169.9614876134437
 10
246.7726302444935
 20
-170.4728010144317
 10
246.4439289402217
 20
-171.4954278145451
 10
246.2704472793266
 20
-172.0067412173957
 10
246.0969660952687
 20
-172.5089240210072
 10
245.9143542591482
 20
-173.0111068264814
 10
245.7226117718965
 20
-173.5132896319555
 10
245.5308690462262
 20
-174.0063418400532
 10
245.3299961462617
 20
-174.5085246455273
 10
245.1291230078787
 20
-175.001576853625
 10
244.7091154269874
 20
-175.9876812679577
 10
244.4899809863418
 20
-176.4716028805414
 10
244.0334512777627
 20
-177.4394461057091
 10
243.796056009829
 20
-177.9233677182928
 10
243.5586602659896
 20
-178.3981587316375
 10
243.0656081903726
 20
-179.3477407639147
 10
242.8099513817579
 20
-179.8134011836082
 10
242.0155897168442
 20
-181.2103824389632
 10
241.7416716050357
 20
-181.6669122612802
 10
241.1755745569244
 20
-182.5799719077768
 10
240.8833956196904
 20
-183.0273711326881
 10
236.8568024355918
 20
-188.3779006520635
 10
232.9671683069319
 20
-192.4044936858117
 10
228.6575268357992
 20
-195.974556897243
 10
224.0100531708449
 20
-199.0150455166586
 10
218.3308223355561
 20
-201.8363998194691
 10
212.3594123255462
 20
-203.8999146163405
 10
205.821905028075
 20
-205.2603734877485
 10
199.0378718115389
 20
-205.7260339055793
 10
198.9922192692756
 20
-205.7260339055793
  0
LWPOLYLINE
  5
1A4
330
191
100
AcDbEntity
  8
LENS_FURNITURE
100
AcDbPolyline
 90
2
 70
0
 10
198.9922192692756
 20
-205.7260339055793
 10
-199.0013494417071
 20
-205.7260339055793
  0
LWPOLYLINE
  5
1A5
330
191
100
AcDbEntity
  8
LENS_FURNITURE
100
AcDbPolyline
 90
40
 70
0
 10
-249.0004958314821
 20
-155.7268877471797
 10
-248.9913651794195
 20
-156.256462341058
 10
-248.9822345282882
 20
-156.7951675323129
 10
-248.973103877157
 20
-157.3247421280539
 10
-248.954842813313
 20
-157.8634473174461
 10
-248.9274508580566
 20
-158.4021525068674
 10
-248.8544061239809
 20
-159.4613016964868
 10
-248.8178839962929
 20
-160.000006885879
 10
-248.7083166558296
 20
-161.0591560736648
 10
-248.6535332240164
 20
-161.5978612649196
 10
-248.5896189026535
 20
-162.127435858798
 10
-248.5165741685778
 20
-162.6570104526763
 10
-248.3522233972326
 20
-163.7161596423247
 10
-248.2700480110943
 20
-164.2366036388266
 10
-248.0691748727113
 20
-165.295752828446
 10
-247.9687384227291
 20
-165.8161968249478
 10
-247.859171083197
 20
-166.3366408233414
 10
-247.7404733300209
 20
-166.8662154172198
 10
-247.6217755768448
 20
-167.3866594137216
 10
-247.493947410956
 20
-167.8979728165723
 10
-247.2200295384973
 20
-168.9388608114386
 10
-246.9278503628448
 20
-169.9614876134437
 10
-246.7726300042123
 20
-170.4728010144317
 10
-246.4439286999404
 20
-171.4954278145451
 10
-246.2704475149512
 20
-172.0067412173957
 10
-246.0969660924748
 20
-172.5089240210072
 10
-245.914354018867
 20
-173.0111068264814
 10
-245.7226115316152
 20
-173.5132896319555
 10
-245.5308690443635
 20
-174.0063418400532
 10
-245.3391267955303
 20
-174.5085246455273
 10
-244.7091154251248
 20
-175.9876812679577
 10
-244.4899812228978
 20
-176.4716028805414
 10
-243.8051861822605
 20
-177.9233677182928
 10
-243.0656079500914
 20
-179.3477407639147
 10
-242.5542945712805
 20
-180.2790615995764
 10
-242.289507349953
 20
-180.7447220192698
 10
-242.015589476563
 20
-181.2103824389632
 10
-241.741671603173
 20
-181.6669122612802
 10
-241.1755745550618
 20
-182.5799719077768
 10
-240.8833953794092
 20
-183.0273711326881
  0
LWPOLYLINE
  5
1A6
330
191
100
AcDbEntity
  8
LENS_FURNITURE
100
AcDbPolyline
 90
11
 70
0
 10
248.4983131065965
 20
75.66981807732373
 10
248.6900555938482
 20
75.17676586922607
 10
248.7357086120173
 20
75.00328453583643
 10
248.7904920428992
 20
74.83893379979418
 10
248.8270146492869
 20
74.66545246637543
 10
248.8726674299687
 20
74.49197113484843
 10
248.9548428151756
 20
73.97152713645482
 10
248.9731041174382
 20
73.79804580492782
 10
248.9913651822135
 20
73.45108313995297
 10
249.0004958333448
 20
73.26847121102037
 10
249.0004958333448
 20
-155.7268877471797
  0
LWPOLYLINE
  5
1A7
330
191
100
AcDbEntity
  8
LENS_FURNITURE
100
AcDbPolyline
 90
30
 70
0
 10
-249.0004958314821
 20
-155.7268877471797
 10
-249.0004958314821
 20
48.26889812995796
 10
-248.9913651794195
 20
48.46064065812971
 10
-248.9822345282882
 20
48.6432525870623
 10
-248.973103877157
 20
48.83499511150876
 10
-248.954842813313
 20
49.01760704041226
 10
-248.9274508580566
 20
49.20021896934485
 10
-248.8909287303686
 20
49.39196149379132
 10
-248.8544061239809
 20
49.57457342272391
 10
-248.8087531058118
 20
49.75718535162741
 10
-248.7631000876427
 20
49.93066668504616
 10
-248.7083166558296
 20
50.11327861397877
 10
-248.5804882515222
 20
50.46024127892451
 10
-248.4343987833709
 20
50.80720394389937
 10
-248.3522233972326
 20
50.98068527728901
 10
-248.2700480110943
 20
51.14503601333126
 10
-248.1787419747561
 20
51.30938674937351
 10
-247.9778688363731
 20
51.61982702853856
 10
-247.8683017343283
 20
51.77504716906696
 10
-247.7587346322835
 20
51.92113671218976
 10
-247.6400368800387
 20
52.07635684899287
 10
-247.5213391268626
 20
52.21331579663092
 10
-247.2656825575977
 20
52.48723369184881
 10
-247.1287235012278
 20
52.62419263762422
 10
-246.9917644457892
 20
52.74289039050927
 10
-246.8548056278378
 20
52.87071874074172
 10
-246.7087161596865
 20
52.98941649548942
 10
-246.5626264531165
 20
53.09898365283152
 10
-246.2704475149512
 20
52.92550231941277
 10
-245.4578243102878
 20
52.29549116556881
  0
LWPOLYLINE
  5
1A8
330
191
100
AcDbEntity
  8
LENS_FURNITURE
100
AcDbPolyline
 90
18
 70
0
 10
-235.998526209034
 20
193.4910346647375
 10
-236.5372317805886
 20
193.4910346647375
 10
-237.0850672870874
 20
193.5001652602513
 10
-238.1624777149409
 20
193.4819040654984
 10
-238.7103134598583
 20
193.4727734699845
 10
-239.2490187939257
 20
193.4545122770941
 10
-239.796854538843
 20
193.4271204868273
 10
-240.335559871979
 20
193.3997286984231
 10
-241.4129700604826
 20
193.3266839268326
 10
-241.9608060447499
 20
193.2810309436754
 10
-242.4995111394673
 20
193.2353779623809
 10
-242.4995111394673
 20
58.99734895897563
 10
-242.1799402479082
 20
56.97035654791398
 10
-241.2486192891374
 20
54.76075220605707
 10
-239.7512015206739
 20
52.45984190161107
 10
-237.6968173552305
 20
50.04936443979386
 10
-235.998526209034
 20
48.35107349889586
 10
-235.998526209034
 20
193.3905981029093
  0
LWPOLYLINE
  5
1A9
330
191
100
AcDbEntity
  8
LENS_FURNITURE
100
AcDbPolyline
 90
37
 70
0
 10
-248.9927867855877
 20
48.27711475553224
 10
-235.998526209034
 20
48.35107349889586
 10
-236.0259184017778
 20
48.36020409630146
 10
-236.4276644401252
 20
48.4789018491574
 10
-238.0803023288026
 20
48.98108465276891
 10
-240.6825224794447
 20
49.86675251086126
 10
-242.8099511414766
 20
50.72502857679501
 10
-244.4169364878908
 20
51.54678225511452
 10
-245.4578243102878
 20
52.29549116556881
 10
-245.2934737764299
 20
52.45071130606811
 10
-245.1291230050847
 20
52.61506204211037
 10
-244.8186825271696
 20
52.94376351230312
 10
-244.5265033505857
 20
53.29072617727797
 10
-244.3804138824344
 20
53.47333810621058
 10
-244.2434548269957
 20
53.65595003697672
 10
-244.1156266611069
 20
53.83856196590932
 10
-243.9877982567996
 20
54.03030449035577
 10
-243.8691005036235
 20
54.22204701666487
 10
-243.6317049982026
 20
54.62379326028167
 10
-243.5312685482204
 20
54.82466638210462
 10
-243.4217014461756
 20
55.02553950206493
 10
-243.3303954098374
 20
55.23554322312702
 10
-243.2390893725678
 20
55.43641634494997
 10
-243.1477833352983
 20
55.65555065780063
 10
-243.0656079500914
 20
55.86555437697097
 10
-242.9925632150844
 20
56.08468869357603
 10
-242.9195184810087
 20
56.29469241088372
 10
-242.7916903151199
 20
56.73296103844768
 10
-242.736906407401
 20
56.96122595240012
 10
-242.6912536267191
 20
57.18036026525078
 10
-242.6456006076187
 20
57.40862517734058
 10
-242.6090782415122
 20
57.62775949019124
 10
-242.572555873543
 20
57.85602440414368
 10
-242.5451641585678
 20
58.08428931437084
 10
-242.50864155218
 20
58.54081913665869
 10
-242.4995111394673
 20
58.76908404874848
 10
-242.4995111394673
 20
58.99734895897563
  0
LWPOLYLINE
  5
1AA
330
191
100
AcDbEntity
  8
LENS_FURNITURE
100
AcDbPolyline
 90
48
 70
0
 10
238.0163882486522
 20
246.05587842362
 10
238.5277016274631
 20
245.4076060768566
 10
240.2442538365722
 20
242.3762480548467
 10
241.5042763389647
 20
239.0527109465329
 10
242.2438545711338
 20
235.6378678737674
 10
242.49951114133
 20
232.0769352578791
 10
242.49951114133
 20
193.2353779623809
 10
242.49951114133
 20
83.9969220382045
 10
242.1708095986396
 20
81.9151460484427
 10
241.24861953035
 20
79.76032528525684
 10
239.7146791554987
 20
77.40463140211068
 10
237.6968173570931
 20
75.04893751713098
 10
235.9985264493153
 20
73.35064657812472
 10
236.0259181652218
 20
73.35977717363858
 10
236.4276644419879
 20
73.47847492835717
 10
238.071171679534
 20
73.98065773383132
 10
240.6825224813074
 20
74.86632558819838
 10
242.8099513817579
 20
75.72460165416123
 10
244.4169362522662
 20
76.54635533617692
 10
245.4578243121505
 20
77.29506424476858
 10
245.293473539874
 20
77.45028438343434
 10
245.1291230078787
 20
77.61463511944748
 10
244.8186827674508
 20
77.94333659339463
 10
244.5265035917982
 20
78.29029925834038
 10
244.3804141227156
 20
78.47291118727298
 10
244.243455067277
 20
78.65552311620559
 10
244.1156266629696
 20
78.83813504513819
 10
243.8599698543549
 20
79.22162009400199
 10
243.7504029916599
 20
79.42249321582494
 10
243.6317050000653
 20
79.62336633951053
 10
243.5221378989518
 20
79.82423946133349
 10
243.4217012096196
 20
80.02511258312734
 10
243.3303954117
 20
80.23511630046414
 10
243.2299587223679
 20
80.4359894222871
 10
243.1477835755795
 20
80.65512373886305
 10
243.0656081903726
 20
80.86512745619984
 10
242.9925634562969
 20
81.08426177091314
 10
242.9195187212899
 20
81.29426548822084
 10
242.791690078564
 20
81.73253411951009
 10
242.7369066476822
 20
81.96079902973725
 10
242.6912536285818
 20
82.17993334445055
 10
242.6456006094813
 20
82.40819825654035
 10
242.6090782433748
 20
82.62733257125365
 10
242.5725558754057
 20
82.85559748148079
 10
242.5451641604304
 20
83.0838623935706
 10
242.5086417924613
 20
83.54039221588754
 10
242.49951114133
 20
83.76865712797735
 10
242.49951114133
 20
83.9969220382045
  0
LWPOLYLINE
  5
1AB
330
191
100
AcDbEntity
  8
LENS_FURNITURE
100
AcDbPolyline
 90
41
 70
0
 10
-237.9707354661077
 20
201.772485642432
 10
-238.1807390172034
 20
201.6081349064188
 10
-238.3724815044552
 20
201.4529147677531
 10
-238.5733546428383
 20
201.2885640317108
 10
-238.76509713009
 20
201.1150827001547
 10
-238.9477092046291
 20
200.9416013667651
 10
-239.1394516918808
 20
200.7681200333463
 10
-239.31293287687
 20
200.5855081044138
 10
-239.4864142984152
 20
200.3937655781338
 10
-239.6598954834044
 20
200.2111536492011
 10
-239.8333769068122
 20
200.0102805273782
 10
-239.9885972645134
 20
199.8185380029317
 10
-240.1529477983713
 20
199.6176648811088
 10
-240.3081679176539
 20
199.407661163772
 10
-240.4542576242238
 20
199.2067880419781
 10
-240.6003470933065
 20
198.996784320916
 10
-240.8742649666965
 20
198.5585156933521
 10
-241.1299215368927
 20
198.1202470620628
 10
-241.2486192891374
 20
197.8919821518357
 10
-241.3581866286695
 20
197.6637172416085
 10
-241.4677534922958
 20
197.4263217321422
 10
-241.5773208327591
 20
197.1980568219151
 10
-241.6777575202286
 20
196.9606613143114
 10
-241.7690633200109
 20
196.7232658067369
 10
-241.8512387052178
 20
196.4858702991041
 10
-241.942544741556
 20
196.239344194124
 10
-242.015589476563
 20
196.0019486865494
 10
-242.0886342106387
 20
195.7554225834319
 10
-242.1525482935831
 20
195.5088964784518
 10
-242.2164626149461
 20
195.2532397779286
 10
-242.2712460467592
 20
195.0067136729485
 10
-242.3168990649283
 20
194.760187569831
 10
-242.3625520840287
 20
194.5045308674744
 10
-242.4355968181044
 20
193.9932174664864
 10
-242.462988534011
 20
193.7466913633689
 10
-242.4995111394673
 20
193.2353779623809
 10
-242.4995111394673
 20
232.0769352578791
 10
-242.1708095967769
 20
236.1035282934608
 10
-241.1573134902865
 20
240.1301213272091
 10
-239.5046756025404
 20
243.8280128888727
 10
-237.9707354661077
 20
246.0376172307296
  0
SPLINE
  5
1AC
330
191
100
AcDbEntity
  8
LENS_FURNITURE
100
AcDbSpline
 70
0
 71
3
 72
8
 73
0
 74
4
 40
0.0
 40
0.0
 40
0.0
 40
0.0
 40
1.0
 40
1.0
 40
1.0
 40
1.0
 11
-147.185214869678
 21
331.1256455461553
 31
0.0
 11
-173.1104475129396
 21
331.1268626547826
 31
0.0
 11
-194.7351094987243
 21
327.3390411077707
 31
0.0
 11
-196.9946135012433
 21
322.4022024771257
 31
0.0
  0
LWPOLYLINE
  5
1AD
330
191
100
AcDbEntity
  8
LENS_FURNITURE
100
AcDbPolyline
 90
30
 70
0
 10
-246.5626264531165
 20
53.09898365283152
 10
-246.179141478613
 20
53.39116273910622
 10
-245.8139175679534
 20
53.70160301827127
 10
-245.4669549614191
 20
54.03030449035577
 10
-245.1382534187287
 20
54.37726715716417
 10
-244.9739026464522
 20
54.55987908609677
 10
-244.6634624069556
 20
54.92510294209933
 10
-244.517372937873
 20
55.11684546840843
 10
-244.3804138824344
 20
55.30858799282578
 10
-244.2434548269957
 20
55.50946111464873
 10
-244.1064960099757
 20
55.70120364095783
 10
-243.9786678440869
 20
55.91120736015728
 10
-243.8599700909108
 20
56.11208048195113
 10
-243.62257434614
 20
56.53208791848737
 10
-243.5130072459578
 20
56.75122223133803
 10
-243.4125705566257
 20
56.96122595240012
 10
-243.3121341066435
 20
57.18036026525078
 10
-243.2208280693739
 20
57.39949457996408
 10
-243.0564775364473
 20
57.85602440414368
 10
-242.9103880673647
 20
58.31255422459799
 10
-242.7825594246387
 20
58.76908404874848
 10
-242.7277759937569
 20
59.00647955451859
 10
-242.6821229755879
 20
59.24387506395579
 10
-242.6364699564874
 20
59.47213997418294
 10
-242.5999475894496
 20
59.70953548364923
 10
-242.572555873543
 20
59.94693098939023
 10
-242.5451641585678
 20
60.19345709437039
 10
-242.50864155218
 20
60.66824810957768
 10
-242.4995111394673
 20
60.90564361718134
 10
-242.4995111394673
 20
61.14303912478499
  0
LWPOLYLINE
  5
1AE
330
191
100
AcDbEntity
  8
LENS_FURNITURE
100
AcDbPolyline
 90
2
 70
0
 10
147.2308676522225
 20
331.1256455461553
 10
-147.1943452823907
 20
331.1256455461553
  0
SPLINE
  5
1AF
330
191
100
AcDbEntity
  8
LENS_FURNITURE
100
AcDbSpline
 70
0
 71
3
 72
8
 73
0
 74
4
 40
0.0
 40
0.0
 40
0.0
 40
0.0
 40
1.0
 40
1.0
 40
1.0
 40
1.0
 11
197.0474022049457
 21
322.4059259353089
 31
0.0
 11
194.7886019721627
 21
327.3390411077707
 31
0.0
 11
173.1639402247965
 21
331.1268626547826
 31
0.0
 11
147.2390387244522
 21
331.1268626547826
 31
0.0
  0
LWPOLYLINE
  5
1B0
330
191
100
AcDbEntity
  8
LENS_FURNITURE
100
AcDbPolyline
 90
20
 70
0
 10
-147.1943452823907
 20
331.1256455461553
 10
-147.1943452823907
 20
380.5769559177861
 10
-151.5496397707611
 20
380.5495641275193
 10
-155.868411893025
 20
380.4491275675246
 10
-160.1324005834758
 20
380.2847768315114
 10
-164.2868219334632
 20
380.0565119194216
 10
-168.3225455321371
 20
379.7643328331469
 10
-172.1939183576032
 20
379.417370168172
 10
-175.8644182831049
 20
379.0064933290123
 10
-179.324914181605
 20
378.5499635048618
 10
-182.5480148121714
 20
378.0386501038447
 10
-185.4880669172853
 20
377.4725531241856
 10
-188.1450704988092
 20
376.8790643542597
 10
-190.491633602418
 20
376.2399226048728
 10
-192.5003649890422
 20
375.56425846598
 10
-194.1712641799822
 20
374.8612025405455
 10
-195.4860701132566
 20
374.1398854184954
 10
-196.4265212463215
 20
373.4003071072802
 10
-197.001748945564
 20
372.6515981986886
 10
-197.001748945564
 20
322.3967953379324
  0
LWPOLYLINE
  5
1B1
330
191
100
AcDbEntity
  8
LENS_FURNITURE
100
AcDbPolyline
 90
11
 70
0
 10
-237.9707354661077
 20
230.1686405996734
 10
-237.9707354661077
 20
230.4151667065162
 10
-237.9707354661077
 20
290.9418905702769
 10
-237.9707354661077
 20
291.0423271302425
 10
-237.9616045765579
 20
291.1427636920707
 10
-237.943343273364
 20
291.2432002520654
 10
-237.9250824470073
 20
291.3345062183798
 10
-237.8976904936135
 20
291.4258121809981
 10
-237.8611681256443
 20
291.5262487428263
 10
-237.8246457595378
 20
291.6175547091407
 10
-237.7881233915687
 20
291.699730076245
  0
LWPOLYLINE
  5
1B2
330
191
100
AcDbEntity
  8
LENS_FURNITURE
100
AcDbPolyline
 90
3
 70
0
 10
196.9560961686075
 20
321.200687206263
 10
197.0108795994893
 20
321.6754782196076
 10
197.0291409026831
 20
321.9220043245877
  0
LWPOLYLINE
  5
1B3
330
191
100
AcDbEntity
  8
LENS_FURNITURE
100
AcDbPolyline
 90
20
 70
0
 10
197.0474022049457
 20
322.3967953379324
 10
197.0474022049457
 20
372.6515981986886
 10
196.4721745047718
 20
373.4003071072802
 10
195.531722895801
 20
374.1398854184954
 10
194.2169169615954
 20
374.8612025405455
 10
192.546018009074
 20
375.56425846598
 10
190.5372868617996
 20
376.2399226048728
 10
188.1907232813537
 20
376.8790643542597
 10
185.5337199382484
 20
377.4725531241856
 10
182.5936678322032
 20
378.0386501038447
 10
179.3705674409866
 20
378.5499635048618
 10
175.9100713040679
 20
379.0064933290123
 10
172.2304407265037
 20
379.417370168172
 10
168.3681985521689
 20
379.7643328331469
 10
164.3324747160077
 20
380.0565119194216
 10
160.1780536044389
 20
380.2847768315114
 10
155.9140649139881
 20
380.4491275675246
 10
151.5952930301428
 20
380.5495641275193
 10
147.2308676522225
 20
380.5769559177861
 10
147.2308676522225
 20
331.1256455461553
  0
LWPOLYLINE
  5
1B4
330
191
100
AcDbEntity
  8
LENS_FURNITURE
100
AcDbPolyline
 90
2
 70
0
 10
-147.1943452823907
 20
380.5769559177861
 10
147.2308676522225
 20
380.5769559177861
  0
LWPOLYLINE
  5
1B5
330
191
100
AcDbEntity
  8
LENS_FURNITURE
100
AcDbPolyline
 90
2
 70
0
 10
-237.7881233915687
 20
231.2460509821831
 10
-197.001748945564
 20
322.3967953379324
  0
LWPOLYLINE
  5
1B6
330
191
100
AcDbEntity
  8
LENS_FURNITURE
100
AcDbPolyline
 90
2
 70
0
 10
197.0474022049457
 20
322.3967953379324
 10
237.8246457614005
 20
231.2460509821831
  0
LWPOLYLINE
  5
1B7
330
191
100
AcDbEntity
  8
LENS_FURNITURE
100
AcDbPolyline
 90
6
 70
0
 10
238.0163882486522
 20
199.407661163772
 10
238.0163882486522
 20
199.4624447406095
 10
238.0255186613649
 20
230.4151667065162
 10
237.8246457614005
 20
231.2460509821831
 10
237.8246457614005
 20
291.699730076245
 10
197.0474022049457
 20
372.6515981986886
  0
LWPOLYLINE
  5
1B8
330
191
100
AcDbEntity
  8
LENS_FURNITURE
100
AcDbPolyline
 90
6
 70
0
 10
-197.001748945564
 20
372.6515981986886
 10
-237.7881233915687
 20
291.699730076245
 10
-237.7881233915687
 20
231.2460509821831
 10
-237.9707354661077
 20
230.4151667065162
 10
-237.9707354661077
 20
199.4624447406095
 10
-237.9707354661077
 20
199.407661163772
  0
LWPOLYLINE
  5
1B9
330
191
100
AcDbEntity
  8
LENS_FURNITURE
100
AcDbPolyline
 90
11
 70
0
 10
238.0163882486522
 20
230.1686405996734
 10
238.0163882486522
 20
230.4151667065162
 10
238.0163882486522
 20
290.9418905702769
 10
238.0163882486522
 20
291.0423271302425
 10
238.0072578350082
 20
291.1427636920707
 10
237.9889965318144
 20
291.2432002520654
 10
237.9707352295518
 20
291.3345062183798
 10
237.9433435136452
 20
291.4258121809981
 10
237.9068211466074
 20
291.5262487428263
 10
237.8702987795696
 20
291.6175547091407
 10
237.8246457614005
 20
291.699730076245
  0
LWPOLYLINE
  5
1BA
330
191
100
AcDbEntity
  8
LENS_FURNITURE
100
AcDbPolyline
 90
2
 70
0
 10
-318.4934651684016
 20
240.6962183068681
 10
-318.4934651684016
 20
290.6953644652968
  0
LWPOLYLINE
  5
1BB
330
191
100
AcDbEntity
  8
LENS_FURNITURE
100
AcDbPolyline
 90
2
 70
0
 10
318.4934654096141
 20
290.8871069916058
 10
318.4934654096141
 20
240.8879608331772
  0
LWPOLYLINE
  5
1BC
330
191
100
AcDbEntity
  8
LENS_FURNITURE
100
AcDbPolyline
 90
81
 70
0
 10
-316.4938646722585
 20
-111.7995882283139
 10
-316.4938646722585
 20
155.188182556798
 10
-311.4994284007698
 20
155.188182556798
 10
-311.4994284007698
 20
-91.80358200351475
 10
-311.4902977496385
 20
-91.967932739557
 10
-311.4902977496385
 20
-92.14141407297573
 10
-311.4720366857946
 20
-92.31489540453185
 10
-311.4537753826007
 20
-92.479246140545
 10
-311.4263836666942
 20
-92.65272747396375
 10
-311.3533389326185
 20
-92.98142894601914
 10
-311.3076859135181
 20
-93.15491027757525
 10
-311.262032895349
 20
-93.31013041810365
 10
-311.1524655558169
 20
-93.63883189015905
 10
-311.0794208208099
 20
-93.79405203068745
 10
-311.0155069762841
 20
-93.9492721693241
 10
-310.9333313517272
 20
-94.10449230798986
 10
-310.8602866176516
 20
-94.25058185114176
 10
-310.5863687451929
 20
-94.6888504824019
 10
-310.4859322952107
 20
-94.82580942817731
 10
-310.3763651940972
 20
-94.95363777840976
 10
-310.2667978536338
 20
-95.0905967260478
 10
-310.1481001004577
 20
-95.21842507630934
 10
-309.9107045950368
 20
-95.45582058391302
 10
-309.7828761907294
 20
-95.57451833676896
 10
-309.6550480248406
 20
-95.68408549414016
 10
-309.244171096012
 20
-95.98539517779135
 10
-309.0980816278606
 20
-96.07670114224312
 10
-308.9519921597093
 20
-96.15887650934746
 10
-308.7967720385641
 20
-96.24105187828536
 10
-308.486331560649
 20
-96.38714141957462
 10
-308.1758913211524
 20
-96.51496977166971
 10
-308.0115405488759
 20
-96.56975335034076
 10
-307.6828392446041
 20
-96.66105931482161
 10
-307.5184884732589
 20
-96.69758170060231
 10
-307.3450070507825
 20
-96.72497348900652
 10
-307.1806562785059
 20
-96.75236527927338
 10
-307.0071750953794
 20
-96.77975706954022
 10
-306.8428240846842
 20
-96.78888766505408
 10
-306.6693429006264
 20
-96.79801826243057
 10
-306.4958614781499
 20
-96.79801826243057
 10
-271.4982854453847
 20
-96.79801826243057
 10
-271.3248040229082
 20
-96.79801826243057
 10
-271.1604532506317
 20
-96.78888766505408
 10
-270.9869720665738
 20
-96.77975706954022
 10
-270.8134906440973
 20
-96.75236527927338
 10
-270.4847891014069
 20
-96.69758170060231
 10
-270.3113079164177
 20
-96.66105931482161
 10
-269.9826063737273
 20
-96.56975335034076
 10
-269.8273862535134
 20
-96.51496977166971
 10
-269.6630357205868
 20
-96.45105559748481
 10
-269.5078153628856
 20
-96.38714141957462
 10
-269.1973748840392
 20
-96.24105187828536
 10
-269.0512854149565
 20
-96.15887650934746
 10
-268.8960652947426
 20
-96.07670114224312
 10
-268.7591064777225
 20
-95.98539517779135
 10
-268.6130167711526
 20
-95.88495861779666
 10
-268.3390988977626
 20
-95.68408549414016
 10
-268.2112707318738
 20
-95.57451833676896
 10
-268.0834423284978
 20
-95.45582058391302
 10
-267.8460468221456
 20
-95.21842507630934
 10
-267.7273490689695
 20
-95.0905967260478
 10
-267.6177817294374
 20
-94.95363777840976
 10
-267.5173452794552
 20
-94.82580942817731
 10
-267.4169088285416
 20
-94.6888504824019
 10
-267.3164721410722
 20
-94.5427609392791
 10
-267.2251661028713
 20
-94.3966713961272
 10
-267.060815570876
 20
-94.10449230798986
 10
-266.9786401847377
 20
-93.9492721693241
 10
-266.8508117804304
 20
-93.63883189015905
 10
-266.7868974590674
 20
-93.4744811541168
 10
-266.7321140281856
 20
-93.31013041810365
 10
-266.6864610090852
 20
-93.15491027757525
 10
-266.6408079899848
 20
-92.98142894601914
 10
-266.5677632559091
 20
-92.65272747396375
 10
-266.5403715409338
 20
-92.479246140545
 10
-266.52211023774
 20
-92.31489540453185
 10
-266.5038491729647
 20
-91.967932739557
 10
-266.4947185218334
 20
-91.80358200351475
 10
-266.4947185218334
 20
155.188182556798
 10
-261.5002822503448
 20
155.188182556798
 10
-261.5002822503448
 20
-111.7995882283139
  0
LWPOLYLINE
  5
1BD
330
191
100
AcDbEntity
  8
LENS_FURNITURE
100
AcDbPolyline
 90
4
 70
0
 10
-316.4938646722585
 20
155.188182556798
 10
-316.4938646722585
 20
187.0174417796661
 10
-311.4994284007698
 20
187.0174417796661
 10
-311.4994284007698
 20
155.188182556798
  0
LWPOLYLINE
  5
1BE
330
191
100
AcDbEntity
  8
LENS_FURNITURE
100
AcDbPolyline
 90
4
 70
1
 10
-261.5002822503448
 20
-111.7995882283139
 10
-316.4938646722585
 20
-111.7995882283139
 10
-316.4938646722585
 20
-121.7975913397967
 10
-261.5002822503448
 20
-121.7975913397967
  0
LWPOLYLINE
  5
1BF
330
191
100
AcDbEntity
  8
LENS_FURNITURE
100
AcDbPolyline
 90
4
 70
0
 10
-266.4947185218334
 20
155.188182556798
 10
-266.4947185218334
 20
187.0174417796661
 10
-261.5002822503448
 20
187.0174417796661
 10
-261.5002822503448
 20
155.188182556798
  0
LWPOLYLINE
  5
1C0
330
191
100
AcDbEntity
  8
LENS_FURNITURE
100
AcDbPolyline
 90
4
 70
0
 10
-266.4947185218334
 20
187.0174417796661
 10
-266.4947185218334
 20
241.6549309346592
 10
-311.4994284007698
 20
241.6549309346592
 10
-311.4994284007698
 20
187.0174417796661
  0
LWPOLYLINE
  5
1C1
330
191
100
AcDbEntity
  8
LENS_FURNITURE
100
AcDbPolyline
 90
2
 70
0
 10
-316.4938646722585
 20
290.2023122571991
 10
-316.4938646722585
 20
187.0174417796661
  0
LWPOLYLINE
  5
1C2
330
191
100
AcDbEntity
  8
LENS_FURNITURE
100
AcDbPolyline
 90
2
 70
0
 10
-266.4947185218334
 20
115.2692148787901
 10
-311.4994284007698
 20
115.2692148787901
  0
LWPOLYLINE
  5
1C3
330
191
100
AcDbEntity
  8
LENS_FURNITURE
100
AcDbPolyline
 90
2
 70
0
 10
-266.4947185218334
 20
152.7046603233902
 10
-311.4994284007698
 20
152.7046603233902
  0
LWPOLYLINE
  5
1C4
330
191
100
AcDbEntity
  8
LENS_FURNITURE
100
AcDbPolyline
 90
2
 70
0
 10
-266.4947185218334
 20
219.8419360179978
 10
-311.4994284007698
 20
219.8419360179978
  0
LWPOLYLINE
  5
1C5
330
191
100
AcDbEntity
  8
LENS_FURNITURE
100
AcDbPolyline
 90
2
 70
0
 10
-266.4947185218334
 20
233.8208791819052
 10
-311.4994284007698
 20
233.8208791819052
  0
LWPOLYLINE
  5
1C6
330
191
100
AcDbEntity
  8
LENS_FURNITURE
100
AcDbPolyline
 90
4
 70
1
 10
316.4938649134711
 20
187.2091843059752
 10
311.4994284026325
 20
187.2091843059752
 10
311.4994284026325
 20
155.3799250812444
 10
316.4938649134711
 20
155.3799250812444
  0
LWPOLYLINE
  5
1C7
330
191
100
AcDbEntity
  8
LENS_FURNITURE
100
AcDbPolyline
 90
6
 70
0
 10
316.4938649134711
 20
155.3799250812444
 10
316.4938649134711
 20
-111.6078457020048
 10
261.500282490626
 20
-111.6078457020048
 10
261.500282490626
 20
-121.6149794108642
 10
316.4938649134711
 20
-121.6149794108642
 10
316.4938649134711
 20
-111.6078457020048
  0
LWPOLYLINE
  5
1C8
330
191
100
AcDbEntity
  8
LENS_FURNITURE
100
AcDbPolyline
 90
83
 70
0
 10
261.500282490626
 20
-111.6078457020048
 10
261.500282490626
 20
155.3799250812444
 10
266.4947185236961
 20
155.3799250812444
 10
266.4947185236961
 20
-91.61183947909738
 10
266.5038491748273
 20
-91.7853208106244
 10
266.5129798268899
 20
-91.94967154666665
 10
266.5221104780212
 20
-92.12315288008539
 10
266.5403715427965
 20
-92.29663421161239
 10
266.5677634961903
 20
-92.46098494765465
 10
266.6042856257409
 20
-92.6253356836969
 10
266.6408082311973
 20
-92.79881701711564
 10
266.7321142684668
 20
-93.12751848917105
 10
266.7868977002799
 20
-93.28273862969945
 10
266.8416811311618
 20
-93.4470893657126
 10
266.9147258661687
 20
-93.60230950251571
 10
266.9786401875317
 20
-93.7575296430441
 10
267.0608155727387
 20
-93.9127497835434
 10
267.1429909579456
 20
-94.0588393266953
 10
267.2251663440838
 20
-94.2140594671946
 10
267.3164723813534
 20
-94.35101841297
 10
267.4077784176916
 20
-94.4971079561219
 10
267.5173452813178
 20
-94.6340669018682
 10
267.6177819697187
 20
-94.77102584950626
 10
267.7273493092507
 20
-94.89885419973871
 10
267.8460470624268
 20
-95.0266825518629
 10
268.0834423303604
 20
-95.2640780576039
 10
268.2112707346678
 20
-95.3827758123225
 10
268.3390991389751
 20
-95.49234296783106
 10
268.6130170114338
 20
-95.69321608965402
 10
268.7591064795852
 20
-95.79365265148226
 10
268.8960655350238
 20
-95.88495861779666
 10
269.0421550041065
 20
-95.967133984901
 10
269.3525954829529
 20
-96.13148472091417
 10
269.8182558426633
 20
-96.32322724536061
 10
269.9826063755899
 20
-96.37801082403166
 10
270.3113079182803
 20
-96.46931678851251
 10
270.4756586905569
 20
-96.50583917429321
 10
270.6491401130334
 20
-96.54236156007391
 10
270.8134908843785
 20
-96.56062275482691
 10
270.9869720693678
 20
-96.58801454323111
 10
271.151322601363
 20
-96.59714514060761
 10
271.4982854472473
 20
-96.61540633352708
 10
306.4958617184311
 20
-96.61540633352708
 10
306.6693431409076
 20
-96.60627573612146
 10
306.8336939122528
 20
-96.59714514060761
 10
307.007175097242
 20
-96.58801454323111
 10
307.1806565197185
 20
-96.56062275482691
 10
307.3450072910637
 20
-96.54236156007391
 10
307.5093578239903
 20
-96.50583917429321
 10
307.6828390080482
 20
-96.46931678851251
 10
308.0115405507386
 20
-96.37801082403166
 10
308.1667606718838
 20
-96.32322724536061
 10
308.3311114422977
 20
-96.25931307117571
 10
308.6415519211441
 20
-96.13148472091417
 10
308.7967718029395
 20
-96.0493093538389
 10
308.9428615104407
 20
-95.967133984901
 10
309.0980816297233
 20
-95.88495861779666
 10
309.2350404467434
 20
-95.79365265148226
 10
309.3811301542446
 20
-95.69321608965402
 10
309.6550480276346
 20
-95.49234296783106
 10
309.782876431942
 20
-95.3827758123225
 10
309.9107045978308
 20
-95.2640780576039
 10
310.1481003407389
 20
-95.0266825518629
 10
310.266798093915
 20
-94.89885419973871
 10
310.3763651959598
 20
-94.77102584950626
 10
310.5772380959243
 20
-94.4971079561219
 10
310.6776750227437
 20
-94.35101841297
 10
310.7689808215946
 20
-94.2140594671946
 10
310.8511562068015
 20
-94.0588393266953
 10
310.9333315929398
 20
-93.9127497835434
 10
311.0155067406595
 20
-93.7575296430441
 10
311.1433353833854
 20
-93.4470893657126
 10
311.2072492279112
 20
-93.28273862969945
 10
311.2620331356302
 20
-93.12751848917105
 10
311.3533389344811
 20
-92.79881701711564
 10
311.389861301519
 20
-92.6253356836969
 10
311.4263836685568
 20
-92.46098494765465
 10
311.4537756228819
 20
-92.29663421161239
 10
311.4720366876572
 20
-92.12315288008539
 10
311.4811673387885
 20
-91.94967154666665
 10
311.4902979899198
 20
-91.7853208106244
 10
311.4994284026325
 20
-91.61183947909738
 10
311.4994284026325
 20
155.3799250812444
  0
LWPOLYLINE
  5
1C9
330
191
100
AcDbEntity
  8
LENS_FURNITURE
100
AcDbPolyline
 90
4
 70
0
 10
261.500282490626
 20
155.3799250812444
 10
261.500282490626
 20
187.2091843059752
 10
266.4947185236961
 20
187.2091843059752
 10
266.4947185236961
 20
155.3799250812444
  0
LWPOLYLINE
  5
1CA
330
191
100
AcDbEntity
  8
LENS_FURNITURE
100
AcDbPolyline
 90
4
 70
0
 10
311.4994284026325
 20
187.2091843059752
 10
311.4994284026325
 20
241.8466734609683
 10
266.4947185236961
 20
241.8466734609683
 10
266.4947185236961
 20
187.2091843059752
  0
LWPOLYLINE
  5
1CB
330
191
100
AcDbEntity
  8
LENS_FURNITURE
100
AcDbPolyline
 90
2
 70
0
 10
261.500282490626
 20
290.3940547816455
 10
261.500282490626
 20
187.2091843059752
  0
LWPOLYLINE
  5
1CC
330
191
100
AcDbEntity
  8
LENS_FURNITURE
100
AcDbPolyline
 90
2
 70
0
 10
311.4994284026325
 20
152.8964028478367
 10
266.4947185236961
 20
152.8964028478367
  0
LWPOLYLINE
  5
1CD
330
191
100
AcDbEntity
  8
LENS_FURNITURE
100
AcDbPolyline
 90
2
 70
0
 10
311.4994284026325
 20
115.4518268077227
 10
266.4947185236961
 20
115.4518268077227
  0
LWPOLYLINE
  5
1CE
330
191
100
AcDbEntity
  8
LENS_FURNITURE
100
AcDbPolyline
 90
2
 70
0
 10
311.4994284026325
 20
220.0336785424442
 10
266.4947185236961
 20
220.0336785424442
  0
LWPOLYLINE
  5
1CF
330
191
100
AcDbEntity
  8
LENS_FURNITURE
100
AcDbPolyline
 90
2
 70
0
 10
311.4994284026325
 20
234.0126217063517
 10
266.4947185236961
 20
234.0126217063517
  0
LWPOLYLINE
  5
1D0
330
191
100
AcDbEntity
  8
LENS_FURNITURE
100
AcDbPolyline
 90
2
 70
0
 10
-249.5026785582304
 20
234.6974164407293
 10
-249.5026785582304
 20
266.6910264015314
  0
LWPOLYLINE
  5
1D1
330
191
100
AcDbEntity
  8
LENS_FURNITURE
100
AcDbPolyline
 90
2
 70
0
 10
249.4935479089618
 20
266.8827689259487
 10
249.4935479089618
 20
234.8800283696619
  0
LWPOLYLINE
  5
1D2
330
191
100
AcDbEntity
  8
LENS_FURNITURE
100
AcDbPolyline
 90
4
 70
1
 10
248.4983131065965
 20
257.6517359141144
 10
242.49951114133
 20
257.6517359141144
 10
242.49951114133
 20
235.9026551716379
 10
248.4983131065965
 20
235.9026551716379
  0
LWPOLYLINE
  5
1D3
330
191
100
AcDbEntity
  8
LENS_FURNITURE
100
AcDbPolyline
 90
4
 70
1
 10
-248.4983128663152
 20
235.9391775574186
 10
-242.4995111394673
 20
235.9391775574186
 10
-242.4995111394673
 20
257.6517359141144
 10
-248.4983128663152
 20
257.6517359141144
  0
LWPOLYLINE
  5
1D4
330
191
100
AcDbEntity
  8
LENS_FURNITURE
100
AcDbPolyline
 90
4
 70
0
 10
242.49951114133
 20
257.6517359141144
 10
242.49951114133
 20
276.6798989156086
 10
248.4983131065965
 20
276.6798989156086
 10
248.4983131065965
 20
257.6517359141144
  0
LWPOLYLINE
  5
1D5
330
191
100
AcDbEntity
  8
LENS_FURNITURE
100
AcDbPolyline
 90
4
 70
0
 10
-242.4995111394673
 20
257.6517359141144
 10
-242.4995111394673
 20
276.6798989156086
 10
-248.4983128663152
 20
276.6798989156086
 10
-248.4983128663152
 20
257.6517359141144
  0
LWPOLYLINE
  5
1D6
330
191
100
AcDbEntity
  8
LENS_FURNITURE
100
AcDbPolyline
 90
21
 70
0
 10
242.49951114133
 20
249.2972401629959
 10
242.4355970583856
 20
249.461590899009
 10
242.3990744529292
 20
249.5072438821662
 10
242.3808131497353
 20
249.5163744777092
 10
242.3808131497353
 20
249.5255050731939
 10
242.2073319656774
 20
249.6076804421609
 10
241.9973284136504
 20
249.6076804421609
 10
241.9973284136504
 20
277.1729511237063
 10
242.0521118454635
 20
277.1729511237063
 10
242.097764864564
 20
277.1638205281925
 10
242.1525485347956
 20
277.1455593353021
 10
242.2438545711338
 20
277.1090369495214
 10
242.2895075902343
 20
277.0816451610881
 10
242.3260297188535
 20
277.0451227734447
 10
242.3716827370226
 20
277.008600387664
 10
242.3990744529292
 20
276.9720780018833
 10
242.4538583606481
 20
276.8807720374316
 10
242.4721191879362
 20
276.8351190561079
 10
242.481250077486
 20
276.7803354774369
 10
242.4903804901987
 20
276.7346824961423
 10
242.49951114133
 20
276.6798989156086
  0
LWPOLYLINE
  5
1D7
330
191
100
AcDbEntity
  8
LENS_FURNITURE
100
AcDbPolyline
 90
45
 70
0
 10
248.4983131065965
 20
276.6798989156086
 10
248.4709211522713
 20
277.2551264926442
 10
248.4435294363648
 20
277.4468690189533
 10
248.4161377204582
 20
277.6294809478859
 10
248.3887460045516
 20
277.8212234723032
 10
248.3522233990953
 20
278.0038354012358
 10
248.3065703809261
 20
278.1955779275449
 10
248.1422196086496
 20
278.743413712451
 10
248.0783055257052
 20
278.9260256413836
 10
247.9322160575539
 20
279.2729883082211
 10
247.8500406723469
 20
279.4464696397481
 10
247.758734873496
 20
279.6199509731668
 10
247.6674288362265
 20
279.7843017092091
 10
247.5761227989569
 20
279.9577830407361
 10
247.4756861105561
 20
280.1130031812645
 10
247.3661192469299
 20
280.2773539173068
 10
247.1469845678657
 20
280.5877941964718
 10
247.0282870531082
 20
280.7338837396237
 10
246.9004586488008
 20
280.8799732846091
 10
246.7726302444935
 20
281.0169322285219
 10
246.6448020786047
 20
281.1630217716447
 10
246.5078430231661
 20
281.2908501237689
 10
246.0695743784309
 20
281.6743351744953
 10
245.9234846718609
 20
281.7839023318665
 10
245.7682647900656
 20
281.9026000847225
 10
245.6130444314331
 20
282.0121672420937
 10
245.2843431271613
 20
282.2130403639167
 10
245.119992355816
 20
282.304346330231
 10
244.9465109333396
 20
282.3956522928201
 10
244.7730297483504
 20
282.4778276617871
 10
244.426067141816
 20
282.6239172049099
 10
244.243455067277
 20
282.6969619765005
 10
244.0699736438692
 20
282.7608761506854
 10
243.8873615702614
 20
282.8156597312191
 10
243.6956193214282
 20
282.8704433080275
 10
243.5130072478205
 20
282.9160962912137
 10
243.3303954117
 20
282.9526186751318
 10
243.1386529244483
 20
282.9891410627752
 10
242.9469104371965
 20
283.016532853042
 10
242.7642983626574
 20
283.0439246414462
 10
242.5725558754057
 20
283.0621858343365
 10
242.1890709009022
 20
283.0804470272269
 10
241.9973284136504
 20
283.0804470272269
 10
241.9973284136504
 20
277.1729511237063
 10
238.0163882486522
 20
277.1729511237063
  0
LWPOLYLINE
  5
1D8
330
191
100
AcDbEntity
  8
LENS_FURNITURE
100
AcDbPolyline
 90
48
 70
0
 10
-237.9707354661077
 20
277.1729511237063
 10
-241.9973281733692
 20
277.1729511237063
 10
-241.9973281733692
 20
283.0804470272269
 10
-242.1890708990395
 20
283.0804470272269
 10
-242.572555873543
 20
283.0621858343365
 10
-242.7642983607948
 20
283.0439246414462
 10
-242.9560410864651
 20
283.016532853042
 10
-243.1386529225856
 20
282.9891410627752
 10
-243.3303954098374
 20
282.9526186751318
 10
-243.5130072459578
 20
282.9160962912137
 10
-243.7047497322783
 20
282.8704433080275
 10
-244.0699736420065
 20
282.7608761506854
 10
-244.2434548269957
 20
282.6969619765005
 10
-244.4260669015348
 20
282.6239172049099
 10
-244.7730295080692
 20
282.4778276617871
 10
-244.946510931477
 20
282.3956522928201
 10
-245.1199921155348
 20
282.304346330231
 10
-245.2843428868801
 20
282.2130403639167
 10
-245.6130444295705
 20
282.0121672420937
 10
-245.7682645497844
 20
281.9026000847225
 10
-245.9234849084169
 20
281.7839023318665
 10
-246.0695743765682
 20
281.6743351744953
 10
-246.2247944967821
 20
281.5465068224002
 10
-246.3617535531521
 20
281.4186784740014
 10
-246.5078430213034
 20
281.2908501237689
 10
-246.6448018383235
 20
281.1630217716447
 10
-246.7726300042123
 20
281.0169322285219
 10
-246.9004586469382
 20
280.8799732846091
 10
-247.028286812827
 20
280.7338837396237
 10
-247.1469848044216
 20
280.5877941964718
 10
-247.3661190066486
 20
280.2773539173068
 10
-247.4756861086935
 20
280.1130031812645
 10
-247.5761225586757
 20
279.9577830407361
 10
-247.6765592470765
 20
279.7843017092091
 10
-247.7678650459274
 20
279.6199509731668
 10
-247.9322160556912
 20
279.2729883082211
 10
-248.0783055238426
 20
278.9260256413836
 10
-248.2061336897313
 20
278.5608017835184
 10
-248.2609175983816
 20
278.3781898564775
 10
-248.3065706174821
 20
278.1955779275449
 10
-248.3522233972326
 20
278.0038354012358
 10
-248.3887457642704
 20
277.8212234723032
 10
-248.416137480177
 20
277.6294809478859
 10
-248.4435294345021
 20
277.4468690189533
 10
-248.4709211494774
 20
277.2551264926442
 10
-248.48005180154
 20
277.0633839663351
 10
-248.4983128663152
 20
276.871641440026
 10
-248.4983128663152
 20
276.6798989156086
  0
LWPOLYLINE
  5
1D9
330
191
100
AcDbEntity
  8
LENS_FURNITURE
100
AcDbPolyline
 90
19
 70
0
 10
-242.4995111394673
 20
249.288109567482
 10
-242.462988534011
 20
249.4341991106048
 10
-242.353421671316
 20
249.5528968653525
 10
-242.1890708990395
 20
249.6076804421609
 10
-241.9973281733692
 20
249.6076804421609
 10
-241.9973281733692
 20
277.1729511237063
 10
-242.0521118436009
 20
277.1729511237063
 10
-242.0977648627013
 20
277.1638205281925
 10
-242.1525482935831
 20
277.1455593353021
 10
-242.2438543308526
 20
277.1090369495214
 10
-242.289507349953
 20
277.0816451610881
 10
-242.3351603681222
 20
277.0451227734447
 10
-242.3716824967414
 20
277.008600387664
 10
-242.3990746894851
 20
276.9720780018833
 10
-242.4538581203669
 20
276.8807720374316
 10
-242.4721194235608
 20
276.8351190561079
 10
-242.4903804883361
 20
276.7803354774369
 10
-242.4995111394673
 20
276.7346824961423
 10
-242.4995111394673
 20
276.6798989156086
  0
LWPOLYLINE
  5
1DA
330
191
100
AcDbEntity
  8
LENS_FURNITURE
100
AcDbPolyline
 90
4
 70
0
 10
-241.9973281733692
 20
249.6076804421609
 10
-240.6551305251196
 20
249.5711580582429
 10
-239.31293287687
 20
249.5528968653525
 10
-237.9707354661077
 20
249.5255050731939
  0
LWPOLYLINE
  5
1DB
330
191
100
AcDbEntity
  8
LENS_FURNITURE
100
AcDbPolyline
 90
3
 70
0
 10
238.0163882486522
 20
249.5346356705995
 10
239.3494554832578
 20
249.5528968653525
 10
241.9973284136504
 20
249.6076804421609
  0
LWPOLYLINE
  5
1DC
330
191
100
AcDbEntity
  8
LENS_FURNITURE
100
AcDbPolyline
 90
2
 70
0
 10
241.9973284136504
 20
283.0804470272269
 10
238.0163882486522
 20
283.0804470272269
  0
LWPOLYLINE
  5
1DD
330
191
100
AcDbEntity
  8
LENS_FURNITURE
100
AcDbPolyline
 90
2
 70
0
 10
-237.9707354661077
 20
283.0804470272269
 10
-241.9973281733692
 20
283.0804470272269
  0
LWPOLYLINE
  5
1DE
330
191
100
AcDbEntity
  8
LENS_FURNITURE
100
AcDbPolyline
 90
2
 70
0
 10
248.4983131065965
 20
214.3087945678271
 10
248.4983131065965
 20
235.9026551716379
  0
LWPOLYLINE
  5
1DF
330
191
100
AcDbEntity
  8
LENS_FURNITURE
100
AcDbPolyline
 90
2
 70
0
 10
-242.4995111394673
 20
235.9391775574186
 10
-242.4995111394673
 20
215.3679437555839
  0
LWPOLYLINE
  5
1E0
330
191
100
AcDbEntity
  8
LENS_FURNITURE
100
AcDbPolyline
 90
4
 70
0
 10
248.4983131065965
 20
75.64242628705688
 10
248.4983131065965
 20
149.4724291795573
 10
242.49951114133
 20
149.4724291795573
 10
242.49951114133
 20
83.8234407066484
  0
LWPOLYLINE
  5
1E1
330
191
100
AcDbEntity
  8
LENS_FURNITURE
100
AcDbPolyline
 90
5
 70
0
 10
-248.4983128663152
 20
50.67024499626132
 10
-248.4983128663152
 20
52.78854337180383
 10
-248.4983128663152
 20
149.3902538124821
 10
-242.4995111394673
 20
149.3902538124821
 10
-242.4995111394673
 20
61.32565105371759
  0
LWPOLYLINE
  5
1E2
330
191
100
AcDbEntity
  8
LENS_FURNITURE
100
AcDbPolyline
 90
2
 70
0
 10
242.49951114133
 20
149.4724291795573
 10
242.49951114133
 20
209.7617575375771
  0
LWPOLYLINE
  5
1E3
330
191
100
AcDbEntity
  8
LENS_FURNITURE
100
AcDbPolyline
 90
2
 70
0
 10
248.4983131065965
 20
149.4724291795573
 10
248.4983131065965
 20
209.7617575375771
  0
LWPOLYLINE
  5
1E4
330
191
100
AcDbEntity
  8
LENS_FURNITURE
100
AcDbPolyline
 90
2
 70
0
 10
-248.4983128663152
 20
209.633929185482
 10
-248.4983128663152
 20
149.3902538124821
  0
LWPOLYLINE
  5
1E5
330
191
100
AcDbEntity
  8
LENS_FURNITURE
100
AcDbPolyline
 90
2
 70
0
 10
-242.4995111394673
 20
209.633929185482
 10
-242.4995111394673
 20
149.3902538124821
  0
LWPOLYLINE
  5
1E6
330
191
100
AcDbEntity
  8
LENS_FURNITURE
100
AcDbPolyline
 90
5
 70
0
 10
241.9973284136504
 20
223.7041783138411
 10
242.1890709009022
 20
223.4485216152098
 10
242.3534214347601
 20
223.2019955102296
 10
242.4629887742922
 20
222.9554694071121
 10
242.49951114133
 20
222.6998127047555
  0
LWPOLYLINE
  5
1E7
330
191
100
AcDbEntity
  8
LENS_FURNITURE
100
AcDbPolyline
 90
7
 70
0
 10
-242.4995111394673
 20
222.6085067421372
 10
-242.4355968181044
 20
222.9919917910302
 10
-242.3990746894851
 20
223.0924283528584
 10
-242.389943799004
 20
223.1198201431543
 10
-242.3808133862912
 20
223.1380813360447
 10
-242.2073319638148
 20
223.3663462462719
 10
-241.9973281733692
 20
223.612872351252
  0
LWPOLYLINE
  5
1E8
330
191
100
AcDbEntity
  8
LENS_FURNITURE
100
AcDbPolyline
 90
3
 70
0
 10
249.0004958333448
 20
73.27760180656333
 10
235.9985264493153
 20
73.35064657812472
 10
235.9985264493153
 20
193.3358145242091
  0
LWPOLYLINE
  5
1E9
330
191
100
AcDbEntity
  8
LENS_FURNITURE
100
AcDbPolyline
 90
3
 70
0
 10
246.5352347390726
 20
78.08942613651743
 10
246.1791414804757
 20
77.87029181997059
 10
245.4578243121505
 20
77.29506424476858
  0
LWPOLYLINE
  5
1EA
330
191
100
AcDbEntity
  8
LENS_FURNITURE
100
AcDbPolyline
 90
33
 70
0
 10
235.9985264493153
 20
193.4910346647375
 10
242.49951114133
 20
193.2353779623809
 10
242.481250077486
 20
193.4910346647375
 10
242.4629887742922
 20
193.737560767855
 10
242.4082053434104
 20
194.248874168843
 10
242.3716827370226
 20
194.4954002719605
 10
242.3260297188535
 20
194.7510569743172
 10
242.2803767006844
 20
194.9975830774347
 10
242.2255932688713
 20
195.2441091824148
 10
242.1708095986396
 20
195.4997658810462
 10
242.1068955156952
 20
195.7371613905125
 10
242.033850543201
 20
195.98368749363
 10
241.9516753954813
 20
196.2302135967475
 10
241.8786306614056
 20
196.4676091062138
 10
241.6960185877979
 20
196.9424001195584
 10
241.4951454484835
 20
197.4171911366284
 10
241.2760112453252
 20
197.8737209589453
 10
241.1573134921491
 20
198.1019858691725
 10
240.901656921953
 20
198.5402545004617
 10
240.7646978665143
 20
198.759388815175
 10
240.6277388110757
 20
198.9693925325118
 10
240.3355596354231
 20
199.3893999708816
 10
240.1894701663405
 20
199.5902730927046
 10
240.0251196343452
 20
199.7911462126649
 10
239.8698992757127
 20
199.982888738974
 10
239.6964180916548
 20
200.1837618607969
 10
239.5320670809597
 20
200.3663737897296
 10
239.3585858969018
 20
200.5581163141469
 10
239.1759740617126
 20
200.7315976475656
 10
238.9933619871736
 20
200.9142095764982
 10
238.8016194999218
 20
201.0876909080543
 10
238.4181345254183
 20
201.4163923801098
 10
238.0163882486522
 20
201.7268326611374
  0
LWPOLYLINE
  5
1EB
330
191
100
AcDbEntity
  8
LENS_FURNITURE
100
AcDbPolyline
 90
2
 70
0
 10
-248.4983128663152
 20
52.78854337180383
 10
-246.9461116660387
 20
52.78854337180383
  0
LWPOLYLINE
  5
1EC
330
191
100
AcDbEntity
  8
LENS_FURNITURE
100
AcDbPolyline
 90
47
 70
0
 10
-187.4967980645597
 20
-205.7077727126889
 10
-187.4967980645597
 20
-262.7192169455812
 10
-187.3598392475396
 20
-264.5909892161144
 10
-186.9215706037357
 20
-266.4536308930256
 10
-186.2367755640298
 20
-268.1793136222986
 10
-185.341977449134
 20
-269.7589068065863
 10
-184.2554363701492
 20
-271.2015410469612
 10
-182.9862834559753
 20
-272.5163469352119
 10
-181.5071267522871
 20
-273.7398468590109
 10
-179.7449217615649
 20
-274.9176938015153
 10
-177.5992315579206
 20
-276.0772795511293
 10
-174.9878809954971
 20
-277.2003429131
 10
-172.0386982373893
 20
-278.2229697169387
 10
-168.9799483790993
 20
-279.0903763783863
 10
-165.8298924826085
 20
-279.8208240940876
 10
-162.5702697243541
 20
-280.4508352498233
 10
-159.2010796256363
 20
-280.9804098437016
 10
-155.7223224248737
 20
-281.4278090705047
 10
-152.1613896004855
 20
-281.783902332827
 10
-148.5182818667963
 20
-282.0669508217252
 10
-144.8112595733255
 20
-282.2678239454108
 10
-141.0677151512354
 20
-282.3865216964332
 10
-137.497651675716
 20
-282.4230440822139
 10
137.4976519159972
 20
-282.4230440822139
 10
139.478991586715
 20
-282.4047828893236
 10
143.2316666599363
 20
-282.3226075222483
 10
146.9386887140572
 20
-282.158256786206
 10
150.6000579893589
 20
-281.9208612786024
 10
154.1701212264597
 20
-281.5921598065179
 10
157.6488784272223
 20
-281.1904135629011
 10
161.0180682875216
 20
-280.7064919521799
 10
164.259429981932
 20
-280.1403949706582
 10
167.3638328593224
 20
-279.482992028381
 10
170.340407570824
 20
-278.7251525205502
 10
173.1891536395997
 20
-277.848615261697
 10
175.9283323688432
 20
-276.825988459721
 10
178.6035970151424
 20
-275.5659661501413
 10
180.7218955019489
 20
-274.2968132413225
 10
182.4293172992766
 20
-273.0093991433096
 10
183.8445596825331
 20
-271.6580708692782
 10
185.0406676242128
 20
-270.1971754378756
 10
186.0176413627341
 20
-268.6267128491017
 10
186.7572195958346
 20
-266.9284219082328
 10
187.2594025619328
 20
-265.1388250047749
 10
187.4876676537096
 20
-263.2853139252402
 10
187.4967980673536
 20
-262.7192169455812
 10
187.4967980673536
 20
-205.7077727126889
  0
LWPOLYLINE
  5
1ED
330
191
100
AcDbEntity
  8
LENS_FURNITURE
100
AcDbPolyline
 90
15
 70
0
 10
167.500791914761
 20
-258.6469709286757
 10
166.8068664623424
 20
-258.8934970336559
 10
165.3551019504666
 20
-259.3500268541102
 10
163.5928964838385
 20
-259.8156872738036
 10
161.5385125558823
 20
-260.281347693468
 10
159.2193409297615
 20
-260.7287469184084
 10
156.6536433845758
 20
-261.1396237575682
 10
153.8688113987445
 20
-261.504847617296
 10
150.9104982288554
 20
-261.8152878964611
 10
147.815225765109
 20
-262.0709445969551
 10
144.6012560240924
 20
-262.2535565258877
 10
141.3051106594503
 20
-262.3722542806063
 10
138.1459243502468
 20
-262.4179072619008
 10
137.4976519159972
 20
-262.4179072619008
 10
-137.497651675716
 20
-262.4179072619008
  0
LWPOLYLINE
  5
1EE
330
191
100
AcDbEntity
  8
LENS_FURNITURE
100
AcDbPolyline
 90
54
 70
0
 10
177.4987951107323
 20
-272.4159103752463
 10
177.2613993659615
 20
-272.4250409707602
 10
176.7866085935384
 20
-272.4067797797324
 10
176.3118175817653
 20
-272.37025739206
 10
176.0744218379259
 20
-272.3428656017932
 10
175.8370265699923
 20
-272.3063432178751
 10
175.5996310645714
 20
-272.2606902347179
 10
175.3713659718632
 20
-272.2241678507999
 10
175.1339707039296
 20
-272.1693842702662
 10
174.9057056121528
 20
-272.1146006915951
 10
174.4491756642237
 20
-271.9867723413336
 10
174.2209108099341
 20
-271.9137275697722
 10
173.9926459556445
 20
-271.8315522008051
 10
173.7735117524862
 20
-271.7493768337299
 10
173.335243107751
 20
-271.5667649047973
 10
173.116108905524
 20
-271.4663283429691
 10
172.9061048775911
 20
-271.3567611874605
 10
172.6869706735015
 20
-271.2471940301184
 10
172.4860975351184
 20
-271.1376268708846
 10
172.2760937456041
 20
-271.0189291180286
 10
171.8743477072566
 20
-270.7632724175346
 10
171.6826052200049
 20
-270.6263134698966
 10
171.4817318432033
 20
-270.4893545241503
 10
171.2991200070828
 20
-270.3432649809983
 10
171.107377519831
 20
-270.1971754378756
 10
170.9247656837105
 20
-270.0419552973472
 10
170.7512840228155
 20
-269.8867351586814
 10
170.4043214153498
 20
-269.5580336847633
 10
169.9112693397328
 20
-269.0375896882615
 10
169.7651798706502
 20
-268.8549777593289
 10
169.609959512949
 20
-268.6723658303963
 10
169.4638700438663
 20
-268.4806233040872
 10
169.3269112268463
 20
-268.2888807796699
 10
169.1899521704763
 20
-268.0880076578469
 10
169.0621240045875
 20
-267.8962651334004
 10
168.9342956002801
 20
-267.6953920097148
 10
168.6969000957906
 20
-267.2753845732077
 10
168.4777656532824
 20
-266.8553771385341
 10
168.3773292042315
 20
-266.6362428219581
 10
168.2768927533179
 20
-266.4262391027587
 10
168.1947171296924
 20
-266.1979741925315
 10
168.1034113308415
 20
-265.9788398759556
 10
168.0303665958345
 20
-265.7597055631049
 10
167.948190972209
 20
-265.5314406510151
 10
167.8203628063202
 20
-265.0749108286982
 10
167.765579374507
 20
-264.8375153210945
 10
167.7107954667881
 20
-264.6092504108674
 10
167.6651426870376
 20
-264.3718549014302
 10
167.6194896679371
 20
-264.1435899912031
 10
167.5829673008993
 20
-263.9061944817076
 10
167.5555755849927
 20
-263.6687989759957
 10
167.500791914761
 20
-262.9566124531848
 10
167.500791914761
 20
-262.7192169455812
 10
167.500791914761
 20
-205.7260339055793
  0
ARC
  5
1EF
330
191
100
AcDbEntity
  8
LENS_FURNITURE
100
AcDbCircle
 10
-140.3767430530861
 20
-164.0809483822668
 30
0.0
 40
98.37909659551366
100
AcDbArc
 50
253.9957013946063
 51
271.6770160365166
  0
LWPOLYLINE
  5
1F0
330
191
100
AcDbEntity
  8
LENS_FURNITURE
100
AcDbPolyline
 90
48
 70
0
 10
-187.4967980645597
 20
-262.7192169455812
 10
-187.4785370007157
 20
-263.1940079589258
 10
-187.4420143952593
 20
-263.6687989759957
 10
-187.3689696602523
 20
-264.1435899912031
 10
-187.3324475325644
 20
-264.3718549014302
 10
-187.2867945134639
 20
-264.6092504108674
 10
-187.2320106048137
 20
-264.8375153210945
 10
-187.1772271730005
 20
-265.0749108286982
 10
-187.1133128516376
 20
-265.303175740788
 10
-186.9672233834863
 20
-265.7597055631049
 10
-186.8941786494106
 20
-265.9788398759556
 10
-186.8028728505596
 20
-266.1979741925315
 10
-186.7115668132901
 20
-266.4262391027587
 10
-186.6202607769519
 20
-266.6362428219581
 10
-186.5198243260383
 20
-266.8553771385341
 10
-186.3006898853928
 20
-267.2753845732077
 10
-186.0632943790406
 20
-267.6953920097148
 10
-185.9354659747332
 20
-267.8962651334004
 10
-185.8076378088444
 20
-268.0880076578469
 10
-185.6706787534058
 20
-268.2888807796699
 10
-185.5245892852544
 20
-268.4806233040872
 10
-185.3876304682344
 20
-268.6723658303963
 10
-185.077189989388
 20
-269.0375896882615
 10
-184.921969869174
 20
-269.2110710198176
 10
-184.5932683255523
 20
-269.5580336847633
 10
-184.246305719018
 20
-269.8867351586814
 10
-183.881082046777
 20
-270.1971754378756
 10
-183.6984699731693
 20
-270.3432649809983
 10
-183.5067274859175
 20
-270.4893545241503
 10
-183.1232422739267
 20
-270.7632724175346
 10
-182.7214962346479
 20
-271.0189291180286
 10
-182.5114924442023
 20
-271.1376268708846
 10
-181.881481074728
 20
-271.4663283429691
 10
-181.6623468715697
 20
-271.5667649047973
 10
-181.2240782268345
 20
-271.7493768337299
 10
-181.0049440246075
 20
-271.8315522008051
 10
-180.7766791693866
 20
-271.9137275697722
 10
-180.5484143160283
 20
-271.9867723413336
 10
-180.0918843690306
 20
-272.1146006915951
 10
-179.8636192753911
 20
-272.1693842702662
 10
-179.6262240083888
 20
-272.2241678507999
 10
-179.3979589156806
 20
-272.2606902347179
 10
-179.160563647747
 20
-272.3063432178751
 10
-178.9231681432575
 20
-272.3428656017932
 10
-178.6857723984867
 20
-272.37025739206
 10
-178.210981387645
 20
-272.4067797797324
 10
-177.7361903749406
 20
-272.4250409707602
 10
-177.4987948704511
 20
-272.4159103752463
  0
LWPOLYLINE
  5
1F1
330
191
100
AcDbEntity
  8
LENS_FURNITURE
100
AcDbPolyline
 90
50
 70
0
 10
-177.4987948704511
 20
-272.4159103752463
 10
-177.2613993640989
 20
-272.4250409707602
 10
-176.7866083532572
 20
-272.4067797797324
 10
-176.3118173405528
 20
-272.37025739206
 10
-176.0744220735505
 20
-272.3428656017932
 10
-175.837026329711
 20
-272.3063432178751
 10
-175.5996308233589
 20
-272.2606902347179
 10
-175.3713659700006
 20
-272.2241678507999
 10
-175.1339704636484
 20
-272.1693842702662
 10
-174.9057056093588
 20
-272.1146006915951
 10
-174.4491759007796
 20
-271.9867723413336
 10
-174.2209108080715
 20
-271.9137275697722
 10
-173.9926459537819
 20
-271.8315522008051
 10
-173.773511512205
 20
-271.7493768337299
 10
-173.3352428674698
 20
-271.5667649047973
 10
-173.1161086652428
 20
-271.4663283429691
 10
-172.4860975332558
 20
-271.1376268708846
 10
-172.2760937437415
 20
-271.0189291180286
 10
-171.8743474669754
 20
-270.7632724175346
 10
-171.4908624924719
 20
-270.4893545241503
 10
-171.1073772795498
 20
-270.1971754378756
 10
-170.9247654434293
 20
-270.0419552973472
 10
-170.7512842584401
 20
-269.8867351586814
 10
-170.4043214134872
 20
-269.5580336847633
 10
-170.0756201092153
 20
-269.2110710198176
 10
-169.9203999890014
 20
-269.0375896882615
 10
-169.6099597495049
 20
-268.6723658303963
 10
-169.4638700420037
 20
-268.4806233040872
 10
-169.3269109856337
 20
-268.2888807796699
 10
-169.1899524070322
 20
-268.0880076578469
 10
-169.0621237643063
 20
-267.8962651334004
 10
-168.9342953599989
 20
-267.6953920097148
 10
-168.696899854578
 20
-267.2753845732077
 10
-168.4777656514197
 20
-266.8553771385341
 10
-168.3773289630189
 20
-266.6362428219581
 10
-168.2860229257494
 20
-266.4262391027587
 10
-168.1947173662484
 20
-266.1979741925315
 10
-168.1034113280475
 20
-265.9788398759556
 10
-168.0303663555532
 20
-265.7597055631049
 10
-167.8842768874019
 20
-265.303175740788
 10
-167.8203625660389
 20
-265.0749108286982
 10
-167.7655791342258
 20
-264.8375153210945
 10
-167.7107957024127
 20
-264.6092504108674
 10
-167.6651426842436
 20
-264.3718549014302
 10
-167.6194896660745
 20
-264.1435899912031
 10
-167.5920979501679
 20
-263.9061944817076
 10
-167.5555753447115
 20
-263.6687989759957
 10
-167.5007919128984
 20
-262.9566124531848
 10
-167.5007919128984
 20
-262.7192169455812
 10
-167.5007919128984
 20
-205.7260339055793
  0
LWPOLYLINE
  5
1F2
330
191
100
AcDbEntity
  8
LENS_FURNITURE
100
AcDbPolyline
 90
50
 70
0
 10
177.4987951107323
 20
-272.4159103752463
 10
177.7361906161532
 20
-272.4250409707602
 10
178.2109813895076
 20
-272.4067797797324
 10
178.6857726387679
 20
-272.37025739206
 10
178.9231679067015
 20
-272.3428656017932
 10
179.1605634121224
 20
-272.3063432178751
 10
179.3888285048306
 20
-272.2606902347179
 10
179.6262240111827
 20
-272.2241678507999
 10
179.854488864541
 20
-272.1693842702662
 10
180.0918843708932
 20
-272.1146006915951
 10
180.5484140794724
 20
-271.9867723413336
 10
180.7766791721806
 20
-271.9137275697722
 10
180.9958136137575
 20
-271.8315522008051
 10
181.2240784680471
 20
-271.7493768337299
 10
181.6623468734324
 20
-271.5667649047973
 10
181.8814813150093
 20
-271.4663283429691
 10
182.5114924460649
 20
-271.1376268708846
 10
182.7123655853793
 20
-271.0189291180286
 10
182.9223693758249
 20
-270.8911007677671
 10
183.1141118621453
 20
-270.7632724175346
 10
183.3149850014597
 20
-270.6263134698966
 10
183.5067274887115
 20
-270.4893545241503
 10
183.6984699759632
 20
-270.3432649809983
 10
183.8810818111524
 20
-270.1971754378756
 10
184.2463057208806
 20
-269.8867351586814
 10
184.5932685667649
 20
-269.5580336847633
 10
184.9219698710367
 20
-269.2110710198176
 10
185.0771899912506
 20
-269.0375896882615
 10
185.2324103489518
 20
-268.8549777593289
 10
185.3784998189658
 20
-268.6723658303963
 10
185.6706787552684
 20
-268.2888807796699
 10
185.8076375722885
 20
-268.0880076578469
 10
185.9354662150144
 20
-267.8962651334004
 10
186.0632943809032
 20
-267.6953920097148
 10
186.300690125674
 20
-267.2753845732077
 10
186.519824327901
 20
-266.8553771385341
 10
186.6202607788145
 20
-266.6362428219581
 10
186.7115668151527
 20
-266.4262391027587
 10
186.802872614935
 20
-266.1979741925315
 10
186.9672233853489
 20
-265.7597055631049
 10
187.1133130928501
 20
-265.303175740788
 10
187.1772274142131
 20
-265.0749108286982
 10
187.2320108450949
 20
-264.8375153210945
 10
187.286794276908
 20
-264.6092504108674
 10
187.3324472960084
 20
-264.3718549014302
 10
187.3689699014649
 20
-264.1435899912031
 10
187.4054920300841
 20
-263.9061944817076
 10
187.4602757003158
 20
-263.431403468363
 10
187.4785370025783
 20
-263.1940079589258
 10
187.4967980673536
 20
-262.7192169455812
  0
ARC
  5
1F3
330
191
100
AcDbEntity
  8
LENS_FURNITURE
100
AcDbCircle
 10
-247.3072351841256
 20
203.6344618745788
 30
0.0
 40
414.6255135707222
100
AcDbArc
 50
358.9237746430342
 51
17.90773847784086
  0
ARC
  5
1F4
330
191
100
AcDbEntity
  8
LENS_FURNITURE
100
AcDbCircle
 10
247.3437575539574
 20
203.6344618745788
 30
0.0
 40
414.6255135707222
100
AcDbArc
 50
162.0922615221591
 51
181.0762253569658
  0
ARC
  5
1F5
330
191
100
AcDbEntity
  8
LENS_FURNITURE
100
AcDbCircle
 10
4674.921226616948
 20
-167.4734586097474
 30
0.0
 40
4755.890170314926
100
AcDbArc
 50
173.9821536600701
 51
175.5168892674016
  0
ARC
  5
1F6
330
191
100
AcDbEntity
  8
LENS_FURNITURE
100
AcDbCircle
 10
-4674.884704247117
 20
-167.4734586097474
 30
0.0
 40
4755.890170314926
100
AcDbArc
 50
4.483110732598381
 51
6.017846339929849
  0
LWPOLYLINE
  5
1F7
330
191
100
AcDbEntity
  8
LENS_FURNITURE
100
AcDbPolyline
 90
2
 70
0
 10
54.79712917841971
 20
331.1256455461553
 10
54.79712917841971
 20
380.5769559177861
  0
LWPOLYLINE
  5
1F8
330
191
100
AcDbEntity
  8
LENS_FURNITURE
100
AcDbPolyline
 90
2
 70
0
 10
-54.76060680858791
 20
331.1256455461553
 10
-54.76060680858791
 20
380.5769559177861
  0
LINE
  5
1F9
330
191
100
AcDbEntity
  8
Defpoints
  6
HIDDEN
100
AcDbLine
 10
0.0
 20
205.7260339055501
 30
0.0
 11
0.0
 21
-205.7260339055793
 31
0.0
  0
LINE
  5
1FA
330
191
100
AcDbEntity
  8
Defpoints
  6
HIDDEN
100
AcDbLine
 10
-249.0004958324135
 20
-2.91038e-11
 30
0.0
 11
249.0004958324135
 21
-2.91038e-11
 31
0.0
  0
ENDBLK
  5
193
330
191
100
AcDbEntity
  8
0
100
AcDbBlockEnd
  0
BLOCK
  5
1FC
330
1FB
100
AcDbEntity
  8
0
100
AcDbBlockBegin
  2
servgewrgtrs
 70
0
 10
0.0
 20
0.0
 30
0.0
  3
servgewrgtrs
  1

  0
LWPOLYLINE
  5
1FE
330
1FB
100
AcDbEntity
  8
LENS_FURNITURE
100
AcDbPolyline
 90
4
 70
1
 10
119.4230440827086
 20
-352.4817388160154
 10
119.4230440827086
 20
-985.4817388160155
 10
-380.5769559172913
 20
-985.4817388160155
 10
-380.5769559172913
 20
-352.4817388160154
  0
INSERT
  5
1FF
330
1FB
100
AcDbEntity
  8
Floor-Unit
100
AcDbBlockReference
  2
Chair
 10
-375989.1127056331
 20
12834.13492621091
 30
0.0
 41
0.6413055337135763
 42
0.6413055337135763
 43
0.6413055337135763
  0
LWPOLYLINE
  5
201
330
1FB
100
AcDbEntity
  8
LENS_FURNITURE
 62
146
100
AcDbPolyline
 90
4
 70
1
 10
-63.4640948921442
 20
-382.4817388160154
 10
-63.4640948921442
 20
-394.4817388160154
 10
338.5359051078558
 20
-394.4817388160154
 10
338.5359051078558
 20
-382.4817388160154
  0
LWPOLYLINE
  5
202
330
1FB
100
AcDbEntity
  8
LENS_FURNITURE
 62
146
100
AcDbPolyline
 90
4
 70
1
 10
-63.4640948921442
 20
-955.4817388160154
 10
-63.4640948921442
 20
-943.4817388160153
 10
338.5359051078558
 20
-943.4817388160153
 10
338.5359051078558
 20
-955.4817388160154
  0
LWPOLYLINE
  5
203
330
1FB
100
AcDbEntity
  8
LENS_FURNITURE
 62
146
100
AcDbPolyline
 90
4
 70
1
 10
-63.4640948921442
 20
-394.4817388160154
 10
-63.4640948921442
 20
-943.4817388160153
 10
-51.4640948921442
 20
-943.4817388160153
 10
-51.4640948921442
 20
-394.4817388160154
  0
LWPOLYLINE
  5
204
330
1FB
100
AcDbEntity
  8
LENS_FURNITURE
 62
146
100
AcDbPolyline
 90
4
 70
1
 10
338.5359051078558
 20
-352.4817388160154
 10
338.5359051078558
 20
-985.4817388160155
 10
356.5359051078558
 20
-985.4817388160155
 10
356.5359051078558
 20
-352.4817388160154
  0
INSERT
  5
205
330
1FB
100
AcDbEntity
  8
LENS_PARTITION
100
AcDbBlockReference
  2
chr
 10
0.0
 20
0.0
 30
0.0
 50
90.00000000000003
  0
HATCH
  5
207
330
1FB
100
AcDbEntity
  8
LENS_FURNITURE
 62
7
100
AcDbHatch
 10
0.0
 20
0.0
 30
0.0
210
0.0
220
0.0
230
1.0
  2
SOLID
 70
1
 71
0
 91
0
 75
0
 76
1
 98
0
  0
LWPOLYLINE
  5
208
330
1FB
100
AcDbEntity
  8
LENS_FURNITURE
 62
18
100
AcDbPolyline
 90
8
 70
1
 10
-8.54246803093703
 20
-981.967020192067
 10
115.9083254579454
 20
-857.5162267031847
 10
115.9083254579454
 20
-840.5456639545736
 10
-58.03994271345434
 20
-666.5973957831739
 10
-75.01050546206531
 20
-666.5973957831739
 10
-199.4612989509478
 20
-791.0481892720563
 10
-199.4612989500165
 20
-808.0187520197359
 10
-25.51303077861669
 20
-981.9670201911359
  0
LWPOLYLINE
  5
209
330
1FB
100
AcDbEntity
  8
LENS_FURNITURE
 62
18
100
AcDbPolyline
 90
4
 70
1
 10
-17.02774940524252
 20
-955.0969625067663
 10
89.03826777357607
 20
-849.0309453279477
 10
-66.52522408775982
 20
-693.4674534666119
 10
-172.5912412665784
 20
-799.5334706454305
  0
HATCH
  5
20A
330
1FB
100
AcDbEntity
  8
LENS_FURNITURE
 62
7
100
AcDbHatch
 10
0.0
 20
0.0
 30
0.0
210
0.0
220
0.0
230
1.0
  2
ANSI31
 70
0
 71
0
 91
0
 75
0
 76
1
 98
0
  0
LWPOLYLINE
  5
20B
330
1FB
100
AcDbEntity
  8
LENS_FURNITURE
 62
18
100
AcDbPolyline
 90
8
 70
1
 10
-138.2965623782947
 20
-741.9042679787381
 10
-124.1544267544522
 20
-727.7621323548956
 10
-118.4975725049153
 20
-727.7621323548956
 10
-118.4975725049153
 20
-727.7621323548956
 10
-118.4975725049153
 20
-733.4189866044326
 10
-132.6397081287578
 20
-747.561122228275
 10
-138.2965623782947
 20
-747.561122228275
 10
-138.2965623782947
 20
-747.561122228275
  0
CIRCLE
  5
20C
330
1FB
100
AcDbEntity
  8
LENS_FURNITURE
 62
18
100
AcDbCircle
 10
44.84409394953398
 20
-910.9027886827243
 30
0.0
 40
7.0
  0
ENDBLK
  5
1FD
330
1FB
100
AcDbEntity
  8
0
100
AcDbBlockEnd
  0
BLOCK
  5
20E
330
20D
100
AcDbEntity
  8
0
100
AcDbBlockBegin
  2
D-Table-1200
 70
0
 10
0.0
 20
0.0
 30
0.0
  3
D-Table-1200
  1

  0
LWPOLYLINE
  5
210
330
20D
100
AcDbEntity
  8
LN-ELEVATION-1
  6
ByBlock
100
AcDbPolyline
 90
4
 70
1
 10
0.0
 20
0.0
 10
-1200.0
 20
0.0
 10
-1200.0
 20
-450.0
 10
0.0
 20
-450.0
  0
LWPOLYLINE
  5
211
330
20D
100
AcDbEntity
  8
LN-ELEVATION-1
  6
ByBlock
100
AcDbPolyline
 90
4
 70
1
 10
-25.0
 20
-25.0
 10
-1175.0
 20
-25.0
 10
-1175.0
 20
-425.0
 10
-25.0
 20
-425.0
  0
LWPOLYLINE
  5
212
330
20D
100
AcDbEntity
  8
LN-ELEVATION-5
  6
ByBlock
100
AcDbPolyline
 90
4
 70
1
 10
-1100.0
 20
-25.0
 10
-1175.0
 20
-25.0
 10
-1175.0
 20
-100.0
 10
-1100.0
 20
-100.0
  0
LWPOLYLINE
  5
213
330
20D
100
AcDbEntity
  8
LN-ELEVATION-5
  6
ByBlock
100
AcDbPolyline
 90
4
 70
1
 10
-1100.0
 20
-425.0
 10
-1175.0
 20
-425.0
 10
-1175.0
 20
-350.0
 10
-1100.0
 20
-350.0
  0
LWPOLYLINE
  5
214
330
20D
100
AcDbEntity
  8
LN-ELEVATION-5
  6
ByBlock
100
AcDbPolyline
 90
4
 70
1
 10
-100.0
 20
-25.0
 10
-25.0
 20
-25.0
 10
-25.0
 20
-100.0
 10
-100.0
 20
-100.0
  0
LWPOLYLINE
  5
215
330
20D
100
AcDbEntity
  8
LN-ELEVATION-5
  6
ByBlock
100
AcDbPolyline
 90
4
 70
1
 10
-100.0
 20
-425.0
 10
-25.0
 20
-425.0
 10
-25.0
 20
-350.0
 10
-100.0
 20
-350.0
  0
LINE
  5
216
330
20D
100
AcDbEntity
  8
LN-ELEVATION-1
  6
ByBlock
100
AcDbLine
 10
-1094.533167595044
 20
-480.2604837147518
 30
0.0
 11
-1094.533167595044
 21
-478.9606375852599
 31
0.0
  0
SOLID
  5
217
330
20D
100
AcDbEntity
  8
LN-ELEVATION-1
  6
ByBlock
100
AcDbTrace
 10
-1087.866500928998
 20
-480.2604837147518
 30
0.0
 11
-1101.199834262021
 21
-480.2604837147518
 31
0.0
 12
-1094.533167595975
 22
-520.2604837147519
 32
0.0
 13
-1094.533167595975
 23
-520.2604837147519
 33
0.0
  0
LINE
  5
218
330
20D
100
AcDbEntity
  8
LN-ELEVATION-1
  6
ByBlock
100
AcDbLine
 10
-979.8087976938112
 20
-480.2604837147518
 30
0.0
 11
-979.8087976938112
 21
-478.9606375852599
 31
0.0
  0
SOLID
  5
219
330
20D
100
AcDbEntity
  8
LN-ELEVATION-1
  6
ByBlock
100
AcDbTrace
 10
-973.1421310268342
 20
-480.2604837147518
 30
0.0
 11
-986.4754643607884
 21
-480.2604837147518
 31
0.0
 12
-979.8087976938112
 22
-520.2604837147519
 32
0.0
 13
-979.8087976938112
 23
-520.2604837147519
 33
0.0
  0
LINE
  5
21A
330
20D
100
AcDbEntity
  8
LN-ELEVATION-1
  6
ByBlock
100
AcDbLine
 10
-865.0844277916476
 20
-480.2604837147518
 30
0.0
 11
-865.0844277916476
 21
-478.9606375852599
 31
0.0
  0
SOLID
  5
21B
330
20D
100
AcDbEntity
  8
LN-ELEVATION-1
  6
ByBlock
100
AcDbTrace
 10
-858.4177611246705
 20
-480.2604837147518
 30
0.0
 11
-871.7510944586248
 21
-480.2604837147518
 31
0.0
 12
-865.084427792579
 22
-520.2604837147519
 32
0.0
 13
-865.084427792579
 23
-520.2604837147519
 33
0.0
  0
LINE
  5
21C
330
20D
100
AcDbEntity
  8
LN-ELEVATION-1
  6
ByBlock
100
AcDbLine
 10
-750.3600578904151
 20
-480.2604837147518
 30
0.0
 11
-750.3600578904151
 21
-478.9606375852599
 31
0.0
  0
SOLID
  5
21D
330
20D
100
AcDbEntity
  8
LN-ELEVATION-1
  6
ByBlock
100
AcDbTrace
 10
-743.6933912225066
 20
-480.2604837147518
 30
0.0
 11
-757.0267245564609
 21
-480.2604837147518
 31
0.0
 12
-750.3600578904151
 22
-520.2604837147519
 32
0.0
 13
-750.3600578904151
 23
-520.2604837147519
 33
0.0
  0
LINE
  5
21E
330
20D
100
AcDbEntity
  8
LN-ELEVATION-1
  6
ByBlock
100
AcDbLine
 10
-635.6356879882514
 20
-480.2604837147518
 30
0.0
 11
-635.6356879882514
 21
-478.9606375852599
 31
0.0
  0
SOLID
  5
21F
330
20D
100
AcDbEntity
  8
LN-ELEVATION-1
  6
ByBlock
100
AcDbTrace
 10
-628.9690213212743
 20
-480.2604837147518
 30
0.0
 11
-642.3023546542972
 21
-480.2604837147518
 31
0.0
 12
-635.6356879882514
 22
-520.2604837147519
 32
0.0
 13
-635.6356879882514
 23
-520.2604837147519
 33
0.0
  0
LINE
  5
220
330
20D
100
AcDbEntity
  8
LN-ELEVATION-1
  6
ByBlock
100
AcDbLine
 10
-520.9113180860876
 20
-480.2604837147518
 30
0.0
 11
-520.9113180860876
 21
-478.9606375852599
 31
0.0
  0
SOLID
  5
221
330
20D
100
AcDbEntity
  8
LN-ELEVATION-1
  6
ByBlock
100
AcDbTrace
 10
-514.2446514191106
 20
-480.2604837147518
 30
0.0
 11
-527.5779847521334
 21
-480.2604837147518
 31
0.0
 12
-520.9113180860876
 22
-520.2604837147519
 32
0.0
 13
-520.9113180860876
 23
-520.2604837147519
 33
0.0
  0
LWPOLYLINE
  5
222
330
20D
100
AcDbEntity
  8
LN-ELEVATION-5
  6
ByBlock
100
AcDbPolyline
 90
4
 70
1
 10
-1025.0
 20
-300.0
 10
-1175.0
 20
-300.0
 10
-1175.0
 20
-150.0
 10
-1025.0
 20
-150.0
  0
LINE
  5
223
330
20D
100
AcDbEntity
  8
LN-ELEVATION-5
  6
ByBlock
100
AcDbLine
 10
-1025.0
 20
-300.0
 30
0.0
 11
-1175.0
 21
-150.0
 31
0.0
  0
LINE
  5
224
330
20D
100
AcDbEntity
  8
LN-ELEVATION-5
  6
ByBlock
100
AcDbLine
 10
-1175.0
 20
-300.0
 30
0.0
 11
-1025.0
 21
-150.0
 31
0.0
  0
LINE
  5
225
330
20D
100
AcDbEntity
  8
LN-ELEVATION-1
  6
ByBlock
100
AcDbLine
 10
-392.8536148509011
 20
-480.2604837147518
 30
0.0
 11
-392.8536148509011
 21
-478.9606375852599
 31
0.0
  0
SOLID
  5
226
330
20D
100
AcDbEntity
  8
LN-ELEVATION-1
  6
ByBlock
100
AcDbTrace
 10
-386.1869481829927
 20
-480.2604837147518
 30
0.0
 11
-399.5202815169469
 21
-480.2604837147518
 31
0.0
 12
-392.8536148509011
 22
-520.2604837147519
 32
0.0
 13
-392.8536148509011
 23
-520.2604837147519
 33
0.0
  0
LINE
  5
227
330
20D
100
AcDbEntity
  8
LN-ELEVATION-1
  6
ByBlock
100
AcDbLine
 10
-278.1292449487373
 20
-480.2604837147518
 30
0.0
 11
-278.1292449487373
 21
-478.9606375852599
 31
0.0
  0
SOLID
  5
228
330
20D
100
AcDbEntity
  8
LN-ELEVATION-1
  6
ByBlock
100
AcDbTrace
 10
-271.4625782817602
 20
-480.2604837147518
 30
0.0
 11
-284.7959116147831
 21
-480.2604837147518
 31
0.0
 12
-278.1292449487373
 22
-520.2604837147519
 32
0.0
 13
-278.1292449487373
 23
-520.2604837147519
 33
0.0
  0
LINE
  5
229
330
20D
100
AcDbEntity
  8
LN-ELEVATION-1
  6
ByBlock
100
AcDbLine
 10
-163.4048750465735
 20
-480.2604837147518
 30
0.0
 11
-163.4048750465735
 21
-478.9606375852599
 31
0.0
  0
SOLID
  5
22A
330
20D
100
AcDbEntity
  8
LN-ELEVATION-1
  6
ByBlock
100
AcDbTrace
 10
-156.7382083795964
 20
-480.2604837147518
 30
0.0
 11
-170.0715417126193
 21
-480.2604837147518
 31
0.0
 12
-163.4048750465735
 22
-520.2604837147519
 32
0.0
 13
-163.4048750465735
 23
-520.2604837147519
 33
0.0
  0
CIRCLE
  5
22B
330
20D
100
AcDbEntity
  8
LN-ELEVATION-1
  6
ByBlock
100
AcDbCircle
 10
-175.0
 20
-225.0
 30
0.0
 40
175.0
  0
CIRCLE
  5
22C
330
20D
100
AcDbEntity
  8
LN-ELEVATION-1
  6
ByBlock
100
AcDbCircle
 10
-175.0
 20
-225.0
 30
0.0
 40
150.0
  0
ENDBLK
  5
20F
330
20D
100
AcDbEntity
  8
0
100
AcDbBlockEnd
  0
BLOCK
  5
22E
330
22D
100
AcDbEntity
  8
0
100
AcDbBlockBegin
  2
R-Table-1200
 70
0
 10
0.0
 20
0.0
 30
0.0
  3
R-Table-1200
  1

  0
LWPOLYLINE
  5
230
330
22D
100
AcDbEntity
  8
LN-DIMENSION
100
AcDbPolyline
 90
4
 70
1
 10
-9.0
 20
-600.0
 10
-575.0
 20
-600.0
 10
-575.0
 20
-150.0
 10
-9.0
 20
-150.0
  0
LWPOLYLINE
  5
231
330
22D
100
AcDbEntity
  8
LN-ELEVATION-1
100
AcDbPolyline
 90
8
 70
1
 10
-575.0
 20
-600.0
 10
-600.0
 20
-600.0
 10
-600.0
 20
0.0
 10
600.0
 20
0.0
 10
600.0
 20
-600.0
 10
575.0
 20
-600.0
 10
575.0
 20
-150.0
 10
-575.0
 20
-150.0
  0
LWPOLYLINE
  5
232
330
22D
100
AcDbEntity
  8
LN-ELEVATION-5
100
AcDbPolyline
 90
2
 70
0
 10
575.0
 20
-600.0
 10
-575.0
 20
-600.0
  0
LWPOLYLINE
  5
233
330
22D
100
AcDbEntity
  8
LN-ELEVATION-1
100
AcDbPolyline
 90
4
 70
1
 10
-575.0
 20
-25.0
 10
575.0
 20
-25.0
 10
575.0
 20
-125.0
 10
-575.0
 20
-125.0
  0
LWPOLYLINE
  5
234
330
22D
100
AcDbEntity
  8
LN-ELEVATION-1
100
AcDbPolyline
 90
4
 70
1
 10
-9.0
 20
-150.0
 10
9.0
 20
-150.0
 10
9.0
 20
-600.0
 10
-9.0
 20
-600.0
  0
ENDBLK
  5
22F
330
22D
100
AcDbEntity
  8
0
100
AcDbBlockEnd
  0
BLOCK
  5
236
330
235
100
AcDbEntity
  8
0
100
AcDbBlockBegin
  2
A$Cf47e29e2
 70
0
 10
0.0
 20
0.0
 30
0.0
  3
A$Cf47e29e2
  1

  0
LWPOLYLINE
  5
238
330
235
100
AcDbEntity
  8
LN-ELEVATION-2
100
AcDbPolyline
 90
4
 70
1
 10
-371.8125
 20
-56.0
 10
-371.8125
 20
984.0
 10
483.1875
 20
984.0
 10
483.1875
 20
-56.0
  0
LWPOLYLINE
  5
239
330
235
100
AcDbEntity
  8
LN-ELEVATION-1
100
AcDbPolyline
 90
4
 70
1
 10
-341.8125
 20
-6.0
 10
-341.8125
 20
934.0
 10
453.1875
 20
934.0
 10
453.1875
 20
-6.0
  0
LWPOLYLINE
  5
23A
330
235
100
AcDbEntity
  8
LN-ELEVATION-1
100
AcDbPolyline
 90
4
 70
1
 10
70.6875
 20
-6.0
 10
70.6875
 20
934.0
 10
40.6875
 20
934.0
 10
40.6875
 20
-6.0
  0
LWPOLYLINE
  5
23B
330
235
100
AcDbEntity
  8
LN-ELEVATION-1
100
AcDbPolyline
 90
4
 70
1
 10
40.6875
 20
-6.0
 10
40.6875
 20
934.0
 10
-341.8125
 20
934.0
 10
-341.8125
 20
-6.0
  0
LWPOLYLINE
  5
23C
330
235
100
AcDbEntity
  8
LN-ELEVATION-1
100
AcDbPolyline
 90
2
 70
0
 10
-185.4375
 20
0.0
 10
-116.0625
 20
0.0
  0
LWPOLYLINE
  5
23D
330
235
100
AcDbEntity
  8
LN-ELEVATION-1
100
AcDbPolyline
 90
2
 70
0
 10
-110.0625
 20
0.0
 10
-40.6875
 20
0.0
  0
LWPOLYLINE
  5
23E
330
235
100
AcDbEntity
  8
LN-ELEVATION-1
100
AcDbPolyline
 90
3
 70
0
 10
-34.6875
 20
0.0
 10
34.6875
 20
0.0
 10
34.6875
 20
180.7999999970197
  0
LWPOLYLINE
  5
23F
330
235
100
AcDbEntity
  8
LN-ELEVATION-1
100
AcDbPolyline
 90
2
 70
0
 10
34.6875
 20
186.7999999970198
 10
34.6875
 20
367.5999999940395
  0
LWPOLYLINE
  5
240
330
235
100
AcDbEntity
  8
LN-ELEVATION-1
100
AcDbPolyline
 90
2
 70
0
 10
34.6875
 20
373.5999999940395
 10
34.6875
 20
554.3999999910592
  0
LWPOLYLINE
  5
241
330
235
100
AcDbEntity
  8
LN-ELEVATION-1
100
AcDbPolyline
 90
2
 70
0
 10
34.6875
 20
560.3999999910593
 10
34.6875
 20
741.1999999880791
  0
LWPOLYLINE
  5
242
330
235
100
AcDbEntity
  8
LN-ELEVATION-1
100
AcDbPolyline
 90
3
 70
0
 10
34.6875
 20
747.199999988079
 10
34.6875
 20
928.0
 10
-34.6875
 20
928.0
  0
LWPOLYLINE
  5
243
330
235
100
AcDbEntity
  8
LN-ELEVATION-1
100
AcDbPolyline
 90
2
 70
0
 10
-40.6875
 20
928.0
 10
-110.0625
 20
928.0
  0
LWPOLYLINE
  5
244
330
235
100
AcDbEntity
  8
LN-ELEVATION-1
100
AcDbPolyline
 90
2
 70
0
 10
-116.0625
 20
928.0
 10
-185.4375
 20
928.0
  0
LWPOLYLINE
  5
245
330
235
100
AcDbEntity
  8
LN-ELEVATION-1
100
AcDbPolyline
 90
3
 70
0
 10
-191.4375
 20
928.0
 10
-335.8125
 20
928.0
 10
-335.8125
 20
747.199999988079
  0
LWPOLYLINE
  5
246
330
235
100
AcDbEntity
  8
LN-ELEVATION-1
100
AcDbPolyline
 90
2
 70
0
 10
-335.8125
 20
741.1999999880791
 10
-335.8125
 20
560.3999999910593
  0
LWPOLYLINE
  5
247
330
235
100
AcDbEntity
  8
LN-ELEVATION-1
100
AcDbPolyline
 90
2
 70
0
 10
-335.8125
 20
554.3999999910592
 10
-335.8125
 20
373.5999999940395
  0
LWPOLYLINE
  5
248
330
235
100
AcDbEntity
  8
LN-ELEVATION-1
100
AcDbPolyline
 90
2
 70
0
 10
-335.8125
 20
367.5999999940395
 10
-335.8125
 20
186.7999999970198
  0
LWPOLYLINE
  5
249
330
235
100
AcDbEntity
  8
LN-ELEVATION-1
100
AcDbPolyline
 90
3
 70
0
 10
-335.8125
 20
180.7999999970197
 10
-335.8125
 20
0.0
 10
-191.4375
 20
0.0
  0
LWPOLYLINE
  5
24A
330
235
100
AcDbEntity
  8
LN-ELEVATION-1
100
AcDbPolyline
 90
4
 70
1
 10
40.6875
 20
180.7999999970197
 10
40.6875
 20
186.7999999970198
 10
-341.8125
 20
186.7999999970198
 10
-341.8125
 20
180.7999999970197
  0
LWPOLYLINE
  5
24B
330
235
100
AcDbEntity
  8
LN-ELEVATION-1
100
AcDbPolyline
 90
4
 70
1
 10
40.6875
 20
367.5999999940395
 10
40.6875
 20
373.5999999940395
 10
-341.8125
 20
373.5999999940395
 10
-341.8125
 20
367.5999999940395
  0
LWPOLYLINE
  5
24C
330
235
100
AcDbEntity
  8
LN-ELEVATION-1
100
AcDbPolyline
 90
4
 70
1
 10
40.6875
 20
554.3999999910592
 10
40.6875
 20
560.3999999910593
 10
-341.8125
 20
560.3999999910593
 10
-341.8125
 20
554.3999999910592
  0
LWPOLYLINE
  5
24D
330
235
100
AcDbEntity
  8
LN-ELEVATION-1
100
AcDbPolyline
 90
4
 70
1
 10
40.6875
 20
741.1999999880791
 10
40.6875
 20
747.199999988079
 10
-341.8125
 20
747.199999988079
 10
-341.8125
 20
741.1999999880791
  0
LWPOLYLINE
  5
24E
330
235
100
AcDbEntity
  8
LN-ELEVATION-1
100
AcDbPolyline
 90
4
 70
1
 10
-34.6875
 20
747.199999988079
 10
-34.6875
 20
934.0
 10
-40.6875
 20
934.0
 10
-40.6875
 20
747.199999988079
  0
LWPOLYLINE
  5
24F
330
235
100
AcDbEntity
  8
LN-ELEVATION-1
100
AcDbPolyline
 90
4
 70
1
 10
-110.0625
 20
747.199999988079
 10
-110.0625
 20
934.0
 10
-116.0625
 20
934.0
 10
-116.0625
 20
747.199999988079
  0
LWPOLYLINE
  5
250
330
235
100
AcDbEntity
  8
LN-ELEVATION-1
100
AcDbPolyline
 90
4
 70
1
 10
-185.4375
 20
747.199999988079
 10
-185.4375
 20
934.0
 10
-191.4375
 20
934.0
 10
-191.4375
 20
747.199999988079
  0
LWPOLYLINE
  5
251
330
235
100
AcDbEntity
  8
LN-ELEVATION-1
100
AcDbPolyline
 90
4
 70
1
 10
-34.6875
 20
560.3999999761581
 10
-34.6875
 20
741.1999999880791
 10
-40.6875
 20
741.1999999880791
 10
-40.6875
 20
560.3999999761581
  0
LWPOLYLINE
  5
252
330
235
100
AcDbEntity
  8
LN-ELEVATION-1
100
AcDbPolyline
 90
4
 70
1
 10
-110.0625
 20
560.3999999761581
 10
-110.0625
 20
741.1999999880791
 10
-116.0625
 20
741.1999999880791
 10
-116.0625
 20
560.3999999761581
  0
LWPOLYLINE
  5
253
330
235
100
AcDbEntity
  8
LN-ELEVATION-1
100
AcDbPolyline
 90
4
 70
1
 10
-185.4375
 20
560.3999999761581
 10
-185.4375
 20
741.1999999880791
 10
-191.4375
 20
741.1999999880791
 10
-191.4375
 20
560.3999999761581
  0
LWPOLYLINE
  5
254
330
235
100
AcDbEntity
  8
LN-ELEVATION-1
100
AcDbPolyline
 90
4
 70
1
 10
-34.6875
 20
373.5999999791384
 10
-34.6875
 20
554.3999999910592
 10
-40.6875
 20
554.3999999910592
 10
-40.6875
 20
373.5999999791384
  0
LWPOLYLINE
  5
255
330
235
100
AcDbEntity
  8
LN-ELEVATION-1
100
AcDbPolyline
 90
4
 70
1
 10
-110.0625
 20
373.5999999791384
 10
-110.0625
 20
554.3999999910592
 10
-116.0625
 20
554.3999999910592
 10
-116.0625
 20
373.5999999791384
  0
LWPOLYLINE
  5
256
330
235
100
AcDbEntity
  8
LN-ELEVATION-1
100
AcDbPolyline
 90
4
 70
1
 10
-185.4375
 20
373.5999999791384
 10
-185.4375
 20
554.3999999910592
 10
-191.4375
 20
554.3999999910592
 10
-191.4375
 20
373.5999999791384
  0
LWPOLYLINE
  5
257
330
235
100
AcDbEntity
  8
LN-ELEVATION-1
100
AcDbPolyline
 90
4
 70
1
 10
-34.6875
 20
186.7999999821186
 10
-34.6875
 20
367.5999999940395
 10
-40.6875
 20
367.5999999940395
 10
-40.6875
 20
186.7999999821186
  0
LWPOLYLINE
  5
258
330
235
100
AcDbEntity
  8
LN-ELEVATION-1
100
AcDbPolyline
 90
4
 70
1
 10
-110.0625
 20
186.7999999821186
 10
-110.0625
 20
367.5999999940395
 10
-116.0625
 20
367.5999999940395
 10
-116.0625
 20
186.7999999821186
  0
LWPOLYLINE
  5
259
330
235
100
AcDbEntity
  8
LN-ELEVATION-1
100
AcDbPolyline
 90
4
 70
1
 10
-185.4375
 20
186.7999999821186
 10
-185.4375
 20
367.5999999940395
 10
-191.4375
 20
367.5999999940395
 10
-191.4375
 20
186.7999999821186
  0
LWPOLYLINE
  5
25A
330
235
100
AcDbEntity
  8
LN-ELEVATION-1
100
AcDbPolyline
 90
4
 70
1
 10
-34.6875
 20
-6.000000014901161
 10
-34.6875
 20
180.7999999970197
 10
-40.6875
 20
180.7999999970197
 10
-40.6875
 20
-6.000000014901161
  0
LWPOLYLINE
  5
25B
330
235
100
AcDbEntity
  8
LN-ELEVATION-1
100
AcDbPolyline
 90
4
 70
1
 10
-110.0625
 20
-6.000000014901161
 10
-110.0625
 20
180.7999999970197
 10
-116.0625
 20
180.7999999970197
 10
-116.0625
 20
-6.000000014901161
  0
LWPOLYLINE
  5
25C
330
235
100
AcDbEntity
  8
LN-ELEVATION-1
100
AcDbPolyline
 90
4
 70
1
 10
-185.4375
 20
-6.000000014901161
 10
-185.4375
 20
180.7999999970197
 10
-191.4375
 20
180.7999999970197
 10
-191.4375
 20
-6.000000014901161
  0
LWPOLYLINE
  5
25D
330
235
100
AcDbEntity
  8
LN-ELEVATION-2
100
AcDbPolyline
 90
2
 70
0
 10
453.1875
 20
934.0
 10
483.1875
 20
984.0
  0
LWPOLYLINE
  5
25E
330
235
100
AcDbEntity
  8
LN-ELEVATION-2
100
AcDbPolyline
 90
2
 70
0
 10
-341.8125
 20
934.0
 10
-371.8125
 20
984.0
  0
LWPOLYLINE
  5
25F
330
235
100
AcDbEntity
  8
LN-ELEVATION-2
100
AcDbPolyline
 90
2
 70
0
 10
453.1875
 20
-6.0
 10
483.1875
 20
-56.0
  0
LWPOLYLINE
  5
260
330
235
100
AcDbEntity
  8
LN-ELEVATION-2
100
AcDbPolyline
 90
2
 70
0
 10
-341.8125
 20
-6.0
 10
-371.8125
 20
-56.0
  0
LWPOLYLINE
  5
261
330
235
100
AcDbEntity
  8
LN-ELEVATION-3
100
AcDbPolyline
 90
4
 70
1
 10
-433.8124999999999
 20
-36.0
 10
-433.8124999999999
 20
964.0
 10
-451.8125
 20
964.0
 10
-451.8125
 20
-36.0
  0
LWPOLYLINE
  5
262
330
235
100
AcDbEntity
  8
LN-ELEVATION-3
100
AcDbPolyline
 90
4
 70
1
 10
-371.8125
 20
934.0
 10
-371.8125
 20
964.0
 10
-433.8124999999999
 20
964.0
 10
-433.8124999999999
 20
934.0
  0
LWPOLYLINE
  5
263
330
235
100
AcDbEntity
  8
LN-ELEVATION-3
100
AcDbPolyline
 90
4
 70
1
 10
-371.8125
 20
-36.0
 10
-371.8125
 20
-6.0
 10
-433.8124999999999
 20
-6.0
 10
-433.8124999999999
 20
-36.0
  0
LWPOLYLINE
  5
264
330
235
100
AcDbEntity
  8
LN-ELEVATION-4
100
AcDbPolyline
 90
4
 70
1
 10
-513.8125
 20
-36.0
 10
-513.8125
 20
964.0
 10
-531.8125
 20
964.0
 10
-531.8125
 20
-36.0
  0
LWPOLYLINE
  5
265
330
235
100
AcDbEntity
  8
LN-ELEVATION-4
100
AcDbPolyline
 90
4
 70
1
 10
-451.8125
 20
934.0
 10
-451.8125
 20
964.0
 10
-513.8125
 20
964.0
 10
-513.8125
 20
934.0
  0
LWPOLYLINE
  5
266
330
235
100
AcDbEntity
  8
LN-ELEVATION-4
100
AcDbPolyline
 90
4
 70
1
 10
-451.8125
 20
-36.0
 10
-451.8125
 20
-6.0
 10
-513.8125
 20
-6.0
 10
-513.8125
 20
-36.0
  0
LWPOLYLINE
  5
267
330
235
100
AcDbEntity
  8
LN-ELEVATION-1
100
AcDbPolyline
 90
4
 70
1
 10
70.6875
 20
-6.0
 10
70.6875
 20
934.0
 10
453.1875
 20
934.0
 10
453.1875
 20
-6.0
  0
LWPOLYLINE
  5
268
330
235
100
AcDbEntity
  8
LN-ELEVATION-1
100
AcDbPolyline
 90
2
 70
0
 10
296.8125
 20
0.0
 10
227.4375
 20
0.0
  0
LWPOLYLINE
  5
269
330
235
100
AcDbEntity
  8
LN-ELEVATION-1
100
AcDbPolyline
 90
2
 70
0
 10
221.4375
 20
0.0
 10
152.0625
 20
0.0
  0
LWPOLYLINE
  5
26A
330
235
100
AcDbEntity
  8
LN-ELEVATION-1
100
AcDbPolyline
 90
3
 70
0
 10
146.0625
 20
0.0
 10
76.6875
 20
0.0
 10
76.6875
 20
180.7999999970197
  0
LWPOLYLINE
  5
26B
330
235
100
AcDbEntity
  8
LN-ELEVATION-1
100
AcDbPolyline
 90
2
 70
0
 10
76.6875
 20
186.7999999970198
 10
76.6875
 20
367.5999999940395
  0
LWPOLYLINE
  5
26C
330
235
100
AcDbEntity
  8
LN-ELEVATION-1
100
AcDbPolyline
 90
2
 70
0
 10
76.6875
 20
373.5999999940395
 10
76.6875
 20
554.3999999910592
  0
LWPOLYLINE
  5
26D
330
235
100
AcDbEntity
  8
LN-ELEVATION-1
100
AcDbPolyline
 90
2
 70
0
 10
76.6875
 20
560.3999999910593
 10
76.6875
 20
741.1999999880791
  0
LWPOLYLINE
  5
26E
330
235
100
AcDbEntity
  8
LN-ELEVATION-1
100
AcDbPolyline
 90
3
 70
0
 10
76.6875
 20
747.199999988079
 10
76.6875
 20
928.0
 10
146.0625
 20
928.0
  0
LWPOLYLINE
  5
26F
330
235
100
AcDbEntity
  8
LN-ELEVATION-1
100
AcDbPolyline
 90
2
 70
0
 10
152.0625
 20
928.0
 10
221.4375
 20
928.0
  0
LWPOLYLINE
  5
270
330
235
100
AcDbEntity
  8
LN-ELEVATION-1
100
AcDbPolyline
 90
2
 70
0
 10
227.4375
 20
928.0
 10
296.8125
 20
928.0
  0
LWPOLYLINE
  5
271
330
235
100
AcDbEntity
  8
LN-ELEVATION-1
100
AcDbPolyline
 90
3
 70
0
 10
302.8125
 20
928.0
 10
447.1874999999999
 20
928.0
 10
447.1874999999999
 20
747.199999988079
  0
LWPOLYLINE
  5
272
330
235
100
AcDbEntity
  8
LN-ELEVATION-1
100
AcDbPolyline
 90
2
 70
0
 10
447.1874999999999
 20
741.1999999880791
 10
447.1874999999999
 20
560.3999999910593
  0
LWPOLYLINE
  5
273
330
235
100
AcDbEntity
  8
LN-ELEVATION-1
100
AcDbPolyline
 90
2
 70
0
 10
447.1874999999999
 20
554.3999999910592
 10
447.1874999999999
 20
373.5999999940395
  0
LWPOLYLINE
  5
274
330
235
100
AcDbEntity
  8
LN-ELEVATION-1
100
AcDbPolyline
 90
2
 70
0
 10
447.1874999999999
 20
367.5999999940395
 10
447.1874999999999
 20
186.7999999970198
  0
LWPOLYLINE
  5
275
330
235
100
AcDbEntity
  8
LN-ELEVATION-1
100
AcDbPolyline
 90
3
 70
0
 10
447.1874999999999
 20
180.7999999970197
 10
447.1874999999999
 20
0.0
 10
302.8125
 20
0.0
  0
LWPOLYLINE
  5
276
330
235
100
AcDbEntity
  8
LN-ELEVATION-1
100
AcDbPolyline
 90
4
 70
1
 10
70.6875
 20
180.7999999970197
 10
70.6875
 20
186.7999999970198
 10
453.1875
 20
186.7999999970198
 10
453.1875
 20
180.7999999970197
  0
LWPOLYLINE
  5
277
330
235
100
AcDbEntity
  8
LN-ELEVATION-1
100
AcDbPolyline
 90
4
 70
1
 10
70.6875
 20
367.5999999940395
 10
70.6875
 20
373.5999999940395
 10
453.1875
 20
373.5999999940395
 10
453.1875
 20
367.5999999940395
  0
LWPOLYLINE
  5
278
330
235
100
AcDbEntity
  8
LN-ELEVATION-1
100
AcDbPolyline
 90
4
 70
1
 10
70.6875
 20
554.3999999910592
 10
70.6875
 20
560.3999999910593
 10
453.1875
 20
560.3999999910593
 10
453.1875
 20
554.3999999910592
  0
LWPOLYLINE
  5
279
330
235
100
AcDbEntity
  8
LN-ELEVATION-1
100
AcDbPolyline
 90
4
 70
1
 10
70.6875
 20
741.1999999880791
 10
70.6875
 20
747.199999988079
 10
453.1875
 20
747.199999988079
 10
453.1875
 20
741.1999999880791
  0
LWPOLYLINE
  5
27A
330
235
100
AcDbEntity
  8
LN-ELEVATION-1
100
AcDbPolyline
 90
4
 70
1
 10
146.0625
 20
747.199999988079
 10
146.0625
 20
934.0
 10
152.0625
 20
934.0
 10
152.0625
 20
747.199999988079
  0
LWPOLYLINE
  5
27B
330
235
100
AcDbEntity
  8
LN-ELEVATION-1
100
AcDbPolyline
 90
4
 70
1
 10
221.4375
 20
747.199999988079
 10
221.4375
 20
934.0
 10
227.4375
 20
934.0
 10
227.4375
 20
747.199999988079
  0
LWPOLYLINE
  5
27C
330
235
100
AcDbEntity
  8
LN-ELEVATION-1
100
AcDbPolyline
 90
4
 70
1
 10
296.8125
 20
747.199999988079
 10
296.8125
 20
934.0
 10
302.8125
 20
934.0
 10
302.8125
 20
747.199999988079
  0
LWPOLYLINE
  5
27D
330
235
100
AcDbEntity
  8
LN-ELEVATION-1
100
AcDbPolyline
 90
4
 70
1
 10
146.0625
 20
560.3999999761581
 10
146.0625
 20
741.1999999880791
 10
152.0625
 20
741.1999999880791
 10
152.0625
 20
560.3999999761581
  0
LWPOLYLINE
  5
27E
330
235
100
AcDbEntity
  8
LN-ELEVATION-1
100
AcDbPolyline
 90
4
 70
1
 10
221.4375
 20
560.3999999761581
 10
221.4375
 20
741.1999999880791
 10
227.4375
 20
741.1999999880791
 10
227.4375
 20
560.3999999761581
  0
LWPOLYLINE
  5
27F
330
235
100
AcDbEntity
  8
LN-ELEVATION-1
100
AcDbPolyline
 90
4
 70
1
 10
296.8125
 20
560.3999999761581
 10
296.8125
 20
741.1999999880791
 10
302.8125
 20
741.1999999880791
 10
302.8125
 20
560.3999999761581
  0
LWPOLYLINE
  5
280
330
235
100
AcDbEntity
  8
LN-ELEVATION-1
100
AcDbPolyline
 90
4
 70
1
 10
146.0625
 20
373.5999999791384
 10
146.0625
 20
554.3999999910592
 10
152.0625
 20
554.3999999910592
 10
152.0625
 20
373.5999999791384
  0
LWPOLYLINE
  5
281
330
235
100
AcDbEntity
  8
LN-ELEVATION-1
100
AcDbPolyline
 90
4
 70
1
 10
221.4375
 20
373.5999999791384
 10
221.4375
 20
554.3999999910592
 10
227.4375
 20
554.3999999910592
 10
227.4375
 20
373.5999999791384
  0
LWPOLYLINE
  5
282
330
235
100
AcDbEntity
  8
LN-ELEVATION-1
100
AcDbPolyline
 90
4
 70
1
 10
296.8125
 20
373.5999999791384
 10
296.8125
 20
554.3999999910592
 10
302.8125
 20
554.3999999910592
 10
302.8125
 20
373.5999999791384
  0
LWPOLYLINE
  5
283
330
235
100
AcDbEntity
  8
LN-ELEVATION-1
100
AcDbPolyline
 90
4
 70
1
 10
146.0625
 20
186.7999999821186
 10
146.0625
 20
367.5999999940395
 10
152.0625
 20
367.5999999940395
 10
152.0625
 20
186.7999999821186
  0
LWPOLYLINE
  5
284
330
235
100
AcDbEntity
  8
LN-ELEVATION-1
100
AcDbPolyline
 90
4
 70
1
 10
221.4375
 20
186.7999999821186
 10
221.4375
 20
367.5999999940395
 10
227.4375
 20
367.5999999940395
 10
227.4375
 20
186.7999999821186
  0
LWPOLYLINE
  5
285
330
235
100
AcDbEntity
  8
LN-ELEVATION-1
100
AcDbPolyline
 90
4
 70
1
 10
296.8125
 20
186.7999999821186
 10
296.8125
 20
367.5999999940395
 10
302.8125
 20
367.5999999940395
 10
302.8125
 20
186.7999999821186
  0
LWPOLYLINE
  5
286
330
235
100
AcDbEntity
  8
LN-ELEVATION-1
100
AcDbPolyline
 90
4
 70
1
 10
146.0625
 20
-6.000000014901161
 10
146.0625
 20
180.7999999970197
 10
152.0625
 20
180.7999999970197
 10
152.0625
 20
-6.000000014901161
  0
LWPOLYLINE
  5
287
330
235
100
AcDbEntity
  8
LN-ELEVATION-1
100
AcDbPolyline
 90
4
 70
1
 10
221.4375
 20
-6.000000014901161
 10
221.4375
 20
180.7999999970197
 10
227.4375
 20
180.7999999970197
 10
227.4375
 20
-6.000000014901161
  0
LWPOLYLINE
  5
288
330
235
100
AcDbEntity
  8
LN-ELEVATION-1
100
AcDbPolyline
 90
4
 70
1
 10
296.8125
 20
-6.000000014901161
 10
296.8125
 20
180.7999999970197
 10
302.8125
 20
180.7999999970197
 10
302.8125
 20
-6.000000014901161
  0
LWPOLYLINE
  5
289
330
235
100
AcDbEntity
  8
LN-ELEVATION-4
100
AcDbPolyline
 90
4
 70
1
 10
-371.8125
 20
-6.0
 10
-371.8125
 20
0.0
 10
-433.8124999999999
 20
0.0
 10
-433.8124999999999
 20
-6.0
  0
LWPOLYLINE
  5
28A
330
235
100
AcDbEntity
  8
LN-ELEVATION-4
100
AcDbPolyline
 90
4
 70
1
 10
-427.8125
 20
0.0
 10
-427.8125
 20
180.7999999970197
 10
-433.8124999999999
 20
180.7999999970197
 10
-433.8124999999999
 20
0.0
  0
LWPOLYLINE
  5
28B
330
235
100
AcDbEntity
  8
LN-ELEVATION-4
100
AcDbPolyline
 90
4
 70
1
 10
-371.8125
 20
180.7999999970197
 10
-371.8125
 20
186.7999999970198
 10
-433.8124999999999
 20
186.7999999970198
 10
-433.8124999999999
 20
180.7999999970197
  0
LWPOLYLINE
  5
28C
330
235
100
AcDbEntity
  8
LN-ELEVATION-4
100
AcDbPolyline
 90
4
 70
1
 10
-371.8125
 20
367.5999999940395
 10
-371.8125
 20
373.5999999940395
 10
-433.8124999999999
 20
373.5999999940395
 10
-433.8124999999999
 20
367.5999999940395
  0
LWPOLYLINE
  5
28D
330
235
100
AcDbEntity
  8
LN-ELEVATION-4
100
AcDbPolyline
 90
4
 70
1
 10
-371.8125
 20
554.3999999910592
 10
-371.8125
 20
560.3999999910593
 10
-433.8124999999999
 20
560.3999999910593
 10
-433.8124999999999
 20
554.3999999910592
  0
LWPOLYLINE
  5
28E
330
235
100
AcDbEntity
  8
LN-ELEVATION-4
100
AcDbPolyline
 90
4
 70
1
 10
-371.8125
 20
741.1999999880791
 10
-371.8125
 20
747.199999988079
 10
-433.8124999999999
 20
747.199999988079
 10
-433.8124999999999
 20
741.1999999880791
  0
LWPOLYLINE
  5
28F
330
235
100
AcDbEntity
  8
LN-ELEVATION-4
100
AcDbPolyline
 90
4
 70
1
 10
-371.8125
 20
928.0
 10
-371.8125
 20
934.0
 10
-433.8124999999999
 20
934.0
 10
-433.8124999999999
 20
928.0
  0
LWPOLYLINE
  5
290
330
235
100
AcDbEntity
  8
LN-ELEVATION-4
100
AcDbPolyline
 90
4
 70
1
 10
-427.8125
 20
186.7999999970198
 10
-427.8125
 20
367.5999999940395
 10
-433.8124999999999
 20
367.5999999940395
 10
-433.8124999999999
 20
186.7999999970198
  0
LWPOLYLINE
  5
291
330
235
100
AcDbEntity
  8
LN-ELEVATION-4
100
AcDbPolyline
 90
4
 70
1
 10
-427.8125
 20
373.5999999940395
 10
-427.8125
 20
554.3999999910592
 10
-433.8124999999999
 20
554.3999999910592
 10
-433.8124999999999
 20
373.5999999940395
  0
LWPOLYLINE
  5
292
330
235
100
AcDbEntity
  8
LN-ELEVATION-4
100
AcDbPolyline
 90
4
 70
1
 10
-427.8125
 20
560.3999999910593
 10
-427.8125
 20
741.1999999880791
 10
-433.8124999999999
 20
741.1999999880791
 10
-433.8124999999999
 20
560.3999999910593
  0
LWPOLYLINE
  5
293
330
235
100
AcDbEntity
  8
LN-ELEVATION-4
100
AcDbPolyline
 90
4
 70
1
 10
-427.8125
 20
747.199999988079
 10
-427.8125
 20
927.9999999850987
 10
-433.8124999999999
 20
927.9999999850987
 10
-433.8124999999999
 20
747.199999988079
  0
LWPOLYLINE
  5
294
330
235
100
AcDbEntity
  8
LN-ELEVATION-5
100
AcDbPolyline
 90
4
 70
1
 10
-451.8125
 20
-6.0
 10
-451.8125
 20
0.0
 10
-513.8125
 20
0.0
 10
-513.8125
 20
-6.0
  0
LWPOLYLINE
  5
295
330
235
100
AcDbEntity
  8
LN-ELEVATION-5
100
AcDbPolyline
 90
4
 70
1
 10
-507.8125
 20
0.0
 10
-507.8125
 20
180.7999999970197
 10
-513.8125
 20
180.7999999970197
 10
-513.8125
 20
0.0
  0
LWPOLYLINE
  5
296
330
235
100
AcDbEntity
  8
LN-ELEVATION-5
100
AcDbPolyline
 90
4
 70
1
 10
-451.8125
 20
180.7999999970197
 10
-451.8125
 20
186.7999999970198
 10
-513.8125
 20
186.7999999970198
 10
-513.8125
 20
180.7999999970197
  0
LWPOLYLINE
  5
297
330
235
100
AcDbEntity
  8
LN-ELEVATION-5
100
AcDbPolyline
 90
4
 70
1
 10
-451.8125
 20
367.5999999940395
 10
-451.8125
 20
373.5999999940395
 10
-513.8125
 20
373.5999999940395
 10
-513.8125
 20
367.5999999940395
  0
LWPOLYLINE
  5
298
330
235
100
AcDbEntity
  8
LN-ELEVATION-5
100
AcDbPolyline
 90
4
 70
1
 10
-451.8125
 20
554.3999999910592
 10
-451.8125
 20
560.3999999910593
 10
-513.8125
 20
560.3999999910593
 10
-513.8125
 20
554.3999999910592
  0
LWPOLYLINE
  5
299
330
235
100
AcDbEntity
  8
LN-ELEVATION-5
100
AcDbPolyline
 90
4
 70
1
 10
-451.8125
 20
741.1999999880791
 10
-451.8125
 20
747.199999988079
 10
-513.8125
 20
747.199999988079
 10
-513.8125
 20
741.1999999880791
  0
LWPOLYLINE
  5
29A
330
235
100
AcDbEntity
  8
LN-ELEVATION-5
100
AcDbPolyline
 90
4
 70
1
 10
-451.8125
 20
928.0
 10
-451.8125
 20
934.0
 10
-513.8125
 20
934.0
 10
-513.8125
 20
928.0
  0
LWPOLYLINE
  5
29B
330
235
100
AcDbEntity
  8
LN-ELEVATION-5
100
AcDbPolyline
 90
4
 70
1
 10
-507.8125
 20
186.7999999970198
 10
-507.8125
 20
367.5999999940395
 10
-513.8125
 20
367.5999999940395
 10
-513.8125
 20
186.7999999970198
  0
LWPOLYLINE
  5
29C
330
235
100
AcDbEntity
  8
LN-ELEVATION-5
100
AcDbPolyline
 90
4
 70
1
 10
-507.8125
 20
373.5999999940395
 10
-507.8125
 20
554.3999999910592
 10
-513.8125
 20
554.3999999910592
 10
-513.8125
 20
373.5999999940395
  0
LWPOLYLINE
  5
29D
330
235
100
AcDbEntity
  8
LN-ELEVATION-5
100
AcDbPolyline
 90
4
 70
1
 10
-507.8125
 20
560.3999999910593
 10
-507.8125
 20
741.1999999880791
 10
-513.8125
 20
741.1999999880791
 10
-513.8125
 20
560.3999999910593
  0
LWPOLYLINE
  5
29E
330
235
100
AcDbEntity
  8
LN-ELEVATION-5
100
AcDbPolyline
 90
4
 70
1
 10
-507.8125
 20
747.199999988079
 10
-507.8125
 20
927.9999999850987
 10
-513.8125
 20
927.9999999850987
 10
-513.8125
 20
747.199999988079
  0
LWPOLYLINE
  5
29F
330
235
100
AcDbEntity
  8
LN-ELEVATION-3
100
AcDbPolyline
 90
4
 70
1
 10
545.1875
 20
-36.0
 10
545.1875
 20
964.0
 10
563.1874999999999
 20
964.0
 10
563.1874999999999
 20
-36.0
  0
LWPOLYLINE
  5
2A0
330
235
100
AcDbEntity
  8
LN-ELEVATION-3
100
AcDbPolyline
 90
4
 70
1
 10
483.1875
 20
934.0
 10
483.1875
 20
964.0
 10
545.1875
 20
964.0
 10
545.1875
 20
934.0
  0
LWPOLYLINE
  5
2A1
330
235
100
AcDbEntity
  8
LN-ELEVATION-3
100
AcDbPolyline
 90
4
 70
1
 10
483.1875
 20
-36.0
 10
483.1875
 20
-6.0
 10
545.1875
 20
-6.0
 10
545.1875
 20
-36.0
  0
LWPOLYLINE
  5
2A2
330
235
100
AcDbEntity
  8
LN-ELEVATION-4
100
AcDbPolyline
 90
4
 70
1
 10
625.1875
 20
-36.0
 10
625.1875
 20
964.0
 10
643.1874999999999
 20
964.0
 10
643.1874999999999
 20
-36.0
  0
LWPOLYLINE
  5
2A3
330
235
100
AcDbEntity
  8
LN-ELEVATION-4
100
AcDbPolyline
 90
4
 70
1
 10
563.1874999999999
 20
934.0
 10
563.1874999999999
 20
964.0
 10
625.1875
 20
964.0
 10
625.1875
 20
934.0
  0
LWPOLYLINE
  5
2A4
330
235
100
AcDbEntity
  8
LN-ELEVATION-4
100
AcDbPolyline
 90
4
 70
1
 10
563.1874999999999
 20
-36.0
 10
563.1874999999999
 20
-6.0
 10
625.1875
 20
-6.0
 10
625.1875
 20
-36.0
  0
LWPOLYLINE
  5
2A5
330
235
100
AcDbEntity
  8
LN-ELEVATION-4
100
AcDbPolyline
 90
4
 70
1
 10
483.1875
 20
-6.0
 10
483.1875
 20
0.0
 10
545.1875
 20
0.0
 10
545.1875
 20
-6.0
  0
LWPOLYLINE
  5
2A6
330
235
100
AcDbEntity
  8
LN-ELEVATION-4
100
AcDbPolyline
 90
4
 70
1
 10
539.1874999999999
 20
0.0
 10
539.1874999999999
 20
180.7999999970197
 10
545.1875
 20
180.7999999970197
 10
545.1875
 20
0.0
  0
LWPOLYLINE
  5
2A7
330
235
100
AcDbEntity
  8
LN-ELEVATION-4
100
AcDbPolyline
 90
4
 70
1
 10
483.1875
 20
180.7999999970197
 10
483.1875
 20
186.7999999970198
 10
545.1875
 20
186.7999999970198
 10
545.1875
 20
180.7999999970197
  0
LWPOLYLINE
  5
2A8
330
235
100
AcDbEntity
  8
LN-ELEVATION-4
100
AcDbPolyline
 90
4
 70
1
 10
483.1875
 20
367.5999999940395
 10
483.1875
 20
373.5999999940395
 10
545.1875
 20
373.5999999940395
 10
545.1875
 20
367.5999999940395
  0
LWPOLYLINE
  5
2A9
330
235
100
AcDbEntity
  8
LN-ELEVATION-4
100
AcDbPolyline
 90
4
 70
1
 10
483.1875
 20
554.3999999910592
 10
483.1875
 20
560.3999999910593
 10
545.1875
 20
560.3999999910593
 10
545.1875
 20
554.3999999910592
  0
LWPOLYLINE
  5
2AA
330
235
100
AcDbEntity
  8
LN-ELEVATION-4
100
AcDbPolyline
 90
4
 70
1
 10
483.1875
 20
741.1999999880791
 10
483.1875
 20
747.199999988079
 10
545.1875
 20
747.199999988079
 10
545.1875
 20
741.1999999880791
  0
LWPOLYLINE
  5
2AB
330
235
100
AcDbEntity
  8
LN-ELEVATION-4
100
AcDbPolyline
 90
4
 70
1
 10
483.1875
 20
928.0
 10
483.1875
 20
934.0
 10
545.1875
 20
934.0
 10
545.1875
 20
928.0
  0
LWPOLYLINE
  5
2AC
330
235
100
AcDbEntity
  8
LN-ELEVATION-4
100
AcDbPolyline
 90
4
 70
1
 10
539.1874999999999
 20
186.7999999970198
 10
539.1874999999999
 20
367.5999999940395
 10
545.1875
 20
367.5999999940395
 10
545.1875
 20
186.7999999970198
  0
LWPOLYLINE
  5
2AD
330
235
100
AcDbEntity
  8
LN-ELEVATION-4
100
AcDbPolyline
 90
4
 70
1
 10
539.1874999999999
 20
373.5999999940395
 10
539.1874999999999
 20
554.3999999910592
 10
545.1875
 20
554.3999999910592
 10
545.1875
 20
373.5999999940395
  0
LWPOLYLINE
  5
2AE
330
235
100
AcDbEntity
  8
LN-ELEVATION-4
100
AcDbPolyline
 90
4
 70
1
 10
539.1874999999999
 20
560.3999999910593
 10
539.1874999999999
 20
741.1999999880791
 10
545.1875
 20
741.1999999880791
 10
545.1875
 20
560.3999999910593
  0
LWPOLYLINE
  5
2AF
330
235
100
AcDbEntity
  8
LN-ELEVATION-4
100
AcDbPolyline
 90
4
 70
1
 10
539.1874999999999
 20
747.199999988079
 10
539.1874999999999
 20
927.9999999850987
 10
545.1875
 20
927.9999999850987
 10
545.1875
 20
747.199999988079
  0
LWPOLYLINE
  5
2B0
330
235
100
AcDbEntity
  8
LN-ELEVATION-5
100
AcDbPolyline
 90
4
 70
1
 10
563.1874999999999
 20
-6.0
 10
563.1874999999999
 20
0.0
 10
625.1875
 20
0.0
 10
625.1875
 20
-6.0
  0
LWPOLYLINE
  5
2B1
330
235
100
AcDbEntity
  8
LN-ELEVATION-5
100
AcDbPolyline
 90
4
 70
1
 10
619.1875
 20
0.0
 10
619.1875
 20
180.7999999970197
 10
625.1875
 20
180.7999999970197
 10
625.1875
 20
0.0
  0
LWPOLYLINE
  5
2B2
330
235
100
AcDbEntity
  8
LN-ELEVATION-5
100
AcDbPolyline
 90
4
 70
1
 10
563.1874999999999
 20
180.7999999970197
 10
563.1874999999999
 20
186.7999999970198
 10
625.1875
 20
186.7999999970198
 10
625.1875
 20
180.7999999970197
  0
LWPOLYLINE
  5
2B3
330
235
100
AcDbEntity
  8
LN-ELEVATION-5
100
AcDbPolyline
 90
4
 70
1
 10
563.1874999999999
 20
367.5999999940395
 10
563.1874999999999
 20
373.5999999940395
 10
625.1875
 20
373.5999999940395
 10
625.1875
 20
367.5999999940395
  0
LWPOLYLINE
  5
2B4
330
235
100
AcDbEntity
  8
LN-ELEVATION-5
100
AcDbPolyline
 90
4
 70
1
 10
563.1874999999999
 20
554.3999999910592
 10
563.1874999999999
 20
560.3999999910593
 10
625.1875
 20
560.3999999910593
 10
625.1875
 20
554.3999999910592
  0
LWPOLYLINE
  5
2B5
330
235
100
AcDbEntity
  8
LN-ELEVATION-5
100
AcDbPolyline
 90
4
 70
1
 10
563.1874999999999
 20
741.1999999880791
 10
563.1874999999999
 20
747.199999988079
 10
625.1875
 20
747.199999988079
 10
625.1875
 20
741.1999999880791
  0
LWPOLYLINE
  5
2B6
330
235
100
AcDbEntity
  8
LN-ELEVATION-5
100
AcDbPolyline
 90
4
 70
1
 10
563.1874999999999
 20
928.0
 10
563.1874999999999
 20
934.0
 10
625.1875
 20
934.0
 10
625.1875
 20
928.0
  0
LWPOLYLINE
  5
2B7
330
235
100
AcDbEntity
  8
LN-ELEVATION-5
100
AcDbPolyline
 90
4
 70
1
 10
619.1875
 20
186.7999999970198
 10
619.1875
 20
367.5999999940395
 10
625.1875
 20
367.5999999940395
 10
625.1875
 20
186.7999999970198
  0
LWPOLYLINE
  5
2B8
330
235
100
AcDbEntity
  8
LN-ELEVATION-5
100
AcDbPolyline
 90
4
 70
1
 10
619.1875
 20
373.5999999940395
 10
619.1875
 20
554.3999999910592
 10
625.1875
 20
554.3999999910592
 10
625.1875
 20
373.5999999940395
  0
LWPOLYLINE
  5
2B9
330
235
100
AcDbEntity
  8
LN-ELEVATION-5
100
AcDbPolyline
 90
4
 70
1
 10
619.1875
 20
560.3999999910593
 10
619.1875
 20
741.1999999880791
 10
625.1875
 20
741.1999999880791
 10
625.1875
 20
560.3999999910593
  0
LWPOLYLINE
  5
2BA
330
235
100
AcDbEntity
  8
LN-ELEVATION-5
100
AcDbPolyline
 90
4
 70
1
 10
619.1875
 20
747.199999988079
 10
619.1875
 20
927.9999999850987
 10
625.1875
 20
927.9999999850987
 10
625.1875
 20
747.199999988079
  0
INSERT
  5
2BB
330
235
100
AcDbEntity
  8
LN-DIMENSION
100
AcDbBlockReference
  2
ffgd
 10
52.76274626515806
 20
474.0
 30
0.0
 41
-1.0
 50
270.0
  0
LWPOLYLINE
  5
2BD
330
235
100
AcDbEntity
  8
LN-ELEVATION-1
100
AcDbPolyline
 90
4
 70
1
 10
-260.8125
 20
747.199999988079
 10
-260.8125
 20
934.0
 10
-266.8125
 20
934.0
 10
-266.8125
 20
747.199999988079
  0
LWPOLYLINE
  5
2BE
330
235
100
AcDbEntity
  8
LN-ELEVATION-1
100
AcDbPolyline
 90
4
 70
1
 10
-260.8125
 20
560.3999999761581
 10
-260.8125
 20
741.1999999880791
 10
-266.8125
 20
741.1999999880791
 10
-266.8125
 20
560.3999999761581
  0
LWPOLYLINE
  5
2BF
330
235
100
AcDbEntity
  8
LN-ELEVATION-1
100
AcDbPolyline
 90
4
 70
1
 10
-260.8125
 20
373.5999999791384
 10
-260.8125
 20
554.3999999910592
 10
-266.8125
 20
554.3999999910592
 10
-266.8125
 20
373.5999999791384
  0
LWPOLYLINE
  5
2C0
330
235
100
AcDbEntity
  8
LN-ELEVATION-1
100
AcDbPolyline
 90
4
 70
1
 10
-260.8125
 20
186.7999999821186
 10
-260.8125
 20
367.5999999940395
 10
-266.8125
 20
367.5999999940395
 10
-266.8125
 20
186.7999999821186
  0
LWPOLYLINE
  5
2C1
330
235
100
AcDbEntity
  8
LN-ELEVATION-1
100
AcDbPolyline
 90
4
 70
1
 10
-260.8125
 20
-6.000000014901161
 10
-260.8125
 20
180.7999999970197
 10
-266.8125
 20
180.7999999970197
 10
-266.8125
 20
-6.000000014901161
  0
LWPOLYLINE
  5
2C2
330
235
100
AcDbEntity
  8
LN-ELEVATION-1
100
AcDbPolyline
 90
4
 70
1
 10
372.1875
 20
747.199999988079
 10
372.1875
 20
934.0
 10
378.1875
 20
934.0
 10
378.1875
 20
747.199999988079
  0
LWPOLYLINE
  5
2C3
330
235
100
AcDbEntity
  8
LN-ELEVATION-1
100
AcDbPolyline
 90
4
 70
1
 10
372.1875
 20
560.3999999761581
 10
372.1875
 20
741.1999999880791
 10
378.1875
 20
741.1999999880791
 10
378.1875
 20
560.3999999761581
  0
LWPOLYLINE
  5
2C4
330
235
100
AcDbEntity
  8
LN-ELEVATION-1
100
AcDbPolyline
 90
4
 70
1
 10
372.1875
 20
373.5999999791384
 10
372.1875
 20
554.3999999910592
 10
378.1875
 20
554.3999999910592
 10
378.1875
 20
373.5999999791384
  0
LWPOLYLINE
  5
2C5
330
235
100
AcDbEntity
  8
LN-ELEVATION-1
100
AcDbPolyline
 90
4
 70
1
 10
372.1875
 20
186.7999999821186
 10
372.1875
 20
367.5999999940395
 10
378.1875
 20
367.5999999940395
 10
378.1875
 20
186.7999999821186
  0
LWPOLYLINE
  5
2C6
330
235
100
AcDbEntity
  8
LN-ELEVATION-1
100
AcDbPolyline
 90
4
 70
1
 10
372.1875
 20
-6.000000014901161
 10
372.1875
 20
180.7999999970197
 10
378.1875
 20
180.7999999970197
 10
378.1875
 20
-6.000000014901161
  0
ENDBLK
  5
237
330
235
100
AcDbEntity
  8
0
100
AcDbBlockEnd
  0
BLOCK
  5
2C8
330
2C7
100
AcDbEntity
  8
0
100
AcDbBlockBegin
  2
POS1800
 70
0
 10
0.0
 20
0.0
 30
0.0
  3
POS1800
  1

  0
LWPOLYLINE
  5
2CA
330
2C7
100
AcDbEntity
  8
LN-ELEVATION-3
  6
ByBlock
100
AcDbPolyline
 90
2
 70
0
 10
-506.0000000037253
 20
298.0000000002328
 10
-863.9999999981371
 20
298.0
  0
LWPOLYLINE
  5
2CB
330
2C7
100
AcDbEntity
  8
LN-ELEVATION-3
  6
ByBlock
100
AcDbPolyline
 90
4
 70
1
 10
-301.3333333320916
 20
-286.0
 10
-281.3333333320916
 20
-286.0
 10
-281.3333333320916
 20
-406.0
 10
-301.3333333320916
 20
-406.0
  0
LWPOLYLINE
  5
2CC
330
2C7
100
AcDbEntity
  8
LN-ELEVATION-3
  6
ByBlock
100
AcDbPolyline
 90
4
 70
1
 10
-10.0
 20
-286.0
 10
10.0
 20
-286.0
 10
10.0
 20
-406.0
 10
-10.0
 20
-406.0
  0
LWPOLYLINE
  5
2CD
330
2C7
100
AcDbEntity
  8
LN-ELEVATION-3
  6
ByBlock
100
AcDbPolyline
 90
4
 70
1
 10
281.3333333339542
 20
-286.0
 10
301.3333333339542
 20
-286.0
 10
301.3333333339542
 20
-406.0
 10
281.3333333339542
 20
-406.0
  0
LWPOLYLINE
  5
2CE
330
2C7
100
AcDbEntity
  8
LN-ELEVATION-3
  6
ByBlock
100
AcDbPolyline
 90
4
 70
1
 10
572.6666666679084
 20
-286.0
 10
592.6666666679084
 20
-286.0
 10
592.6666666679084
 20
-405.8997167868073
 10
572.6666666679084
 20
-405.8997167868073
  0
LWPOLYLINE
  5
2CF
330
2C7
100
AcDbEntity
  8
LN-ELEVATION-3
 62
13
100
AcDbPolyline
 90
4
 70
1
 10
57.5
 20
19.94398226519114
 10
-312.5
 20
19.94398226519114
 10
-362.5
 20
69.94398226519114
 10
107.5
 20
69.94398226519114
  0
LWPOLYLINE
  5
2D0
330
2C7
100
AcDbEntity
  8
LN-ELEVATION-3
 62
13
100
AcDbPolyline
 90
4
 70
1
 10
107.5
 20
69.94398226519114
 10
-362.5
 20
69.94398226519114
 10
-362.5
 20
81.94398226519115
 10
107.5
 20
81.94398226519115
  0
MTEXT
  5
2D1
330
2C7
100
AcDbEntity
  8
LN-ELEVATION-3
 62
13
100
AcDbMText
 10
-245.5994535386562
 20
151.776373407105
 30
0.0
 40
50.0
 41
12804.14671268733
 71
1
  1
SCREEN
  0
LWPOLYLINE
  5
2D2
330
2C7
100
AcDbEntity
  8
LN-ELEVATION-3
  6
ByBlock
100
AcDbPolyline
 90
2
 70
0
 10
-506.0000000037253
 20
298.0000000002328
 10
-506.0000000037253
 20
0.0
  0
LWPOLYLINE
  5
2D3
330
2C7
100
AcDbEntity
  8
LN-ELEVATION-3
  6
ByBlock
100
AcDbPolyline
 90
2
 70
0
 10
251.0
 20
298.0000000006985
 10
251.0
 20
0.0
  0
LWPOLYLINE
  5
2D4
330
2C7
100
AcDbEntity
  8
LN-ELEVATION-5
100
AcDbPolyline
 90
2
 70
0
 10
-506.0000000037253
 20
298.0000000002328
 10
251.0
 20
298.0000000006985
  0
LWPOLYLINE
  5
2D5
330
2C7
100
AcDbEntity
  8
LN-ELEVATION-3
  6
ByBlock
100
AcDbPolyline
 90
4
 70
1
 10
-592.6666666660458
 20
-286.0
 10
-572.6666666660458
 20
-286.0
 10
-572.6666666660458
 20
-406.0
 10
-592.6666666660458
 20
-406.0
  0
LWPOLYLINE
  5
2D6
330
2C7
100
AcDbEntity
  8
LN-ELEVATION-3
  6
ByBlock
100
AcDbPolyline
 90
4
 70
1
 10
-892.0
 20
-426.0
 10
-892.0
 20
-434.0
 10
-900.0
 20
-434.0
 10
-900.0
 20
-426.0
  0
LWPOLYLINE
  5
2D7
330
2C7
100
AcDbEntity
  8
LN-ELEVATION-3
  6
ByBlock
100
AcDbPolyline
 90
4
 70
1
 10
-892.0
 20
-410.0
 10
-892.0
 20
-418.0
 10
-900.0
 20
-418.0
 10
-900.0
 20
-410.0
  0
LWPOLYLINE
  5
2D8
330
2C7
100
AcDbEntity
  8
LN-ELEVATION-3
  6
ByBlock
100
AcDbPolyline
 90
4
 70
1
 10
-892.0
 20
-394.0
 10
-892.0
 20
-402.0
 10
-900.0
 20
-402.0
 10
-900.0
 20
-394.0
  0
LWPOLYLINE
  5
2D9
330
2C7
100
AcDbEntity
  8
LN-ELEVATION-3
  6
ByBlock
100
AcDbPolyline
 90
4
 70
1
 10
-892.0
 20
-378.0
 10
-892.0
 20
-386.0
 10
-900.0
 20
-386.0
 10
-900.0
 20
-378.0
  0
LWPOLYLINE
  5
2DA
330
2C7
100
AcDbEntity
  8
LN-ELEVATION-3
  6
ByBlock
100
AcDbPolyline
 90
4
 70
1
 10
-892.0
 20
-362.0
 10
-892.0
 20
-370.0
 10
-900.0
 20
-370.0
 10
-900.0
 20
-362.0
  0
LWPOLYLINE
  5
2DB
330
2C7
100
AcDbEntity
  8
LN-ELEVATION-3
  6
ByBlock
100
AcDbPolyline
 90
4
 70
1
 10
-892.0
 20
-346.0
 10
-892.0
 20
-354.0
 10
-900.0
 20
-354.0
 10
-900.0
 20
-346.0
  0
LWPOLYLINE
  5
2DC
330
2C7
100
AcDbEntity
  8
LN-ELEVATION-3
  6
ByBlock
100
AcDbPolyline
 90
4
 70
1
 10
-892.0
 20
-330.0
 10
-892.0
 20
-338.0
 10
-900.0
 20
-338.0
 10
-900.0
 20
-330.0
  0
LWPOLYLINE
  5
2DD
330
2C7
100
AcDbEntity
  8
LN-ELEVATION-3
  6
ByBlock
100
AcDbPolyline
 90
4
 70
1
 10
-892.0
 20
-314.0
 10
-892.0
 20
-322.0
 10
-900.0
 20
-322.0
 10
-900.0
 20
-314.0
  0
LWPOLYLINE
  5
2DE
330
2C7
100
AcDbEntity
  8
LN-ELEVATION-3
  6
ByBlock
100
AcDbPolyline
 90
4
 70
1
 10
-892.0
 20
-298.0
 10
-892.0
 20
-306.0
 10
-900.0
 20
-306.0
 10
-900.0
 20
-298.0
  0
LWPOLYLINE
  5
2DF
330
2C7
100
AcDbEntity
  8
LN-ELEVATION-3
  6
ByBlock
100
AcDbPolyline
 90
4
 70
1
 10
-892.0
 20
-282.0
 10
-892.0
 20
-290.0
 10
-900.0
 20
-290.0
 10
-900.0
 20
-282.0
  0
LWPOLYLINE
  5
2E0
330
2C7
100
AcDbEntity
  8
LN-ELEVATION-3
  6
ByBlock
100
AcDbPolyline
 90
4
 70
1
 10
-892.0
 20
-266.0
 10
-892.0
 20
-274.0
 10
-900.0
 20
-274.0
 10
-900.0
 20
-266.0
  0
LWPOLYLINE
  5
2E1
330
2C7
100
AcDbEntity
  8
LN-ELEVATION-3
  6
ByBlock
100
AcDbPolyline
 90
4
 70
1
 10
-892.0
 20
-250.0
 10
-892.0
 20
-258.0
 10
-900.0
 20
-258.0
 10
-900.0
 20
-250.0
  0
LWPOLYLINE
  5
2E2
330
2C7
100
AcDbEntity
  8
LN-ELEVATION-3
  6
ByBlock
100
AcDbPolyline
 90
4
 70
1
 10
-892.0
 20
-234.0
 10
-892.0
 20
-242.0
 10
-900.0
 20
-242.0
 10
-900.0
 20
-234.0
  0
LWPOLYLINE
  5
2E3
330
2C7
100
AcDbEntity
  8
LN-ELEVATION-3
  6
ByBlock
100
AcDbPolyline
 90
4
 70
1
 10
-892.0
 20
-218.0
 10
-892.0
 20
-226.0
 10
-900.0
 20
-226.0
 10
-900.0
 20
-218.0
  0
LWPOLYLINE
  5
2E4
330
2C7
100
AcDbEntity
  8
LN-ELEVATION-3
  6
ByBlock
100
AcDbPolyline
 90
4
 70
1
 10
-892.0
 20
-202.0
 10
-892.0
 20
-210.0
 10
-900.0
 20
-210.0
 10
-900.0
 20
-202.0
  0
LWPOLYLINE
  5
2E5
330
2C7
100
AcDbEntity
  8
LN-ELEVATION-3
  6
ByBlock
100
AcDbPolyline
 90
4
 70
1
 10
-892.0
 20
-186.0
 10
-892.0
 20
-194.0
 10
-900.0
 20
-194.0
 10
-900.0
 20
-186.0
  0
LWPOLYLINE
  5
2E6
330
2C7
100
AcDbEntity
  8
LN-ELEVATION-3
  6
ByBlock
100
AcDbPolyline
 90
4
 70
1
 10
-892.0
 20
-170.0
 10
-892.0
 20
-178.0
 10
-900.0
 20
-178.0
 10
-900.0
 20
-170.0
  0
LWPOLYLINE
  5
2E7
330
2C7
100
AcDbEntity
  8
LN-ELEVATION-3
  6
ByBlock
100
AcDbPolyline
 90
4
 70
1
 10
-892.0
 20
-154.0
 10
-892.0
 20
-162.0
 10
-900.0
 20
-162.0
 10
-900.0
 20
-154.0
  0
LWPOLYLINE
  5
2E8
330
2C7
100
AcDbEntity
  8
LN-ELEVATION-3
  6
ByBlock
100
AcDbPolyline
 90
4
 70
1
 10
-892.0
 20
-138.0
 10
-892.0
 20
-146.0
 10
-900.0
 20
-146.0
 10
-900.0
 20
-138.0
  0
LWPOLYLINE
  5
2E9
330
2C7
100
AcDbEntity
  8
LN-ELEVATION-3
  6
ByBlock
100
AcDbPolyline
 90
4
 70
1
 10
-892.0
 20
-122.0
 10
-892.0
 20
-130.0
 10
-900.0
 20
-130.0
 10
-900.0
 20
-122.0
  0
LWPOLYLINE
  5
2EA
330
2C7
100
AcDbEntity
  8
LN-ELEVATION-3
  6
ByBlock
100
AcDbPolyline
 90
4
 70
1
 10
-892.0
 20
-106.0
 10
-892.0
 20
-114.0
 10
-900.0
 20
-114.0
 10
-900.0
 20
-106.0
  0
LWPOLYLINE
  5
2EB
330
2C7
100
AcDbEntity
  8
LN-ELEVATION-3
  6
ByBlock
100
AcDbPolyline
 90
4
 70
1
 10
-892.0
 20
-90.0
 10
-892.0
 20
-98.0
 10
-900.0
 20
-98.0
 10
-900.0
 20
-90.0
  0
LWPOLYLINE
  5
2EC
330
2C7
100
AcDbEntity
  8
LN-ELEVATION-3
  6
ByBlock
100
AcDbPolyline
 90
4
 70
1
 10
-892.0
 20
-74.0
 10
-892.0
 20
-82.0
 10
-900.0
 20
-82.0
 10
-900.0
 20
-74.0
  0
LWPOLYLINE
  5
2ED
330
2C7
100
AcDbEntity
  8
LN-ELEVATION-3
  6
ByBlock
100
AcDbPolyline
 90
4
 70
1
 10
-892.0
 20
-58.0
 10
-892.0
 20
-66.0
 10
-900.0
 20
-66.0
 10
-900.0
 20
-58.0
  0
LWPOLYLINE
  5
2EE
330
2C7
100
AcDbEntity
  8
LN-ELEVATION-3
  6
ByBlock
100
AcDbPolyline
 90
4
 70
1
 10
-892.0
 20
-42.0
 10
-892.0
 20
-50.0
 10
-900.0
 20
-50.0
 10
-900.0
 20
-42.0
  0
LWPOLYLINE
  5
2EF
330
2C7
100
AcDbEntity
  8
LN-ELEVATION-3
  6
ByBlock
100
AcDbPolyline
 90
4
 70
1
 10
-892.0
 20
-26.0
 10
-892.0
 20
-34.0
 10
-900.0
 20
-34.0
 10
-900.0
 20
-26.0
  0
LWPOLYLINE
  5
2F0
330
2C7
100
AcDbEntity
  8
LN-ELEVATION-3
  6
ByBlock
100
AcDbPolyline
 90
4
 70
1
 10
-892.0
 20
-10.0
 10
-892.0
 20
-18.0
 10
-900.0
 20
-18.0
 10
-900.0
 20
-10.0
  0
LWPOLYLINE
  5
2F1
330
2C7
100
AcDbEntity
  8
LN-ELEVATION-3
  6
ByBlock
100
AcDbPolyline
 90
4
 70
1
 10
-892.0
 20
6.0
 10
-892.0
 20
-2.0
 10
-900.0
 20
-2.0
 10
-900.0
 20
6.0
  0
LWPOLYLINE
  5
2F2
330
2C7
100
AcDbEntity
  8
LN-ELEVATION-3
  6
ByBlock
100
AcDbPolyline
 90
4
 70
1
 10
-892.0
 20
22.0
 10
-892.0
 20
14.0
 10
-900.0
 20
14.0
 10
-900.0
 20
22.0
  0
LWPOLYLINE
  5
2F3
330
2C7
100
AcDbEntity
  8
LN-ELEVATION-3
  6
ByBlock
100
AcDbPolyline
 90
4
 70
1
 10
-892.0
 20
38.0
 10
-892.0
 20
30.0
 10
-900.0
 20
30.0
 10
-900.0
 20
38.0
  0
LWPOLYLINE
  5
2F4
330
2C7
100
AcDbEntity
  8
LN-ELEVATION-3
  6
ByBlock
100
AcDbPolyline
 90
4
 70
1
 10
-892.0
 20
54.0
 10
-892.0
 20
46.0
 10
-900.0
 20
46.0
 10
-900.0
 20
54.0
  0
LWPOLYLINE
  5
2F5
330
2C7
100
AcDbEntity
  8
LN-ELEVATION-3
  6
ByBlock
100
AcDbPolyline
 90
4
 70
1
 10
-892.0
 20
70.0
 10
-892.0
 20
62.0
 10
-900.0
 20
62.0
 10
-900.0
 20
70.0
  0
LWPOLYLINE
  5
2F6
330
2C7
100
AcDbEntity
  8
LN-ELEVATION-3
  6
ByBlock
100
AcDbPolyline
 90
4
 70
1
 10
-892.0
 20
86.0
 10
-892.0
 20
78.0
 10
-900.0
 20
78.0
 10
-900.0
 20
86.0
  0
LWPOLYLINE
  5
2F7
330
2C7
100
AcDbEntity
  8
LN-ELEVATION-3
  6
ByBlock
100
AcDbPolyline
 90
4
 70
1
 10
-892.0
 20
102.0
 10
-892.0
 20
94.0
 10
-900.0
 20
94.0
 10
-900.0
 20
102.0
  0
LWPOLYLINE
  5
2F8
330
2C7
100
AcDbEntity
  8
LN-ELEVATION-3
  6
ByBlock
100
AcDbPolyline
 90
4
 70
1
 10
-892.0
 20
118.0
 10
-892.0
 20
110.0
 10
-900.0
 20
110.0
 10
-900.0
 20
118.0
  0
LWPOLYLINE
  5
2F9
330
2C7
100
AcDbEntity
  8
LN-ELEVATION-3
  6
ByBlock
100
AcDbPolyline
 90
4
 70
1
 10
-892.0
 20
134.0
 10
-892.0
 20
126.0
 10
-900.0
 20
126.0
 10
-900.0
 20
134.0
  0
LWPOLYLINE
  5
2FA
330
2C7
100
AcDbEntity
  8
LN-ELEVATION-3
  6
ByBlock
100
AcDbPolyline
 90
4
 70
1
 10
-892.0
 20
150.0
 10
-892.0
 20
142.0
 10
-900.0
 20
142.0
 10
-900.0
 20
150.0
  0
LWPOLYLINE
  5
2FB
330
2C7
100
AcDbEntity
  8
LN-ELEVATION-3
  6
ByBlock
100
AcDbPolyline
 90
4
 70
1
 10
-892.0
 20
166.0
 10
-892.0
 20
158.0
 10
-900.0
 20
158.0
 10
-900.0
 20
166.0
  0
LWPOLYLINE
  5
2FC
330
2C7
100
AcDbEntity
  8
LN-ELEVATION-3
  6
ByBlock
100
AcDbPolyline
 90
4
 70
1
 10
-892.0
 20
182.0
 10
-892.0
 20
174.0
 10
-900.0
 20
174.0
 10
-900.0
 20
182.0
  0
LWPOLYLINE
  5
2FD
330
2C7
100
AcDbEntity
  8
LN-ELEVATION-3
  6
ByBlock
100
AcDbPolyline
 90
4
 70
1
 10
-892.0
 20
198.0
 10
-892.0
 20
190.0
 10
-900.0
 20
190.0
 10
-900.0
 20
198.0
  0
LWPOLYLINE
  5
2FE
330
2C7
100
AcDbEntity
  8
LN-ELEVATION-3
  6
ByBlock
100
AcDbPolyline
 90
4
 70
1
 10
-892.0
 20
214.0
 10
-892.0
 20
206.0
 10
-900.0
 20
206.0
 10
-900.0
 20
214.0
  0
LWPOLYLINE
  5
2FF
330
2C7
100
AcDbEntity
  8
LN-ELEVATION-3
  6
ByBlock
100
AcDbPolyline
 90
4
 70
1
 10
-892.0
 20
230.0
 10
-892.0
 20
222.0
 10
-900.0
 20
222.0
 10
-900.0
 20
230.0
  0
LWPOLYLINE
  5
300
330
2C7
100
AcDbEntity
  8
LN-ELEVATION-3
  6
ByBlock
100
AcDbPolyline
 90
4
 70
1
 10
-892.0
 20
246.0
 10
-892.0
 20
238.0
 10
-900.0
 20
238.0
 10
-900.0
 20
246.0
  0
LWPOLYLINE
  5
301
330
2C7
100
AcDbEntity
  8
LN-ELEVATION-3
  6
ByBlock
100
AcDbPolyline
 90
4
 70
1
 10
-892.0
 20
262.0
 10
-892.0
 20
254.0
 10
-900.0
 20
254.0
 10
-900.0
 20
262.0
  0
LWPOLYLINE
  5
302
330
2C7
100
AcDbEntity
  8
LN-ELEVATION-3
  6
ByBlock
100
AcDbPolyline
 90
4
 70
1
 10
-892.0
 20
278.0
 10
-892.0
 20
270.0
 10
-900.0
 20
270.0
 10
-900.0
 20
278.0
  0
LWPOLYLINE
  5
303
330
2C7
100
AcDbEntity
  8
LN-ELEVATION-3
  6
ByBlock
100
AcDbPolyline
 90
4
 70
1
 10
-891.9999999981374
 20
294.0
 10
-891.9999999981374
 20
286.0
 10
-899.9999999981374
 20
286.0
 10
-899.9999999981374
 20
294.0
  0
LWPOLYLINE
  5
304
330
2C7
100
AcDbEntity
  8
LN-ELEVATION-3
  6
ByBlock
100
AcDbPolyline
 90
4
 70
1
 10
-884.0
 20
-434.0
 10
-884.0
 20
-442.0
 10
-892.0
 20
-442.0
 10
-892.0
 20
-434.0
  0
LWPOLYLINE
  5
305
330
2C7
100
AcDbEntity
  8
LN-ELEVATION-3
  6
ByBlock
100
AcDbPolyline
 90
4
 70
1
 10
-868.0
 20
-434.0
 10
-868.0
 20
-442.0
 10
-876.0
 20
-442.0
 10
-876.0
 20
-434.0
  0
LWPOLYLINE
  5
306
330
2C7
100
AcDbEntity
  8
LN-ELEVATION-3
  6
ByBlock
100
AcDbPolyline
 90
4
 70
1
 10
-852.0
 20
-434.0
 10
-852.0
 20
-442.0
 10
-860.0
 20
-442.0
 10
-860.0
 20
-434.0
  0
LWPOLYLINE
  5
307
330
2C7
100
AcDbEntity
  8
LN-ELEVATION-3
  6
ByBlock
100
AcDbPolyline
 90
4
 70
1
 10
-836.0
 20
-434.0
 10
-836.0
 20
-442.0
 10
-844.0
 20
-442.0
 10
-844.0
 20
-434.0
  0
LWPOLYLINE
  5
308
330
2C7
100
AcDbEntity
  8
LN-ELEVATION-3
  6
ByBlock
100
AcDbPolyline
 90
4
 70
1
 10
-820.0
 20
-434.0
 10
-820.0
 20
-442.0
 10
-828.0
 20
-442.0
 10
-828.0
 20
-434.0
  0
LWPOLYLINE
  5
309
330
2C7
100
AcDbEntity
  8
LN-ELEVATION-3
  6
ByBlock
100
AcDbPolyline
 90
4
 70
1
 10
-804.0
 20
-434.0
 10
-804.0
 20
-442.0
 10
-812.0
 20
-442.0
 10
-812.0
 20
-434.0
  0
LWPOLYLINE
  5
30A
330
2C7
100
AcDbEntity
  8
LN-ELEVATION-3
  6
ByBlock
100
AcDbPolyline
 90
4
 70
1
 10
-788.0
 20
-434.0
 10
-788.0
 20
-442.0
 10
-796.0
 20
-442.0
 10
-796.0
 20
-434.0
  0
LWPOLYLINE
  5
30B
330
2C7
100
AcDbEntity
  8
LN-ELEVATION-3
  6
ByBlock
100
AcDbPolyline
 90
4
 70
1
 10
-772.0
 20
-434.0
 10
-772.0
 20
-442.0
 10
-780.0
 20
-442.0
 10
-780.0
 20
-434.0
  0
LWPOLYLINE
  5
30C
330
2C7
100
AcDbEntity
  8
LN-ELEVATION-3
  6
ByBlock
100
AcDbPolyline
 90
4
 70
1
 10
-756.0
 20
-434.0
 10
-756.0
 20
-442.0
 10
-764.0
 20
-442.0
 10
-764.0
 20
-434.0
  0
LWPOLYLINE
  5
30D
330
2C7
100
AcDbEntity
  8
LN-ELEVATION-3
  6
ByBlock
100
AcDbPolyline
 90
4
 70
1
 10
-740.0
 20
-434.0
 10
-740.0
 20
-442.0
 10
-748.0
 20
-442.0
 10
-748.0
 20
-434.0
  0
LWPOLYLINE
  5
30E
330
2C7
100
AcDbEntity
  8
LN-ELEVATION-3
  6
ByBlock
100
AcDbPolyline
 90
4
 70
1
 10
-724.0
 20
-434.0
 10
-724.0
 20
-442.0
 10
-732.0
 20
-442.0
 10
-732.0
 20
-434.0
  0
LWPOLYLINE
  5
30F
330
2C7
100
AcDbEntity
  8
LN-ELEVATION-3
  6
ByBlock
100
AcDbPolyline
 90
4
 70
1
 10
-708.0
 20
-434.0
 10
-708.0
 20
-442.0
 10
-716.0
 20
-442.0
 10
-716.0
 20
-434.0
  0
LWPOLYLINE
  5
310
330
2C7
100
AcDbEntity
  8
LN-ELEVATION-3
  6
ByBlock
100
AcDbPolyline
 90
4
 70
1
 10
-692.0
 20
-434.0
 10
-692.0
 20
-442.0
 10
-700.0
 20
-442.0
 10
-700.0
 20
-434.0
  0
LWPOLYLINE
  5
311
330
2C7
100
AcDbEntity
  8
LN-ELEVATION-3
  6
ByBlock
100
AcDbPolyline
 90
4
 70
1
 10
-676.0
 20
-434.0
 10
-676.0
 20
-442.0
 10
-684.0
 20
-442.0
 10
-684.0
 20
-434.0
  0
LWPOLYLINE
  5
312
330
2C7
100
AcDbEntity
  8
LN-ELEVATION-3
  6
ByBlock
100
AcDbPolyline
 90
4
 70
1
 10
-660.0
 20
-434.0
 10
-660.0
 20
-442.0
 10
-668.0
 20
-442.0
 10
-668.0
 20
-434.0
  0
LWPOLYLINE
  5
313
330
2C7
100
AcDbEntity
  8
LN-ELEVATION-3
  6
ByBlock
100
AcDbPolyline
 90
4
 70
1
 10
-644.0
 20
-434.0
 10
-644.0
 20
-442.0
 10
-652.0
 20
-442.0
 10
-652.0
 20
-434.0
  0
LWPOLYLINE
  5
314
330
2C7
100
AcDbEntity
  8
LN-ELEVATION-3
  6
ByBlock
100
AcDbPolyline
 90
4
 70
1
 10
-628.0
 20
-434.0
 10
-628.0
 20
-442.0
 10
-636.0
 20
-442.0
 10
-636.0
 20
-434.0
  0
LWPOLYLINE
  5
315
330
2C7
100
AcDbEntity
  8
LN-ELEVATION-3
  6
ByBlock
100
AcDbPolyline
 90
4
 70
1
 10
-612.0
 20
-434.0
 10
-612.0
 20
-442.0
 10
-620.0
 20
-442.0
 10
-620.0
 20
-434.0
  0
LWPOLYLINE
  5
316
330
2C7
100
AcDbEntity
  8
LN-ELEVATION-3
  6
ByBlock
100
AcDbPolyline
 90
4
 70
1
 10
-596.0
 20
-434.0
 10
-596.0
 20
-442.0
 10
-604.0
 20
-442.0
 10
-604.0
 20
-434.0
  0
LWPOLYLINE
  5
317
330
2C7
100
AcDbEntity
  8
LN-ELEVATION-3
  6
ByBlock
100
AcDbPolyline
 90
4
 70
1
 10
-580.0
 20
-434.0
 10
-580.0
 20
-442.0
 10
-588.0
 20
-442.0
 10
-588.0
 20
-434.0
  0
LWPOLYLINE
  5
318
330
2C7
100
AcDbEntity
  8
LN-ELEVATION-3
  6
ByBlock
100
AcDbPolyline
 90
4
 70
1
 10
-564.0
 20
-434.0
 10
-564.0
 20
-442.0
 10
-572.0
 20
-442.0
 10
-572.0
 20
-434.0
  0
LWPOLYLINE
  5
319
330
2C7
100
AcDbEntity
  8
LN-ELEVATION-3
  6
ByBlock
100
AcDbPolyline
 90
4
 70
1
 10
-548.0
 20
-434.0
 10
-548.0
 20
-442.0
 10
-556.0
 20
-442.0
 10
-556.0
 20
-434.0
  0
LWPOLYLINE
  5
31A
330
2C7
100
AcDbEntity
  8
LN-ELEVATION-3
  6
ByBlock
100
AcDbPolyline
 90
4
 70
1
 10
-532.0
 20
-434.0
 10
-532.0
 20
-442.0
 10
-540.0
 20
-442.0
 10
-540.0
 20
-434.0
  0
LWPOLYLINE
  5
31B
330
2C7
100
AcDbEntity
  8
LN-ELEVATION-3
  6
ByBlock
100
AcDbPolyline
 90
4
 70
1
 10
-516.0
 20
-434.0
 10
-516.0
 20
-442.0
 10
-524.0
 20
-442.0
 10
-524.0
 20
-434.0
  0
LWPOLYLINE
  5
31C
330
2C7
100
AcDbEntity
  8
LN-ELEVATION-3
  6
ByBlock
100
AcDbPolyline
 90
4
 70
1
 10
-500.0
 20
-434.0
 10
-500.0
 20
-442.0
 10
-508.0
 20
-442.0
 10
-508.0
 20
-434.0
  0
LWPOLYLINE
  5
31D
330
2C7
100
AcDbEntity
  8
LN-ELEVATION-3
  6
ByBlock
100
AcDbPolyline
 90
4
 70
1
 10
-484.0
 20
-434.0
 10
-484.0
 20
-442.0
 10
-492.0
 20
-442.0
 10
-492.0
 20
-434.0
  0
LWPOLYLINE
  5
31E
330
2C7
100
AcDbEntity
  8
LN-ELEVATION-3
  6
ByBlock
100
AcDbPolyline
 90
4
 70
1
 10
-468.0
 20
-434.0
 10
-468.0
 20
-442.0
 10
-476.0
 20
-442.0
 10
-476.0
 20
-434.0
  0
LWPOLYLINE
  5
31F
330
2C7
100
AcDbEntity
  8
LN-ELEVATION-3
  6
ByBlock
100
AcDbPolyline
 90
4
 70
1
 10
-452.0
 20
-434.0
 10
-452.0
 20
-442.0
 10
-460.0
 20
-442.0
 10
-460.0
 20
-434.0
  0
LWPOLYLINE
  5
320
330
2C7
100
AcDbEntity
  8
LN-ELEVATION-3
  6
ByBlock
100
AcDbPolyline
 90
4
 70
1
 10
-436.0
 20
-434.0
 10
-436.0
 20
-442.0
 10
-444.0
 20
-442.0
 10
-444.0
 20
-434.0
  0
LWPOLYLINE
  5
321
330
2C7
100
AcDbEntity
  8
LN-ELEVATION-3
  6
ByBlock
100
AcDbPolyline
 90
4
 70
1
 10
-420.0
 20
-434.0
 10
-420.0
 20
-442.0
 10
-428.0
 20
-442.0
 10
-428.0
 20
-434.0
  0
LWPOLYLINE
  5
322
330
2C7
100
AcDbEntity
  8
LN-ELEVATION-3
  6
ByBlock
100
AcDbPolyline
 90
4
 70
1
 10
-404.0
 20
-434.0
 10
-404.0
 20
-442.0
 10
-412.0
 20
-442.0
 10
-412.0
 20
-434.0
  0
LWPOLYLINE
  5
323
330
2C7
100
AcDbEntity
  8
LN-ELEVATION-3
  6
ByBlock
100
AcDbPolyline
 90
4
 70
1
 10
-388.0
 20
-434.0
 10
-388.0
 20
-442.0
 10
-396.0
 20
-442.0
 10
-396.0
 20
-434.0
  0
LWPOLYLINE
  5
324
330
2C7
100
AcDbEntity
  8
LN-ELEVATION-3
  6
ByBlock
100
AcDbPolyline
 90
4
 70
1
 10
-372.0
 20
-434.0
 10
-372.0
 20
-442.0
 10
-380.0
 20
-442.0
 10
-380.0
 20
-434.0
  0
LWPOLYLINE
  5
325
330
2C7
100
AcDbEntity
  8
LN-ELEVATION-3
  6
ByBlock
100
AcDbPolyline
 90
4
 70
1
 10
-356.0
 20
-434.0
 10
-356.0
 20
-442.0
 10
-364.0
 20
-442.0
 10
-364.0
 20
-434.0
  0
LWPOLYLINE
  5
326
330
2C7
100
AcDbEntity
  8
LN-ELEVATION-3
  6
ByBlock
100
AcDbPolyline
 90
4
 70
1
 10
-340.0
 20
-434.0
 10
-340.0
 20
-442.0
 10
-348.0
 20
-442.0
 10
-348.0
 20
-434.0
  0
LWPOLYLINE
  5
327
330
2C7
100
AcDbEntity
  8
LN-ELEVATION-3
  6
ByBlock
100
AcDbPolyline
 90
4
 70
1
 10
-324.0
 20
-434.0
 10
-324.0
 20
-442.0
 10
-332.0
 20
-442.0
 10
-332.0
 20
-434.0
  0
LWPOLYLINE
  5
328
330
2C7
100
AcDbEntity
  8
LN-ELEVATION-3
  6
ByBlock
100
AcDbPolyline
 90
4
 70
1
 10
-308.0
 20
-434.0
 10
-308.0
 20
-442.0
 10
-316.0
 20
-442.0
 10
-316.0
 20
-434.0
  0
LWPOLYLINE
  5
329
330
2C7
100
AcDbEntity
  8
LN-ELEVATION-3
  6
ByBlock
100
AcDbPolyline
 90
4
 70
1
 10
-292.0
 20
-434.0
 10
-292.0
 20
-442.0
 10
-300.0
 20
-442.0
 10
-300.0
 20
-434.0
  0
LWPOLYLINE
  5
32A
330
2C7
100
AcDbEntity
  8
LN-ELEVATION-3
  6
ByBlock
100
AcDbPolyline
 90
4
 70
1
 10
-276.0
 20
-434.0
 10
-276.0
 20
-442.0
 10
-284.0
 20
-442.0
 10
-284.0
 20
-434.0
  0
LWPOLYLINE
  5
32B
330
2C7
100
AcDbEntity
  8
LN-ELEVATION-3
  6
ByBlock
100
AcDbPolyline
 90
4
 70
1
 10
-260.0
 20
-434.0
 10
-260.0
 20
-442.0
 10
-268.0
 20
-442.0
 10
-268.0
 20
-434.0
  0
LWPOLYLINE
  5
32C
330
2C7
100
AcDbEntity
  8
LN-ELEVATION-3
  6
ByBlock
100
AcDbPolyline
 90
4
 70
1
 10
-244.0
 20
-434.0
 10
-244.0
 20
-442.0
 10
-252.0
 20
-442.0
 10
-252.0
 20
-434.0
  0
LWPOLYLINE
  5
32D
330
2C7
100
AcDbEntity
  8
LN-ELEVATION-3
  6
ByBlock
100
AcDbPolyline
 90
4
 70
1
 10
-228.0
 20
-434.0
 10
-228.0
 20
-442.0
 10
-236.0
 20
-442.0
 10
-236.0
 20
-434.0
  0
LWPOLYLINE
  5
32E
330
2C7
100
AcDbEntity
  8
LN-ELEVATION-3
  6
ByBlock
100
AcDbPolyline
 90
4
 70
1
 10
-212.0
 20
-434.0
 10
-212.0
 20
-442.0
 10
-220.0
 20
-442.0
 10
-220.0
 20
-434.0
  0
LWPOLYLINE
  5
32F
330
2C7
100
AcDbEntity
  8
LN-ELEVATION-3
  6
ByBlock
100
AcDbPolyline
 90
4
 70
1
 10
-196.0
 20
-434.0
 10
-196.0
 20
-442.0
 10
-204.0
 20
-442.0
 10
-204.0
 20
-434.0
  0
LWPOLYLINE
  5
330
330
2C7
100
AcDbEntity
  8
LN-ELEVATION-3
  6
ByBlock
100
AcDbPolyline
 90
4
 70
1
 10
-180.0
 20
-434.0
 10
-180.0
 20
-442.0
 10
-188.0
 20
-442.0
 10
-188.0
 20
-434.0
  0
LWPOLYLINE
  5
331
330
2C7
100
AcDbEntity
  8
LN-ELEVATION-3
  6
ByBlock
100
AcDbPolyline
 90
4
 70
1
 10
-164.0
 20
-434.0
 10
-164.0
 20
-442.0
 10
-172.0
 20
-442.0
 10
-172.0
 20
-434.0
  0
LWPOLYLINE
  5
332
330
2C7
100
AcDbEntity
  8
LN-ELEVATION-3
  6
ByBlock
100
AcDbPolyline
 90
4
 70
1
 10
-148.0
 20
-434.0
 10
-148.0
 20
-442.0
 10
-156.0
 20
-442.0
 10
-156.0
 20
-434.0
  0
LWPOLYLINE
  5
333
330
2C7
100
AcDbEntity
  8
LN-ELEVATION-3
  6
ByBlock
100
AcDbPolyline
 90
4
 70
1
 10
-132.0
 20
-434.0
 10
-132.0
 20
-442.0
 10
-140.0
 20
-442.0
 10
-140.0
 20
-434.0
  0
LWPOLYLINE
  5
334
330
2C7
100
AcDbEntity
  8
LN-ELEVATION-3
  6
ByBlock
100
AcDbPolyline
 90
4
 70
1
 10
-116.0
 20
-434.0
 10
-116.0
 20
-442.0
 10
-124.0
 20
-442.0
 10
-124.0
 20
-434.0
  0
LWPOLYLINE
  5
335
330
2C7
100
AcDbEntity
  8
LN-ELEVATION-3
  6
ByBlock
100
AcDbPolyline
 90
4
 70
1
 10
-100.0
 20
-434.0
 10
-100.0
 20
-442.0
 10
-108.0
 20
-442.0
 10
-108.0
 20
-434.0
  0
LWPOLYLINE
  5
336
330
2C7
100
AcDbEntity
  8
LN-ELEVATION-3
  6
ByBlock
100
AcDbPolyline
 90
4
 70
1
 10
-84.0
 20
-434.0
 10
-84.0
 20
-442.0
 10
-92.0
 20
-442.0
 10
-92.0
 20
-434.0
  0
LWPOLYLINE
  5
337
330
2C7
100
AcDbEntity
  8
LN-ELEVATION-3
  6
ByBlock
100
AcDbPolyline
 90
4
 70
1
 10
-68.0
 20
-434.0
 10
-68.0
 20
-442.0
 10
-76.0
 20
-442.0
 10
-76.0
 20
-434.0
  0
LWPOLYLINE
  5
338
330
2C7
100
AcDbEntity
  8
LN-ELEVATION-3
  6
ByBlock
100
AcDbPolyline
 90
4
 70
1
 10
-52.0
 20
-434.0
 10
-52.0
 20
-442.0
 10
-60.0
 20
-442.0
 10
-60.0
 20
-434.0
  0
LWPOLYLINE
  5
339
330
2C7
100
AcDbEntity
  8
LN-ELEVATION-3
  6
ByBlock
100
AcDbPolyline
 90
4
 70
1
 10
-36.0
 20
-434.0
 10
-36.0
 20
-442.0
 10
-44.0
 20
-442.0
 10
-44.0
 20
-434.0
  0
LWPOLYLINE
  5
33A
330
2C7
100
AcDbEntity
  8
LN-ELEVATION-3
  6
ByBlock
100
AcDbPolyline
 90
4
 70
1
 10
-20.0
 20
-434.0
 10
-20.0
 20
-442.0
 10
-28.0
 20
-442.0
 10
-28.0
 20
-434.0
  0
LWPOLYLINE
  5
33B
330
2C7
100
AcDbEntity
  8
LN-ELEVATION-3
  6
ByBlock
100
AcDbPolyline
 90
4
 70
1
 10
-4.0
 20
-434.0
 10
-4.0
 20
-442.0
 10
-12.0
 20
-442.0
 10
-12.0
 20
-434.0
  0
LWPOLYLINE
  5
33C
330
2C7
100
AcDbEntity
  8
LN-ELEVATION-3
  6
ByBlock
100
AcDbPolyline
 90
4
 70
1
 10
12.0
 20
-434.0
 10
12.0
 20
-442.0
 10
4.0
 20
-442.0
 10
4.0
 20
-434.0
  0
LWPOLYLINE
  5
33D
330
2C7
100
AcDbEntity
  8
LN-ELEVATION-3
  6
ByBlock
100
AcDbPolyline
 90
4
 70
1
 10
28.0
 20
-434.0
 10
28.0
 20
-442.0
 10
20.0
 20
-442.0
 10
20.0
 20
-434.0
  0
LWPOLYLINE
  5
33E
330
2C7
100
AcDbEntity
  8
LN-ELEVATION-3
  6
ByBlock
100
AcDbPolyline
 90
4
 70
1
 10
44.0
 20
-434.0
 10
44.0
 20
-442.0
 10
36.0
 20
-442.0
 10
36.0
 20
-434.0
  0
LWPOLYLINE
  5
33F
330
2C7
100
AcDbEntity
  8
LN-ELEVATION-3
  6
ByBlock
100
AcDbPolyline
 90
4
 70
1
 10
60.0
 20
-434.0
 10
60.0
 20
-442.0
 10
52.0
 20
-442.0
 10
52.0
 20
-434.0
  0
LWPOLYLINE
  5
340
330
2C7
100
AcDbEntity
  8
LN-ELEVATION-3
  6
ByBlock
100
AcDbPolyline
 90
4
 70
1
 10
76.0
 20
-434.0
 10
76.0
 20
-442.0
 10
68.0
 20
-442.0
 10
68.0
 20
-434.0
  0
LWPOLYLINE
  5
341
330
2C7
100
AcDbEntity
  8
LN-ELEVATION-3
  6
ByBlock
100
AcDbPolyline
 90
4
 70
1
 10
92.0
 20
-434.0
 10
92.0
 20
-442.0
 10
84.0
 20
-442.0
 10
84.0
 20
-434.0
  0
LWPOLYLINE
  5
342
330
2C7
100
AcDbEntity
  8
LN-ELEVATION-3
  6
ByBlock
100
AcDbPolyline
 90
4
 70
1
 10
108.0
 20
-434.0
 10
108.0
 20
-442.0
 10
100.0
 20
-442.0
 10
100.0
 20
-434.0
  0
LWPOLYLINE
  5
343
330
2C7
100
AcDbEntity
  8
LN-ELEVATION-3
  6
ByBlock
100
AcDbPolyline
 90
4
 70
1
 10
124.0
 20
-434.0
 10
124.0
 20
-442.0
 10
116.0
 20
-442.0
 10
116.0
 20
-434.0
  0
LWPOLYLINE
  5
344
330
2C7
100
AcDbEntity
  8
LN-ELEVATION-3
  6
ByBlock
100
AcDbPolyline
 90
4
 70
1
 10
140.0
 20
-434.0
 10
140.0
 20
-442.0
 10
132.0
 20
-442.0
 10
132.0
 20
-434.0
  0
LWPOLYLINE
  5
345
330
2C7
100
AcDbEntity
  8
LN-ELEVATION-3
  6
ByBlock
100
AcDbPolyline
 90
4
 70
1
 10
156.0
 20
-434.0
 10
156.0
 20
-442.0
 10
148.0
 20
-442.0
 10
148.0
 20
-434.0
  0
LWPOLYLINE
  5
346
330
2C7
100
AcDbEntity
  8
LN-ELEVATION-3
  6
ByBlock
100
AcDbPolyline
 90
4
 70
1
 10
172.0
 20
-434.0
 10
172.0
 20
-442.0
 10
164.0
 20
-442.0
 10
164.0
 20
-434.0
  0
LWPOLYLINE
  5
347
330
2C7
100
AcDbEntity
  8
LN-ELEVATION-3
  6
ByBlock
100
AcDbPolyline
 90
4
 70
1
 10
188.0
 20
-434.0
 10
188.0
 20
-442.0
 10
180.0
 20
-442.0
 10
180.0
 20
-434.0
  0
LWPOLYLINE
  5
348
330
2C7
100
AcDbEntity
  8
LN-ELEVATION-3
  6
ByBlock
100
AcDbPolyline
 90
4
 70
1
 10
204.0
 20
-434.0
 10
204.0
 20
-442.0
 10
196.0
 20
-442.0
 10
196.0
 20
-434.0
  0
LWPOLYLINE
  5
349
330
2C7
100
AcDbEntity
  8
LN-ELEVATION-3
  6
ByBlock
100
AcDbPolyline
 90
4
 70
1
 10
220.0
 20
-434.0
 10
220.0
 20
-442.0
 10
212.0
 20
-442.0
 10
212.0
 20
-434.0
  0
LWPOLYLINE
  5
34A
330
2C7
100
AcDbEntity
  8
LN-ELEVATION-3
  6
ByBlock
100
AcDbPolyline
 90
4
 70
1
 10
236.0
 20
-434.0
 10
236.0
 20
-442.0
 10
228.0
 20
-442.0
 10
228.0
 20
-434.0
  0
LWPOLYLINE
  5
34B
330
2C7
100
AcDbEntity
  8
LN-ELEVATION-3
  6
ByBlock
100
AcDbPolyline
 90
4
 70
1
 10
252.0
 20
-434.0
 10
252.0
 20
-442.0
 10
244.0
 20
-442.0
 10
244.0
 20
-434.0
  0
LWPOLYLINE
  5
34C
330
2C7
100
AcDbEntity
  8
LN-ELEVATION-3
  6
ByBlock
100
AcDbPolyline
 90
4
 70
1
 10
268.0
 20
-434.0
 10
268.0
 20
-442.0
 10
260.0
 20
-442.0
 10
260.0
 20
-434.0
  0
LWPOLYLINE
  5
34D
330
2C7
100
AcDbEntity
  8
LN-ELEVATION-3
  6
ByBlock
100
AcDbPolyline
 90
4
 70
1
 10
284.0
 20
-434.0
 10
284.0
 20
-442.0
 10
276.0
 20
-442.0
 10
276.0
 20
-434.0
  0
LWPOLYLINE
  5
34E
330
2C7
100
AcDbEntity
  8
LN-ELEVATION-3
  6
ByBlock
100
AcDbPolyline
 90
4
 70
1
 10
300.0
 20
-434.0
 10
300.0
 20
-442.0
 10
292.0
 20
-442.0
 10
292.0
 20
-434.0
  0
LWPOLYLINE
  5
34F
330
2C7
100
AcDbEntity
  8
LN-ELEVATION-3
  6
ByBlock
100
AcDbPolyline
 90
4
 70
1
 10
316.0
 20
-434.0
 10
316.0
 20
-442.0
 10
308.0
 20
-442.0
 10
308.0
 20
-434.0
  0
LWPOLYLINE
  5
350
330
2C7
100
AcDbEntity
  8
LN-ELEVATION-3
  6
ByBlock
100
AcDbPolyline
 90
4
 70
1
 10
332.0
 20
-434.0
 10
332.0
 20
-442.0
 10
324.0
 20
-442.0
 10
324.0
 20
-434.0
  0
LWPOLYLINE
  5
351
330
2C7
100
AcDbEntity
  8
LN-ELEVATION-3
  6
ByBlock
100
AcDbPolyline
 90
4
 70
1
 10
348.0
 20
-434.0
 10
348.0
 20
-442.0
 10
340.0
 20
-442.0
 10
340.0
 20
-434.0
  0
LWPOLYLINE
  5
352
330
2C7
100
AcDbEntity
  8
LN-ELEVATION-3
  6
ByBlock
100
AcDbPolyline
 90
4
 70
1
 10
364.0
 20
-434.0
 10
364.0
 20
-442.0
 10
356.0
 20
-442.0
 10
356.0
 20
-434.0
  0
LWPOLYLINE
  5
353
330
2C7
100
AcDbEntity
  8
LN-ELEVATION-3
  6
ByBlock
100
AcDbPolyline
 90
4
 70
1
 10
380.0
 20
-434.0
 10
380.0
 20
-442.0
 10
372.0
 20
-442.0
 10
372.0
 20
-434.0
  0
LWPOLYLINE
  5
354
330
2C7
100
AcDbEntity
  8
LN-ELEVATION-3
  6
ByBlock
100
AcDbPolyline
 90
4
 70
1
 10
396.0
 20
-434.0
 10
396.0
 20
-442.0
 10
388.0
 20
-442.0
 10
388.0
 20
-434.0
  0
LWPOLYLINE
  5
355
330
2C7
100
AcDbEntity
  8
LN-ELEVATION-3
  6
ByBlock
100
AcDbPolyline
 90
4
 70
1
 10
412.0
 20
-434.0
 10
412.0
 20
-442.0
 10
404.0
 20
-442.0
 10
404.0
 20
-434.0
  0
LWPOLYLINE
  5
356
330
2C7
100
AcDbEntity
  8
LN-ELEVATION-3
  6
ByBlock
100
AcDbPolyline
 90
4
 70
1
 10
428.0
 20
-434.0
 10
428.0
 20
-442.0
 10
420.0
 20
-442.0
 10
420.0
 20
-434.0
  0
LWPOLYLINE
  5
357
330
2C7
100
AcDbEntity
  8
LN-ELEVATION-3
  6
ByBlock
100
AcDbPolyline
 90
4
 70
1
 10
444.0
 20
-434.0
 10
444.0
 20
-442.0
 10
436.0
 20
-442.0
 10
436.0
 20
-434.0
  0
LWPOLYLINE
  5
358
330
2C7
100
AcDbEntity
  8
LN-ELEVATION-3
  6
ByBlock
100
AcDbPolyline
 90
4
 70
1
 10
460.0
 20
-434.0
 10
460.0
 20
-442.0
 10
452.0
 20
-442.0
 10
452.0
 20
-434.0
  0
LWPOLYLINE
  5
359
330
2C7
100
AcDbEntity
  8
LN-ELEVATION-3
  6
ByBlock
100
AcDbPolyline
 90
4
 70
1
 10
476.0
 20
-434.0
 10
476.0
 20
-442.0
 10
468.0
 20
-442.0
 10
468.0
 20
-434.0
  0
LWPOLYLINE
  5
35A
330
2C7
100
AcDbEntity
  8
LN-ELEVATION-3
  6
ByBlock
100
AcDbPolyline
 90
4
 70
1
 10
492.0
 20
-434.0
 10
492.0
 20
-442.0
 10
484.0
 20
-442.0
 10
484.0
 20
-434.0
  0
LWPOLYLINE
  5
35B
330
2C7
100
AcDbEntity
  8
LN-ELEVATION-3
  6
ByBlock
100
AcDbPolyline
 90
4
 70
1
 10
508.0
 20
-434.0
 10
508.0
 20
-442.0
 10
500.0
 20
-442.0
 10
500.0
 20
-434.0
  0
LWPOLYLINE
  5
35C
330
2C7
100
AcDbEntity
  8
LN-ELEVATION-3
  6
ByBlock
100
AcDbPolyline
 90
4
 70
1
 10
524.0
 20
-434.0
 10
524.0
 20
-442.0
 10
516.0
 20
-442.0
 10
516.0
 20
-434.0
  0
LWPOLYLINE
  5
35D
330
2C7
100
AcDbEntity
  8
LN-ELEVATION-3
  6
ByBlock
100
AcDbPolyline
 90
4
 70
1
 10
540.0
 20
-434.0
 10
540.0
 20
-442.0
 10
532.0
 20
-442.0
 10
532.0
 20
-434.0
  0
LWPOLYLINE
  5
35E
330
2C7
100
AcDbEntity
  8
LN-ELEVATION-3
  6
ByBlock
100
AcDbPolyline
 90
4
 70
1
 10
556.0
 20
-434.0
 10
556.0
 20
-442.0
 10
548.0
 20
-442.0
 10
548.0
 20
-434.0
  0
LWPOLYLINE
  5
35F
330
2C7
100
AcDbEntity
  8
LN-ELEVATION-3
  6
ByBlock
100
AcDbPolyline
 90
4
 70
1
 10
572.0
 20
-434.0
 10
572.0
 20
-442.0
 10
564.0
 20
-442.0
 10
564.0
 20
-434.0
  0
LWPOLYLINE
  5
360
330
2C7
100
AcDbEntity
  8
LN-ELEVATION-3
  6
ByBlock
100
AcDbPolyline
 90
4
 70
1
 10
588.0
 20
-434.0
 10
588.0
 20
-442.0
 10
580.0
 20
-442.0
 10
580.0
 20
-434.0
  0
LWPOLYLINE
  5
361
330
2C7
100
AcDbEntity
  8
LN-ELEVATION-3
  6
ByBlock
100
AcDbPolyline
 90
4
 70
1
 10
604.0
 20
-434.0
 10
604.0
 20
-442.0
 10
596.0
 20
-442.0
 10
596.0
 20
-434.0
  0
LWPOLYLINE
  5
362
330
2C7
100
AcDbEntity
  8
LN-ELEVATION-3
  6
ByBlock
100
AcDbPolyline
 90
4
 70
1
 10
620.0
 20
-434.0
 10
620.0
 20
-442.0
 10
612.0
 20
-442.0
 10
612.0
 20
-434.0
  0
LWPOLYLINE
  5
363
330
2C7
100
AcDbEntity
  8
LN-ELEVATION-3
  6
ByBlock
100
AcDbPolyline
 90
4
 70
1
 10
636.0
 20
-434.0
 10
636.0
 20
-442.0
 10
628.0
 20
-442.0
 10
628.0
 20
-434.0
  0
LWPOLYLINE
  5
364
330
2C7
100
AcDbEntity
  8
LN-ELEVATION-3
  6
ByBlock
100
AcDbPolyline
 90
4
 70
1
 10
652.0
 20
-434.0
 10
652.0
 20
-442.0
 10
644.0
 20
-442.0
 10
644.0
 20
-434.0
  0
LWPOLYLINE
  5
365
330
2C7
100
AcDbEntity
  8
LN-ELEVATION-3
  6
ByBlock
100
AcDbPolyline
 90
4
 70
1
 10
668.0
 20
-434.0
 10
668.0
 20
-442.0
 10
660.0
 20
-442.0
 10
660.0
 20
-434.0
  0
LWPOLYLINE
  5
366
330
2C7
100
AcDbEntity
  8
LN-ELEVATION-3
  6
ByBlock
100
AcDbPolyline
 90
4
 70
1
 10
684.0
 20
-434.0
 10
684.0
 20
-442.0
 10
676.0
 20
-442.0
 10
676.0
 20
-434.0
  0
LWPOLYLINE
  5
367
330
2C7
100
AcDbEntity
  8
LN-ELEVATION-3
  6
ByBlock
100
AcDbPolyline
 90
4
 70
1
 10
700.0
 20
-434.0
 10
700.0
 20
-442.0
 10
692.0
 20
-442.0
 10
692.0
 20
-434.0
  0
LWPOLYLINE
  5
368
330
2C7
100
AcDbEntity
  8
LN-ELEVATION-3
  6
ByBlock
100
AcDbPolyline
 90
4
 70
1
 10
716.0
 20
-434.0
 10
716.0
 20
-442.0
 10
708.0
 20
-442.0
 10
708.0
 20
-434.0
  0
LWPOLYLINE
  5
369
330
2C7
100
AcDbEntity
  8
LN-ELEVATION-3
  6
ByBlock
100
AcDbPolyline
 90
4
 70
1
 10
732.0
 20
-434.0
 10
732.0
 20
-442.0
 10
724.0
 20
-442.0
 10
724.0
 20
-434.0
  0
LWPOLYLINE
  5
36A
330
2C7
100
AcDbEntity
  8
LN-ELEVATION-3
  6
ByBlock
100
AcDbPolyline
 90
4
 70
1
 10
748.0
 20
-434.0
 10
748.0
 20
-442.0
 10
740.0
 20
-442.0
 10
740.0
 20
-434.0
  0
LWPOLYLINE
  5
36B
330
2C7
100
AcDbEntity
  8
LN-ELEVATION-3
  6
ByBlock
100
AcDbPolyline
 90
4
 70
1
 10
764.0
 20
-434.0
 10
764.0
 20
-442.0
 10
756.0
 20
-442.0
 10
756.0
 20
-434.0
  0
LWPOLYLINE
  5
36C
330
2C7
100
AcDbEntity
  8
LN-ELEVATION-3
  6
ByBlock
100
AcDbPolyline
 90
4
 70
1
 10
780.0
 20
-434.0
 10
780.0
 20
-442.0
 10
772.0
 20
-442.0
 10
772.0
 20
-434.0
  0
LWPOLYLINE
  5
36D
330
2C7
100
AcDbEntity
  8
LN-ELEVATION-3
  6
ByBlock
100
AcDbPolyline
 90
4
 70
1
 10
796.0
 20
-434.0
 10
796.0
 20
-442.0
 10
788.0
 20
-442.0
 10
788.0
 20
-434.0
  0
LWPOLYLINE
  5
36E
330
2C7
100
AcDbEntity
  8
LN-ELEVATION-3
  6
ByBlock
100
AcDbPolyline
 90
4
 70
1
 10
812.0
 20
-434.0
 10
812.0
 20
-442.0
 10
804.0
 20
-442.0
 10
804.0
 20
-434.0
  0
LWPOLYLINE
  5
36F
330
2C7
100
AcDbEntity
  8
LN-ELEVATION-3
  6
ByBlock
100
AcDbPolyline
 90
4
 70
1
 10
828.0
 20
-434.0
 10
828.0
 20
-442.0
 10
820.0
 20
-442.0
 10
820.0
 20
-434.0
  0
LWPOLYLINE
  5
370
330
2C7
100
AcDbEntity
  8
LN-ELEVATION-3
  6
ByBlock
100
AcDbPolyline
 90
4
 70
1
 10
844.0
 20
-434.0
 10
844.0
 20
-442.0
 10
836.0
 20
-442.0
 10
836.0
 20
-434.0
  0
LWPOLYLINE
  5
371
330
2C7
100
AcDbEntity
  8
LN-ELEVATION-3
  6
ByBlock
100
AcDbPolyline
 90
4
 70
1
 10
860.0
 20
-434.0
 10
860.0
 20
-442.0
 10
852.0
 20
-442.0
 10
852.0
 20
-434.0
  0
LWPOLYLINE
  5
372
330
2C7
100
AcDbEntity
  8
LN-ELEVATION-3
  6
ByBlock
100
AcDbPolyline
 90
4
 70
1
 10
876.0
 20
-434.0
 10
876.0
 20
-442.0
 10
868.0
 20
-442.0
 10
868.0
 20
-434.0
  0
LWPOLYLINE
  5
373
330
2C7
100
AcDbEntity
  8
LN-ELEVATION-3
  6
ByBlock
100
AcDbPolyline
 90
4
 70
1
 10
892.0
 20
-434.0
 10
892.0
 20
-442.0
 10
884.0
 20
-442.0
 10
884.0
 20
-434.0
  0
LWPOLYLINE
  5
374
330
2C7
100
AcDbEntity
  8
LN-ELEVATION-3
  6
ByBlock
100
AcDbPolyline
 90
4
 70
1
 10
892.0
 20
-426.0
 10
892.0
 20
-434.0
 10
900.0
 20
-434.0
 10
900.0
 20
-426.0
  0
LWPOLYLINE
  5
375
330
2C7
100
AcDbEntity
  8
LN-ELEVATION-3
  6
ByBlock
100
AcDbPolyline
 90
4
 70
1
 10
892.0
 20
-410.0
 10
892.0
 20
-418.0
 10
900.0
 20
-418.0
 10
900.0
 20
-410.0
  0
LWPOLYLINE
  5
376
330
2C7
100
AcDbEntity
  8
LN-ELEVATION-3
  6
ByBlock
100
AcDbPolyline
 90
4
 70
1
 10
892.0
 20
-394.0
 10
892.0
 20
-402.0
 10
900.0
 20
-402.0
 10
900.0
 20
-394.0
  0
LWPOLYLINE
  5
377
330
2C7
100
AcDbEntity
  8
LN-ELEVATION-3
  6
ByBlock
100
AcDbPolyline
 90
4
 70
1
 10
892.0
 20
-378.0
 10
892.0
 20
-386.0
 10
900.0
 20
-386.0
 10
900.0
 20
-378.0
  0
LWPOLYLINE
  5
378
330
2C7
100
AcDbEntity
  8
LN-ELEVATION-3
  6
ByBlock
100
AcDbPolyline
 90
4
 70
1
 10
892.0
 20
-362.0
 10
892.0
 20
-370.0
 10
900.0
 20
-370.0
 10
900.0
 20
-362.0
  0
LWPOLYLINE
  5
379
330
2C7
100
AcDbEntity
  8
LN-ELEVATION-3
  6
ByBlock
100
AcDbPolyline
 90
4
 70
1
 10
892.0
 20
-346.0
 10
892.0
 20
-354.0
 10
900.0
 20
-354.0
 10
900.0
 20
-346.0
  0
LWPOLYLINE
  5
37A
330
2C7
100
AcDbEntity
  8
LN-ELEVATION-3
  6
ByBlock
100
AcDbPolyline
 90
4
 70
1
 10
892.0
 20
-330.0
 10
892.0
 20
-338.0
 10
900.0
 20
-338.0
 10
900.0
 20
-330.0
  0
LWPOLYLINE
  5
37B
330
2C7
100
AcDbEntity
  8
LN-ELEVATION-3
  6
ByBlock
100
AcDbPolyline
 90
4
 70
1
 10
892.0
 20
-314.0
 10
892.0
 20
-322.0
 10
900.0
 20
-322.0
 10
900.0
 20
-314.0
  0
LWPOLYLINE
  5
37C
330
2C7
100
AcDbEntity
  8
LN-ELEVATION-3
  6
ByBlock
100
AcDbPolyline
 90
4
 70
1
 10
892.0
 20
-298.0
 10
892.0
 20
-306.0
 10
900.0
 20
-306.0
 10
900.0
 20
-298.0
  0
LWPOLYLINE
  5
37D
330
2C7
100
AcDbEntity
  8
LN-ELEVATION-3
  6
ByBlock
100
AcDbPolyline
 90
4
 70
1
 10
892.0
 20
-282.0
 10
892.0
 20
-290.0
 10
900.0
 20
-290.0
 10
900.0
 20
-282.0
  0
LWPOLYLINE
  5
37E
330
2C7
100
AcDbEntity
  8
LN-ELEVATION-3
  6
ByBlock
100
AcDbPolyline
 90
4
 70
1
 10
892.0
 20
-266.0
 10
892.0
 20
-274.0
 10
900.0
 20
-274.0
 10
900.0
 20
-266.0
  0
LWPOLYLINE
  5
37F
330
2C7
100
AcDbEntity
  8
LN-ELEVATION-3
  6
ByBlock
100
AcDbPolyline
 90
4
 70
1
 10
892.0
 20
-250.0
 10
892.0
 20
-258.0
 10
900.0
 20
-258.0
 10
900.0
 20
-250.0
  0
LWPOLYLINE
  5
380
330
2C7
100
AcDbEntity
  8
LN-ELEVATION-3
  6
ByBlock
100
AcDbPolyline
 90
4
 70
1
 10
892.0
 20
-234.0
 10
892.0
 20
-242.0
 10
900.0
 20
-242.0
 10
900.0
 20
-234.0
  0
LWPOLYLINE
  5
381
330
2C7
100
AcDbEntity
  8
LN-ELEVATION-3
  6
ByBlock
100
AcDbPolyline
 90
4
 70
1
 10
892.0
 20
-218.0
 10
892.0
 20
-226.0
 10
900.0
 20
-226.0
 10
900.0
 20
-218.0
  0
LWPOLYLINE
  5
382
330
2C7
100
AcDbEntity
  8
LN-ELEVATION-3
  6
ByBlock
100
AcDbPolyline
 90
4
 70
1
 10
892.0
 20
-202.0
 10
892.0
 20
-210.0
 10
900.0
 20
-210.0
 10
900.0
 20
-202.0
  0
LWPOLYLINE
  5
383
330
2C7
100
AcDbEntity
  8
LN-ELEVATION-3
  6
ByBlock
100
AcDbPolyline
 90
4
 70
1
 10
892.0
 20
-186.0
 10
892.0
 20
-194.0
 10
900.0
 20
-194.0
 10
900.0
 20
-186.0
  0
LWPOLYLINE
  5
384
330
2C7
100
AcDbEntity
  8
LN-ELEVATION-3
  6
ByBlock
100
AcDbPolyline
 90
4
 70
1
 10
892.0
 20
-170.0
 10
892.0
 20
-178.0
 10
900.0
 20
-178.0
 10
900.0
 20
-170.0
  0
LWPOLYLINE
  5
385
330
2C7
100
AcDbEntity
  8
LN-ELEVATION-3
  6
ByBlock
100
AcDbPolyline
 90
4
 70
1
 10
892.0
 20
-154.0
 10
892.0
 20
-162.0
 10
900.0
 20
-162.0
 10
900.0
 20
-154.0
  0
LWPOLYLINE
  5
386
330
2C7
100
AcDbEntity
  8
LN-ELEVATION-3
  6
ByBlock
100
AcDbPolyline
 90
4
 70
1
 10
892.0
 20
-138.0
 10
892.0
 20
-146.0
 10
900.0
 20
-146.0
 10
900.0
 20
-138.0
  0
LWPOLYLINE
  5
387
330
2C7
100
AcDbEntity
  8
LN-ELEVATION-3
  6
ByBlock
100
AcDbPolyline
 90
4
 70
1
 10
892.0
 20
-122.0
 10
892.0
 20
-130.0
 10
900.0
 20
-130.0
 10
900.0
 20
-122.0
  0
LWPOLYLINE
  5
388
330
2C7
100
AcDbEntity
  8
LN-ELEVATION-3
  6
ByBlock
100
AcDbPolyline
 90
4
 70
1
 10
892.0
 20
-106.0
 10
892.0
 20
-114.0
 10
900.0
 20
-114.0
 10
900.0
 20
-106.0
  0
LWPOLYLINE
  5
389
330
2C7
100
AcDbEntity
  8
LN-ELEVATION-3
  6
ByBlock
100
AcDbPolyline
 90
4
 70
1
 10
892.0
 20
-90.0
 10
892.0
 20
-98.0
 10
900.0
 20
-98.0
 10
900.0
 20
-90.0
  0
LWPOLYLINE
  5
38A
330
2C7
100
AcDbEntity
  8
LN-ELEVATION-3
  6
ByBlock
100
AcDbPolyline
 90
4
 70
1
 10
892.0
 20
-74.0
 10
892.0
 20
-82.0
 10
900.0
 20
-82.0
 10
900.0
 20
-74.0
  0
LWPOLYLINE
  5
38B
330
2C7
100
AcDbEntity
  8
LN-ELEVATION-3
  6
ByBlock
100
AcDbPolyline
 90
4
 70
1
 10
892.0
 20
-58.0
 10
892.0
 20
-66.0
 10
900.0
 20
-66.0
 10
900.0
 20
-58.0
  0
LWPOLYLINE
  5
38C
330
2C7
100
AcDbEntity
  8
LN-ELEVATION-3
  6
ByBlock
100
AcDbPolyline
 90
4
 70
1
 10
892.0
 20
-42.0
 10
892.0
 20
-50.0
 10
900.0
 20
-50.0
 10
900.0
 20
-42.0
  0
LWPOLYLINE
  5
38D
330
2C7
100
AcDbEntity
  8
LN-ELEVATION-3
  6
ByBlock
100
AcDbPolyline
 90
4
 70
1
 10
892.0
 20
-26.0
 10
892.0
 20
-34.0
 10
900.0
 20
-34.0
 10
900.0
 20
-26.0
  0
LWPOLYLINE
  5
38E
330
2C7
100
AcDbEntity
  8
LN-ELEVATION-3
  6
ByBlock
100
AcDbPolyline
 90
4
 70
1
 10
892.0
 20
-10.0
 10
892.0
 20
-18.0
 10
900.0
 20
-18.0
 10
900.0
 20
-10.0
  0
LWPOLYLINE
  5
38F
330
2C7
100
AcDbEntity
  8
LN-ELEVATION-3
  6
ByBlock
100
AcDbPolyline
 90
4
 70
1
 10
892.0
 20
6.0
 10
892.0
 20
-2.0
 10
900.0
 20
-2.0
 10
900.0
 20
6.0
  0
LWPOLYLINE
  5
390
330
2C7
100
AcDbEntity
  8
LN-ELEVATION-3
  6
ByBlock
100
AcDbPolyline
 90
4
 70
1
 10
892.0
 20
22.0
 10
892.0
 20
14.0
 10
900.0
 20
14.0
 10
900.0
 20
22.0
  0
LWPOLYLINE
  5
391
330
2C7
100
AcDbEntity
  8
LN-ELEVATION-3
  6
ByBlock
100
AcDbPolyline
 90
4
 70
1
 10
892.0
 20
38.0
 10
892.0
 20
30.0
 10
900.0
 20
30.0
 10
900.0
 20
38.0
  0
LWPOLYLINE
  5
392
330
2C7
100
AcDbEntity
  8
LN-ELEVATION-3
  6
ByBlock
100
AcDbPolyline
 90
4
 70
1
 10
892.0
 20
54.0
 10
892.0
 20
46.0
 10
900.0
 20
46.0
 10
900.0
 20
54.0
  0
LWPOLYLINE
  5
393
330
2C7
100
AcDbEntity
  8
LN-ELEVATION-3
  6
ByBlock
100
AcDbPolyline
 90
4
 70
1
 10
892.0
 20
70.0
 10
892.0
 20
62.0
 10
900.0
 20
62.0
 10
900.0
 20
70.0
  0
LWPOLYLINE
  5
394
330
2C7
100
AcDbEntity
  8
LN-ELEVATION-3
  6
ByBlock
100
AcDbPolyline
 90
4
 70
1
 10
892.0
 20
86.0
 10
892.0
 20
78.0
 10
900.0
 20
78.0
 10
900.0
 20
86.0
  0
LWPOLYLINE
  5
395
330
2C7
100
AcDbEntity
  8
LN-ELEVATION-3
  6
ByBlock
100
AcDbPolyline
 90
4
 70
1
 10
892.0
 20
102.0
 10
892.0
 20
94.0
 10
900.0
 20
94.0
 10
900.0
 20
102.0
  0
LWPOLYLINE
  5
396
330
2C7
100
AcDbEntity
  8
LN-ELEVATION-3
  6
ByBlock
100
AcDbPolyline
 90
4
 70
1
 10
892.0
 20
118.0
 10
892.0
 20
110.0
 10
900.0
 20
110.0
 10
900.0
 20
118.0
  0
LWPOLYLINE
  5
397
330
2C7
100
AcDbEntity
  8
LN-ELEVATION-3
  6
ByBlock
100
AcDbPolyline
 90
4
 70
1
 10
892.0
 20
134.0
 10
892.0
 20
126.0
 10
900.0
 20
126.0
 10
900.0
 20
134.0
  0
LWPOLYLINE
  5
398
330
2C7
100
AcDbEntity
  8
LN-ELEVATION-3
  6
ByBlock
100
AcDbPolyline
 90
4
 70
1
 10
892.0
 20
150.0
 10
892.0
 20
142.0
 10
900.0
 20
142.0
 10
900.0
 20
150.0
  0
LWPOLYLINE
  5
399
330
2C7
100
AcDbEntity
  8
LN-ELEVATION-3
  6
ByBlock
100
AcDbPolyline
 90
4
 70
1
 10
892.0
 20
166.0
 10
892.0
 20
158.0
 10
900.0
 20
158.0
 10
900.0
 20
166.0
  0
LWPOLYLINE
  5
39A
330
2C7
100
AcDbEntity
  8
LN-ELEVATION-3
  6
ByBlock
100
AcDbPolyline
 90
4
 70
1
 10
892.0
 20
182.0
 10
892.0
 20
174.0
 10
900.0
 20
174.0
 10
900.0
 20
182.0
  0
LWPOLYLINE
  5
39B
330
2C7
100
AcDbEntity
  8
LN-ELEVATION-3
  6
ByBlock
100
AcDbPolyline
 90
4
 70
1
 10
892.0
 20
198.0
 10
892.0
 20
190.0
 10
900.0
 20
190.0
 10
900.0
 20
198.0
  0
LWPOLYLINE
  5
39C
330
2C7
100
AcDbEntity
  8
LN-ELEVATION-3
  6
ByBlock
100
AcDbPolyline
 90
4
 70
1
 10
892.0
 20
214.0
 10
892.0
 20
206.0
 10
900.0
 20
206.0
 10
900.0
 20
214.0
  0
LWPOLYLINE
  5
39D
330
2C7
100
AcDbEntity
  8
LN-ELEVATION-3
  6
ByBlock
100
AcDbPolyline
 90
4
 70
1
 10
892.0
 20
230.0
 10
892.0
 20
222.0
 10
900.0
 20
222.0
 10
900.0
 20
230.0
  0
LWPOLYLINE
  5
39E
330
2C7
100
AcDbEntity
  8
LN-ELEVATION-3
  6
ByBlock
100
AcDbPolyline
 90
4
 70
1
 10
892.0
 20
246.0
 10
892.0
 20
238.0
 10
900.0
 20
238.0
 10
900.0
 20
246.0
  0
LWPOLYLINE
  5
39F
330
2C7
100
AcDbEntity
  8
LN-ELEVATION-3
  6
ByBlock
100
AcDbPolyline
 90
4
 70
1
 10
892.0
 20
262.0
 10
892.0
 20
254.0
 10
900.0
 20
254.0
 10
900.0
 20
262.0
  0
LWPOLYLINE
  5
3A0
330
2C7
100
AcDbEntity
  8
LN-ELEVATION-3
  6
ByBlock
100
AcDbPolyline
 90
4
 70
1
 10
892.0
 20
278.0
 10
892.0
 20
270.0
 10
900.0
 20
270.0
 10
900.0
 20
278.0
  0
LWPOLYLINE
  5
3A1
330
2C7
100
AcDbEntity
  8
LN-ELEVATION-3
  6
ByBlock
100
AcDbPolyline
 90
4
 70
1
 10
892.0
 20
294.0
 10
892.0
 20
286.0
 10
900.0
 20
286.0
 10
900.0
 20
294.0
  0
LWPOLYLINE
  5
3A2
330
2C7
100
AcDbEntity
  8
LN-ELEVATION-1
100
AcDbPolyline
 90
4
 70
1
 10
-856.0
 20
-260.0
 10
-856.0
 20
-268.0
 10
-864.0
 20
-268.0
 10
-864.0
 20
-260.0
  0
LWPOLYLINE
  5
3A3
330
2C7
100
AcDbEntity
  8
LN-ELEVATION-1
100
AcDbPolyline
 90
4
 70
1
 10
-856.0
 20
-244.0
 10
-856.0
 20
-252.0
 10
-864.0
 20
-252.0
 10
-864.0
 20
-244.0
  0
LWPOLYLINE
  5
3A4
330
2C7
100
AcDbEntity
  8
LN-ELEVATION-1
100
AcDbPolyline
 90
4
 70
1
 10
-856.0
 20
-228.0
 10
-856.0
 20
-236.0
 10
-864.0
 20
-236.0
 10
-864.0
 20
-228.0
  0
LWPOLYLINE
  5
3A5
330
2C7
100
AcDbEntity
  8
LN-ELEVATION-1
100
AcDbPolyline
 90
4
 70
1
 10
-856.0
 20
-212.0
 10
-856.0
 20
-220.0
 10
-864.0
 20
-220.0
 10
-864.0
 20
-212.0
  0
LWPOLYLINE
  5
3A6
330
2C7
100
AcDbEntity
  8
LN-ELEVATION-1
100
AcDbPolyline
 90
4
 70
1
 10
-856.0
 20
-196.0
 10
-856.0
 20
-204.0
 10
-864.0
 20
-204.0
 10
-864.0
 20
-196.0
  0
LWPOLYLINE
  5
3A7
330
2C7
100
AcDbEntity
  8
LN-ELEVATION-1
100
AcDbPolyline
 90
4
 70
1
 10
-856.0
 20
-180.0
 10
-856.0
 20
-188.0
 10
-864.0
 20
-188.0
 10
-864.0
 20
-180.0
  0
LWPOLYLINE
  5
3A8
330
2C7
100
AcDbEntity
  8
LN-ELEVATION-1
100
AcDbPolyline
 90
4
 70
1
 10
-856.0
 20
-164.0
 10
-856.0
 20
-172.0
 10
-864.0
 20
-172.0
 10
-864.0
 20
-164.0
  0
LWPOLYLINE
  5
3A9
330
2C7
100
AcDbEntity
  8
LN-ELEVATION-1
100
AcDbPolyline
 90
4
 70
1
 10
-856.0
 20
-148.0
 10
-856.0
 20
-156.0
 10
-864.0
 20
-156.0
 10
-864.0
 20
-148.0
  0
LWPOLYLINE
  5
3AA
330
2C7
100
AcDbEntity
  8
LN-ELEVATION-1
100
AcDbPolyline
 90
4
 70
1
 10
-856.0
 20
-132.0
 10
-856.0
 20
-140.0
 10
-864.0
 20
-140.0
 10
-864.0
 20
-132.0
  0
LWPOLYLINE
  5
3AB
330
2C7
100
AcDbEntity
  8
LN-ELEVATION-1
100
AcDbPolyline
 90
4
 70
1
 10
-856.0
 20
-116.0
 10
-856.0
 20
-124.0
 10
-864.0
 20
-124.0
 10
-864.0
 20
-116.0
  0
LWPOLYLINE
  5
3AC
330
2C7
100
AcDbEntity
  8
LN-ELEVATION-1
100
AcDbPolyline
 90
4
 70
1
 10
-856.0
 20
-100.0
 10
-856.0
 20
-108.0
 10
-864.0
 20
-108.0
 10
-864.0
 20
-100.0
  0
LWPOLYLINE
  5
3AD
330
2C7
100
AcDbEntity
  8
LN-ELEVATION-1
100
AcDbPolyline
 90
4
 70
1
 10
-856.0
 20
-84.0
 10
-856.0
 20
-92.0
 10
-864.0
 20
-92.0
 10
-864.0
 20
-84.0
  0
LWPOLYLINE
  5
3AE
330
2C7
100
AcDbEntity
  8
LN-ELEVATION-1
100
AcDbPolyline
 90
4
 70
1
 10
-856.0
 20
-68.0
 10
-856.0
 20
-76.0
 10
-864.0
 20
-76.0
 10
-864.0
 20
-68.0
  0
LWPOLYLINE
  5
3AF
330
2C7
100
AcDbEntity
  8
LN-ELEVATION-1
100
AcDbPolyline
 90
4
 70
1
 10
-856.0
 20
-52.0
 10
-856.0
 20
-60.0
 10
-864.0
 20
-60.0
 10
-864.0
 20
-52.0
  0
LWPOLYLINE
  5
3B0
330
2C7
100
AcDbEntity
  8
LN-ELEVATION-1
100
AcDbPolyline
 90
4
 70
1
 10
-856.0
 20
-36.0
 10
-856.0
 20
-44.0
 10
-864.0
 20
-44.0
 10
-864.0
 20
-36.0
  0
LWPOLYLINE
  5
3B1
330
2C7
100
AcDbEntity
  8
LN-ELEVATION-3
  6
ByBlock
100
AcDbPolyline
 90
4
 70
0
 10
892.0
 20
298.0
 10
892.0
 20
-434.0
 10
-892.0
 20
-434.0
 10
-891.9999999981374
 20
298.0
  0
LWPOLYLINE
  5
3B2
330
2C7
100
AcDbEntity
  8
LN-ELEVATION-3
  6
ByBlock
100
AcDbPolyline
 90
4
 70
0
 10
884.0
 20
298.0
 10
884.0
 20
-426.0
 10
-884.0
 20
-426.0
 10
-883.9999999981372
 20
298.0
  0
LWPOLYLINE
  5
3B3
330
2C7
100
AcDbEntity
  8
LN-ELEVATION-3
  6
ByBlock
100
AcDbPolyline
 90
4
 70
0
 10
882.0
 20
298.0
 10
882.0
 20
-424.0
 10
-882.0
 20
-424.0
 10
-881.9999999981374
 20
298.0
  0
LWPOLYLINE
  5
3B4
330
2C7
100
AcDbEntity
  8
LN-ELEVATION-3
  6
ByBlock
100
AcDbPolyline
 90
4
 70
0
 10
864.0
 20
298.0
 10
864.0
 20
-406.0
 10
-864.0
 20
-406.0
 10
-863.9999999981371
 20
298.0
  0
LWPOLYLINE
  5
3B5
330
2C7
100
AcDbEntity
  8
LN-ELEVATION-3
  6
ByBlock
100
AcDbPolyline
 90
4
 70
1
 10
864.0
 20
-268.0
 10
-864.0
 20
-268.0
 10
-864.0
 20
-286.0
 10
864.0
 20
-286.0
  0
LWPOLYLINE
  5
3B6
330
2C7
100
AcDbEntity
  8
LN-ELEVATION-3
  6
ByBlock
100
AcDbPolyline
 90
2
 70
0
 10
-891.9999999981374
 20
298.0
 10
-863.9999999981371
 20
298.0
  0
LWPOLYLINE
  5
3B7
330
2C7
100
AcDbEntity
  8
LN-ELEVATION-1
100
AcDbPolyline
 90
4
 70
0
 10
-848.0
 20
0.0
 10
-848.0
 20
-252.0
 10
848.0
 20
-252.0
 10
848.0
 20
0.0
  0
LWPOLYLINE
  5
3B8
330
2C7
100
AcDbEntity
  8
LN-ELEVATION-1
100
AcDbPolyline
 90
4
 70
0
 10
-856.0
 20
0.0
 10
-856.0
 20
-260.0
 10
856.0
 20
-260.0
 10
856.0
 20
0.0
  0
LWPOLYLINE
  5
3B9
330
2C7
100
AcDbEntity
  8
LN-ELEVATION-1
100
AcDbPolyline
 90
4
 70
0
 10
-846.0
 20
0.0
 10
-846.0
 20
-250.0
 10
846.0
 20
-250.0
 10
846.0
 20
0.0
  0
LWPOLYLINE
  5
3BA
330
2C7
100
AcDbEntity
  8
LN-ELEVATION-3
  6
ByBlock
100
AcDbPolyline
 90
2
 70
0
 10
892.0
 20
298.0
 10
864.0
 20
298.0
  0
LWPOLYLINE
  5
3BB
330
2C7
100
AcDbEntity
  8
LN-ELEVATION-1
100
AcDbPolyline
 90
2
 70
0
 10
-846.0
 20
0.0
 10
-864.0
 20
0.0
  0
LWPOLYLINE
  5
3BC
330
2C7
100
AcDbEntity
  8
LN-ELEVATION-1
100
AcDbPolyline
 90
2
 70
0
 10
846.0
 20
0.0
 10
864.0
 20
0.0
  0
LWPOLYLINE
  5
3BD
330
2C7
100
AcDbEntity
  8
LN-ELEVATION-1
100
AcDbPolyline
 90
2
 70
0
 10
-846.0
 20
0.0
 10
846.0
 20
0.0
  0
LWPOLYLINE
  5
3BE
330
2C7
100
AcDbEntity
  8
LN-ELEVATION-1
100
AcDbPolyline
 90
4
 70
1
 10
-856.0
 20
-20.0
 10
-856.0
 20
-28.0
 10
-864.0
 20
-28.0
 10
-864.0
 20
-20.0
  0
LWPOLYLINE
  5
3BF
330
2C7
100
AcDbEntity
  8
LN-ELEVATION-1
100
AcDbPolyline
 90
4
 70
1
 10
-856.0
 20
-4.0
 10
-856.0
 20
-12.0
 10
-864.0
 20
-12.0
 10
-864.0
 20
-4.0
  0
LWPOLYLINE
  5
3C0
330
2C7
100
AcDbEntity
  8
LN-ELEVATION-1
100
AcDbPolyline
 90
4
 70
1
 10
-840.0000000037252
 20
-260.0
 10
-840.0000000037252
 20
-268.0
 10
-848.0000000037252
 20
-268.0
 10
-848.0000000037252
 20
-260.0
  0
LWPOLYLINE
  5
3C1
330
2C7
100
AcDbEntity
  8
LN-ELEVATION-1
100
AcDbPolyline
 90
4
 70
1
 10
-824.0000000074505
 20
-260.0
 10
-824.0000000074505
 20
-268.0
 10
-832.0000000074506
 20
-268.0
 10
-832.0000000074506
 20
-260.0
  0
LWPOLYLINE
  5
3C2
330
2C7
100
AcDbEntity
  8
LN-ELEVATION-1
100
AcDbPolyline
 90
4
 70
1
 10
-808.0000000111759
 20
-260.0
 10
-808.0000000111759
 20
-268.0
 10
-816.0000000111759
 20
-268.0
 10
-816.0000000111759
 20
-260.0
  0
LWPOLYLINE
  5
3C3
330
2C7
100
AcDbEntity
  8
LN-ELEVATION-1
100
AcDbPolyline
 90
4
 70
1
 10
-792.000000014901
 20
-260.0
 10
-792.000000014901
 20
-268.0
 10
-800.000000014901
 20
-268.0
 10
-800.000000014901
 20
-260.0
  0
LWPOLYLINE
  5
3C4
330
2C7
100
AcDbEntity
  8
LN-ELEVATION-1
100
AcDbPolyline
 90
4
 70
1
 10
-776.0000000186265
 20
-260.0
 10
-776.0000000186265
 20
-268.0
 10
-784.0000000186265
 20
-268.0
 10
-784.0000000186265
 20
-260.0
  0
LWPOLYLINE
  5
3C5
330
2C7
100
AcDbEntity
  8
LN-ELEVATION-1
100
AcDbPolyline
 90
4
 70
1
 10
-760.0000000223516
 20
-260.0
 10
-760.0000000223516
 20
-268.0
 10
-768.0000000223516
 20
-268.0
 10
-768.0000000223516
 20
-260.0
  0
LWPOLYLINE
  5
3C6
330
2C7
100
AcDbEntity
  8
LN-ELEVATION-1
100
AcDbPolyline
 90
4
 70
1
 10
-744.0000000260769
 20
-260.0
 10
-744.0000000260769
 20
-268.0
 10
-752.0000000260769
 20
-268.0
 10
-752.0000000260769
 20
-260.0
  0
LWPOLYLINE
  5
3C7
330
2C7
100
AcDbEntity
  8
LN-ELEVATION-1
100
AcDbPolyline
 90
4
 70
1
 10
-728.0000000298022
 20
-260.0
 10
-728.0000000298022
 20
-268.0
 10
-736.0000000298022
 20
-268.0
 10
-736.0000000298022
 20
-260.0
  0
LWPOLYLINE
  5
3C8
330
2C7
100
AcDbEntity
  8
LN-ELEVATION-1
100
AcDbPolyline
 90
4
 70
1
 10
-712.0000000335275
 20
-260.0
 10
-712.0000000335275
 20
-268.0
 10
-720.0000000335275
 20
-268.0
 10
-720.0000000335275
 20
-260.0
  0
LWPOLYLINE
  5
3C9
330
2C7
100
AcDbEntity
  8
LN-ELEVATION-1
100
AcDbPolyline
 90
4
 70
1
 10
-696.0000000372527
 20
-260.0
 10
-696.0000000372527
 20
-268.0
 10
-704.0000000372527
 20
-268.0
 10
-704.0000000372527
 20
-260.0
  0
LWPOLYLINE
  5
3CA
330
2C7
100
AcDbEntity
  8
LN-ELEVATION-1
100
AcDbPolyline
 90
4
 70
1
 10
-680.0000000409782
 20
-260.0
 10
-680.0000000409782
 20
-268.0
 10
-688.0000000409782
 20
-268.0
 10
-688.0000000409782
 20
-260.0
  0
LWPOLYLINE
  5
3CB
330
2C7
100
AcDbEntity
  8
LN-ELEVATION-1
100
AcDbPolyline
 90
4
 70
1
 10
-664.0000000447034
 20
-260.0
 10
-664.0000000447034
 20
-268.0
 10
-672.0000000447035
 20
-268.0
 10
-672.0000000447035
 20
-260.0
  0
LWPOLYLINE
  5
3CC
330
2C7
100
AcDbEntity
  8
LN-ELEVATION-1
100
AcDbPolyline
 90
4
 70
1
 10
-648.0000000484287
 20
-260.0
 10
-648.0000000484287
 20
-268.0
 10
-656.0000000484287
 20
-268.0
 10
-656.0000000484287
 20
-260.0
  0
LWPOLYLINE
  5
3CD
330
2C7
100
AcDbEntity
  8
LN-ELEVATION-1
100
AcDbPolyline
 90
4
 70
1
 10
-632.000000052154
 20
-260.0
 10
-632.000000052154
 20
-268.0
 10
-640.000000052154
 20
-268.0
 10
-640.000000052154
 20
-260.0
  0
LWPOLYLINE
  5
3CE
330
2C7
100
AcDbEntity
  8
LN-ELEVATION-1
100
AcDbPolyline
 90
4
 70
1
 10
-616.0000000558794
 20
-260.0
 10
-616.0000000558794
 20
-268.0
 10
-624.0000000558794
 20
-268.0
 10
-624.0000000558794
 20
-260.0
  0
LWPOLYLINE
  5
3CF
330
2C7
100
AcDbEntity
  8
LN-ELEVATION-1
100
AcDbPolyline
 90
4
 70
1
 10
-600.0000000596046
 20
-260.0
 10
-600.0000000596046
 20
-268.0
 10
-608.0000000596046
 20
-268.0
 10
-608.0000000596046
 20
-260.0
  0
LWPOLYLINE
  5
3D0
330
2C7
100
AcDbEntity
  8
LN-ELEVATION-1
100
AcDbPolyline
 90
4
 70
1
 10
-584.0000000633298
 20
-260.0
 10
-584.0000000633298
 20
-268.0
 10
-592.0000000633298
 20
-268.0
 10
-592.0000000633298
 20
-260.0
  0
LWPOLYLINE
  5
3D1
330
2C7
100
AcDbEntity
  8
LN-ELEVATION-1
100
AcDbPolyline
 90
4
 70
1
 10
-568.0000000670553
 20
-260.0
 10
-568.0000000670553
 20
-268.0
 10
-576.0000000670553
 20
-268.0
 10
-576.0000000670553
 20
-260.0
  0
LWPOLYLINE
  5
3D2
330
2C7
100
AcDbEntity
  8
LN-ELEVATION-1
100
AcDbPolyline
 90
4
 70
1
 10
-552.0000000707804
 20
-260.0
 10
-552.0000000707804
 20
-268.0
 10
-560.0000000707805
 20
-268.0
 10
-560.0000000707805
 20
-260.0
  0
LWPOLYLINE
  5
3D3
330
2C7
100
AcDbEntity
  8
LN-ELEVATION-1
100
AcDbPolyline
 90
4
 70
1
 10
-536.0000000745058
 20
-260.0
 10
-536.0000000745058
 20
-268.0
 10
-544.0000000745056
 20
-268.0
 10
-544.0000000745056
 20
-260.0
  0
LWPOLYLINE
  5
3D4
330
2C7
100
AcDbEntity
  8
LN-ELEVATION-1
100
AcDbPolyline
 90
4
 70
1
 10
-520.0000000782311
 20
-260.0
 10
-520.0000000782311
 20
-268.0
 10
-528.0000000782311
 20
-268.0
 10
-528.0000000782311
 20
-260.0
  0
LWPOLYLINE
  5
3D5
330
2C7
100
AcDbEntity
  8
LN-ELEVATION-1
100
AcDbPolyline
 90
4
 70
1
 10
-504.0000000819564
 20
-260.0
 10
-504.0000000819564
 20
-268.0
 10
-512.0000000819564
 20
-268.0
 10
-512.0000000819564
 20
-260.0
  0
LWPOLYLINE
  5
3D6
330
2C7
100
AcDbEntity
  8
LN-ELEVATION-1
100
AcDbPolyline
 90
4
 70
1
 10
-488.0000000856816
 20
-260.0
 10
-488.0000000856816
 20
-268.0
 10
-496.0000000856815
 20
-268.0
 10
-496.0000000856815
 20
-260.0
  0
LWPOLYLINE
  5
3D7
330
2C7
100
AcDbEntity
  8
LN-ELEVATION-1
100
AcDbPolyline
 90
4
 70
1
 10
-472.0000000894069
 20
-260.0
 10
-472.0000000894069
 20
-268.0
 10
-480.0000000894069
 20
-268.0
 10
-480.0000000894069
 20
-260.0
  0
LWPOLYLINE
  5
3D8
330
2C7
100
AcDbEntity
  8
LN-ELEVATION-1
100
AcDbPolyline
 90
4
 70
1
 10
-456.0000000931323
 20
-260.0
 10
-456.0000000931323
 20
-268.0
 10
-464.0000000931321
 20
-268.0
 10
-464.0000000931321
 20
-260.0
  0
LWPOLYLINE
  5
3D9
330
2C7
100
AcDbEntity
  8
LN-ELEVATION-1
100
AcDbPolyline
 90
4
 70
1
 10
-440.0000000968575
 20
-260.0
 10
-440.0000000968575
 20
-268.0
 10
-448.0000000968575
 20
-268.0
 10
-448.0000000968575
 20
-260.0
  0
LWPOLYLINE
  5
3DA
330
2C7
100
AcDbEntity
  8
LN-ELEVATION-1
100
AcDbPolyline
 90
4
 70
1
 10
-424.0000001005827
 20
-260.0
 10
-424.0000001005827
 20
-268.0
 10
-432.0000001005827
 20
-268.0
 10
-432.0000001005827
 20
-260.0
  0
LWPOLYLINE
  5
3DB
330
2C7
100
AcDbEntity
  8
LN-ELEVATION-1
100
AcDbPolyline
 90
4
 70
1
 10
-408.000000104308
 20
-260.0
 10
-408.000000104308
 20
-268.0
 10
-416.000000104308
 20
-268.0
 10
-416.000000104308
 20
-260.0
  0
LWPOLYLINE
  5
3DC
330
2C7
100
AcDbEntity
  8
LN-ELEVATION-1
100
AcDbPolyline
 90
4
 70
1
 10
-392.0000001080333
 20
-260.0
 10
-392.0000001080333
 20
-268.0
 10
-400.0000001080334
 20
-268.0
 10
-400.0000001080334
 20
-260.0
  0
LWPOLYLINE
  5
3DD
330
2C7
100
AcDbEntity
  8
LN-ELEVATION-1
100
AcDbPolyline
 90
4
 70
1
 10
-376.0000001117587
 20
-260.0
 10
-376.0000001117587
 20
-268.0
 10
-384.0000001117587
 20
-268.0
 10
-384.0000001117587
 20
-260.0
  0
LWPOLYLINE
  5
3DE
330
2C7
100
AcDbEntity
  8
LN-ELEVATION-1
100
AcDbPolyline
 90
4
 70
1
 10
-360.000000115484
 20
-260.0
 10
-360.000000115484
 20
-268.0
 10
-368.000000115484
 20
-268.0
 10
-368.000000115484
 20
-260.0
  0
LWPOLYLINE
  5
3DF
330
2C7
100
AcDbEntity
  8
LN-ELEVATION-1
100
AcDbPolyline
 90
4
 70
1
 10
-344.0000001192093
 20
-260.0
 10
-344.0000001192093
 20
-268.0
 10
-352.0000001192093
 20
-268.0
 10
-352.0000001192093
 20
-260.0
  0
LWPOLYLINE
  5
3E0
330
2C7
100
AcDbEntity
  8
LN-ELEVATION-1
100
AcDbPolyline
 90
4
 70
1
 10
-328.0000001229347
 20
-260.0
 10
-328.0000001229347
 20
-268.0
 10
-336.0000001229346
 20
-268.0
 10
-336.0000001229346
 20
-260.0
  0
LWPOLYLINE
  5
3E1
330
2C7
100
AcDbEntity
  8
LN-ELEVATION-1
100
AcDbPolyline
 90
4
 70
1
 10
-312.0000001266599
 20
-260.0
 10
-312.0000001266599
 20
-268.0
 10
-320.0000001266599
 20
-268.0
 10
-320.0000001266599
 20
-260.0
  0
LWPOLYLINE
  5
3E2
330
2C7
100
AcDbEntity
  8
LN-ELEVATION-1
100
AcDbPolyline
 90
4
 70
1
 10
-296.0000001303852
 20
-260.0
 10
-296.0000001303852
 20
-268.0
 10
-304.0000001303852
 20
-268.0
 10
-304.0000001303852
 20
-260.0
  0
LWPOLYLINE
  5
3E3
330
2C7
100
AcDbEntity
  8
LN-ELEVATION-1
100
AcDbPolyline
 90
4
 70
1
 10
-280.0000001341104
 20
-260.0
 10
-280.0000001341104
 20
-268.0
 10
-288.0000001341104
 20
-268.0
 10
-288.0000001341104
 20
-260.0
  0
LWPOLYLINE
  5
3E4
330
2C7
100
AcDbEntity
  8
LN-ELEVATION-1
100
AcDbPolyline
 90
4
 70
1
 10
-264.0000001378357
 20
-260.0
 10
-264.0000001378357
 20
-268.0
 10
-272.0000001378358
 20
-268.0
 10
-272.0000001378358
 20
-260.0
  0
LWPOLYLINE
  5
3E5
330
2C7
100
AcDbEntity
  8
LN-ELEVATION-1
100
AcDbPolyline
 90
4
 70
1
 10
-248.000000141561
 20
-260.0
 10
-248.000000141561
 20
-268.0
 10
-256.000000141561
 20
-268.0
 10
-256.000000141561
 20
-260.0
  0
LWPOLYLINE
  5
3E6
330
2C7
100
AcDbEntity
  8
LN-ELEVATION-1
100
AcDbPolyline
 90
4
 70
1
 10
-232.0000001452863
 20
-260.0
 10
-232.0000001452863
 20
-268.0
 10
-240.0000001452863
 20
-268.0
 10
-240.0000001452863
 20
-260.0
  0
LWPOLYLINE
  5
3E7
330
2C7
100
AcDbEntity
  8
LN-ELEVATION-1
100
AcDbPolyline
 90
4
 70
1
 10
-216.0000001490116
 20
-260.0
 10
-216.0000001490116
 20
-268.0
 10
-224.0000001490116
 20
-268.0
 10
-224.0000001490116
 20
-260.0
  0
LWPOLYLINE
  5
3E8
330
2C7
100
AcDbEntity
  8
LN-ELEVATION-1
100
AcDbPolyline
 90
4
 70
1
 10
-200.0000001527369
 20
-260.0
 10
-200.0000001527369
 20
-268.0
 10
-208.0000001527369
 20
-268.0
 10
-208.0000001527369
 20
-260.0
  0
LWPOLYLINE
  5
3E9
330
2C7
100
AcDbEntity
  8
LN-ELEVATION-1
100
AcDbPolyline
 90
4
 70
1
 10
-184.0000001564621
 20
-260.0
 10
-184.0000001564621
 20
-268.0
 10
-192.0000001564621
 20
-268.0
 10
-192.0000001564621
 20
-260.0
  0
LWPOLYLINE
  5
3EA
330
2C7
100
AcDbEntity
  8
LN-ELEVATION-1
100
AcDbPolyline
 90
4
 70
1
 10
-168.0000001601874
 20
-260.0
 10
-168.0000001601874
 20
-268.0
 10
-176.0000001601875
 20
-268.0
 10
-176.0000001601875
 20
-260.0
  0
LWPOLYLINE
  5
3EB
330
2C7
100
AcDbEntity
  8
LN-ELEVATION-1
100
AcDbPolyline
 90
4
 70
1
 10
-152.0000001639127
 20
-260.0
 10
-152.0000001639127
 20
-268.0
 10
-160.0000001639128
 20
-268.0
 10
-160.0000001639128
 20
-260.0
  0
LWPOLYLINE
  5
3EC
330
2C7
100
AcDbEntity
  8
LN-ELEVATION-1
100
AcDbPolyline
 90
4
 70
1
 10
-136.000000167638
 20
-260.0
 10
-136.000000167638
 20
-268.0
 10
-144.0000001676381
 20
-268.0
 10
-144.0000001676381
 20
-260.0
  0
LWPOLYLINE
  5
3ED
330
2C7
100
AcDbEntity
  8
LN-ELEVATION-1
100
AcDbPolyline
 90
4
 70
1
 10
-120.0000001713633
 20
-260.0
 10
-120.0000001713633
 20
-268.0
 10
-128.0000001713633
 20
-268.0
 10
-128.0000001713633
 20
-260.0
  0
LWPOLYLINE
  5
3EE
330
2C7
100
AcDbEntity
  8
LN-ELEVATION-1
100
AcDbPolyline
 90
4
 70
1
 10
-104.0000001750886
 20
-260.0
 10
-104.0000001750886
 20
-268.0
 10
-112.0000001750886
 20
-268.0
 10
-112.0000001750886
 20
-260.0
  0
LWPOLYLINE
  5
3EF
330
2C7
100
AcDbEntity
  8
LN-ELEVATION-1
100
AcDbPolyline
 90
4
 70
1
 10
-88.00000017881393
 20
-260.0
 10
-88.00000017881393
 20
-268.0
 10
-96.00000017881392
 20
-268.0
 10
-96.00000017881392
 20
-260.0
  0
LWPOLYLINE
  5
3F0
330
2C7
100
AcDbEntity
  8
LN-ELEVATION-1
100
AcDbPolyline
 90
4
 70
1
 10
-72.00000018253921
 20
-260.0
 10
-72.00000018253921
 20
-268.0
 10
-80.00000018253921
 20
-268.0
 10
-80.00000018253921
 20
-260.0
  0
LWPOLYLINE
  5
3F1
330
2C7
100
AcDbEntity
  8
LN-ELEVATION-1
100
AcDbPolyline
 90
4
 70
1
 10
-56.00000018626452
 20
-260.0
 10
-56.00000018626452
 20
-268.0
 10
-64.0000001862645
 20
-268.0
 10
-64.0000001862645
 20
-260.0
  0
LWPOLYLINE
  5
3F2
330
2C7
100
AcDbEntity
  8
LN-ELEVATION-1
100
AcDbPolyline
 90
4
 70
1
 10
-40.00000018998981
 20
-260.0
 10
-40.00000018998981
 20
-268.0
 10
-48.00000018998979
 20
-268.0
 10
-48.00000018998979
 20
-260.0
  0
LWPOLYLINE
  5
3F3
330
2C7
100
AcDbEntity
  8
LN-ELEVATION-1
100
AcDbPolyline
 90
4
 70
1
 10
-24.0000001937151
 20
-260.0
 10
-24.0000001937151
 20
-268.0
 10
-32.0000001937151
 20
-268.0
 10
-32.0000001937151
 20
-260.0
  0
LWPOLYLINE
  5
3F4
330
2C7
100
AcDbEntity
  8
LN-ELEVATION-1
100
AcDbPolyline
 90
4
 70
1
 10
-8.000000197440384
 20
-260.0
 10
-8.000000197440384
 20
-268.0
 10
-16.00000019744038
 20
-268.0
 10
-16.00000019744038
 20
-260.0
  0
LWPOLYLINE
  5
3F5
330
2C7
100
AcDbEntity
  8
LN-ELEVATION-1
100
AcDbPolyline
 90
4
 70
1
 10
7.999999798834322
 20
-260.0
 10
7.999999798834322
 20
-268.0
 10
-2.011656761e-07
 20
-268.0
 10
-2.011656761e-07
 20
-260.0
  0
LWPOLYLINE
  5
3F6
330
2C7
100
AcDbEntity
  8
LN-ELEVATION-1
100
AcDbPolyline
 90
4
 70
1
 10
23.99999979510903
 20
-260.0
 10
23.99999979510903
 20
-268.0
 10
15.99999979510903
 20
-268.0
 10
15.99999979510903
 20
-260.0
  0
LWPOLYLINE
  5
3F7
330
2C7
100
AcDbEntity
  8
LN-ELEVATION-1
100
AcDbPolyline
 90
4
 70
1
 10
39.99999979138375
 20
-260.0
 10
39.99999979138375
 20
-268.0
 10
31.99999979138374
 20
-268.0
 10
31.99999979138374
 20
-260.0
  0
LWPOLYLINE
  5
3F8
330
2C7
100
AcDbEntity
  8
LN-ELEVATION-1
100
AcDbPolyline
 90
4
 70
1
 10
55.99999978765845
 20
-260.0
 10
55.99999978765845
 20
-268.0
 10
47.99999978765845
 20
-268.0
 10
47.99999978765845
 20
-260.0
  0
LWPOLYLINE
  5
3F9
330
2C7
100
AcDbEntity
  8
LN-ELEVATION-1
100
AcDbPolyline
 90
4
 70
1
 10
71.99999978393313
 20
-260.0
 10
71.99999978393313
 20
-268.0
 10
63.99999978393315
 20
-268.0
 10
63.99999978393315
 20
-260.0
  0
LWPOLYLINE
  5
3FA
330
2C7
100
AcDbEntity
  8
LN-ELEVATION-1
100
AcDbPolyline
 90
4
 70
1
 10
87.99999978020789
 20
-260.0
 10
87.99999978020789
 20
-268.0
 10
79.99999978020787
 20
-268.0
 10
79.99999978020787
 20
-260.0
  0
LWPOLYLINE
  5
3FB
330
2C7
100
AcDbEntity
  8
LN-ELEVATION-1
100
AcDbPolyline
 90
4
 70
1
 10
103.9999997764825
 20
-260.0
 10
103.9999997764825
 20
-268.0
 10
95.99999977648257
 20
-268.0
 10
95.99999977648257
 20
-260.0
  0
LWPOLYLINE
  5
3FC
330
2C7
100
AcDbEntity
  8
LN-ELEVATION-1
100
AcDbPolyline
 90
4
 70
1
 10
119.9999997727573
 20
-260.0
 10
119.9999997727573
 20
-268.0
 10
111.9999997727573
 20
-268.0
 10
111.9999997727573
 20
-260.0
  0
LWPOLYLINE
  5
3FD
330
2C7
100
AcDbEntity
  8
LN-ELEVATION-1
100
AcDbPolyline
 90
4
 70
1
 10
135.999999769032
 20
-260.0
 10
135.999999769032
 20
-268.0
 10
127.999999769032
 20
-268.0
 10
127.999999769032
 20
-260.0
  0
LWPOLYLINE
  5
3FE
330
2C7
100
AcDbEntity
  8
LN-ELEVATION-1
100
AcDbPolyline
 90
4
 70
1
 10
151.9999997653067
 20
-260.0
 10
151.9999997653067
 20
-268.0
 10
143.9999997653067
 20
-268.0
 10
143.9999997653067
 20
-260.0
  0
LWPOLYLINE
  5
3FF
330
2C7
100
AcDbEntity
  8
LN-ELEVATION-1
100
AcDbPolyline
 90
4
 70
1
 10
167.9999997615814
 20
-260.0
 10
167.9999997615814
 20
-268.0
 10
159.9999997615814
 20
-268.0
 10
159.9999997615814
 20
-260.0
  0
LWPOLYLINE
  5
400
330
2C7
100
AcDbEntity
  8
LN-ELEVATION-1
100
AcDbPolyline
 90
4
 70
1
 10
183.9999997578561
 20
-260.0
 10
183.9999997578561
 20
-268.0
 10
175.9999997578561
 20
-268.0
 10
175.9999997578561
 20
-260.0
  0
LWPOLYLINE
  5
401
330
2C7
100
AcDbEntity
  8
LN-ELEVATION-1
100
AcDbPolyline
 90
4
 70
1
 10
199.9999997541308
 20
-260.0
 10
199.9999997541308
 20
-268.0
 10
191.9999997541308
 20
-268.0
 10
191.9999997541308
 20
-260.0
  0
LWPOLYLINE
  5
402
330
2C7
100
AcDbEntity
  8
LN-ELEVATION-1
100
AcDbPolyline
 90
4
 70
1
 10
215.9999997504055
 20
-260.0
 10
215.9999997504055
 20
-268.0
 10
207.9999997504056
 20
-268.0
 10
207.9999997504056
 20
-260.0
  0
LWPOLYLINE
  5
403
330
2C7
100
AcDbEntity
  8
LN-ELEVATION-1
100
AcDbPolyline
 90
4
 70
1
 10
231.9999997466803
 20
-260.0
 10
231.9999997466803
 20
-268.0
 10
223.9999997466803
 20
-268.0
 10
223.9999997466803
 20
-260.0
  0
LWPOLYLINE
  5
404
330
2C7
100
AcDbEntity
  8
LN-ELEVATION-1
100
AcDbPolyline
 90
4
 70
1
 10
247.999999742955
 20
-260.0
 10
247.999999742955
 20
-268.0
 10
239.999999742955
 20
-268.0
 10
239.999999742955
 20
-260.0
  0
LWPOLYLINE
  5
405
330
2C7
100
AcDbEntity
  8
LN-ELEVATION-1
100
AcDbPolyline
 90
4
 70
1
 10
263.9999997392297
 20
-260.0
 10
263.9999997392297
 20
-268.0
 10
255.9999997392297
 20
-268.0
 10
255.9999997392297
 20
-260.0
  0
LWPOLYLINE
  5
406
330
2C7
100
AcDbEntity
  8
LN-ELEVATION-1
100
AcDbPolyline
 90
4
 70
1
 10
279.9999997355044
 20
-260.0
 10
279.9999997355044
 20
-268.0
 10
271.9999997355044
 20
-268.0
 10
271.9999997355044
 20
-260.0
  0
LWPOLYLINE
  5
407
330
2C7
100
AcDbEntity
  8
LN-ELEVATION-1
100
AcDbPolyline
 90
4
 70
1
 10
295.9999997317792
 20
-260.0
 10
295.9999997317792
 20
-268.0
 10
287.9999997317792
 20
-268.0
 10
287.9999997317792
 20
-260.0
  0
LWPOLYLINE
  5
408
330
2C7
100
AcDbEntity
  8
LN-ELEVATION-1
100
AcDbPolyline
 90
4
 70
1
 10
311.9999997280538
 20
-260.0
 10
311.9999997280538
 20
-268.0
 10
303.9999997280538
 20
-268.0
 10
303.9999997280538
 20
-260.0
  0
LWPOLYLINE
  5
409
330
2C7
100
AcDbEntity
  8
LN-ELEVATION-1
100
AcDbPolyline
 90
4
 70
1
 10
327.9999997243285
 20
-260.0
 10
327.9999997243285
 20
-268.0
 10
319.9999997243285
 20
-268.0
 10
319.9999997243285
 20
-260.0
  0
LWPOLYLINE
  5
40A
330
2C7
100
AcDbEntity
  8
LN-ELEVATION-1
100
AcDbPolyline
 90
4
 70
1
 10
343.9999997206032
 20
-260.0
 10
343.9999997206032
 20
-268.0
 10
335.9999997206032
 20
-268.0
 10
335.9999997206032
 20
-260.0
  0
LWPOLYLINE
  5
40B
330
2C7
100
AcDbEntity
  8
LN-ELEVATION-1
100
AcDbPolyline
 90
4
 70
1
 10
359.9999997168779
 20
-260.0
 10
359.9999997168779
 20
-268.0
 10
351.9999997168779
 20
-268.0
 10
351.9999997168779
 20
-260.0
  0
LWPOLYLINE
  5
40C
330
2C7
100
AcDbEntity
  8
LN-ELEVATION-1
100
AcDbPolyline
 90
4
 70
1
 10
375.9999997131526
 20
-260.0
 10
375.9999997131526
 20
-268.0
 10
367.9999997131527
 20
-268.0
 10
367.9999997131527
 20
-260.0
  0
LWPOLYLINE
  5
40D
330
2C7
100
AcDbEntity
  8
LN-ELEVATION-1
100
AcDbPolyline
 90
4
 70
1
 10
391.9999997094274
 20
-260.0
 10
391.9999997094274
 20
-268.0
 10
383.9999997094274
 20
-268.0
 10
383.9999997094274
 20
-260.0
  0
LWPOLYLINE
  5
40E
330
2C7
100
AcDbEntity
  8
LN-ELEVATION-1
100
AcDbPolyline
 90
4
 70
1
 10
407.9999997057019
 20
-260.0
 10
407.9999997057019
 20
-268.0
 10
399.9999997057021
 20
-268.0
 10
399.9999997057021
 20
-260.0
  0
LWPOLYLINE
  5
40F
330
2C7
100
AcDbEntity
  8
LN-ELEVATION-1
100
AcDbPolyline
 90
4
 70
1
 10
423.9999997019768
 20
-260.0
 10
423.9999997019768
 20
-268.0
 10
415.9999997019768
 20
-268.0
 10
415.9999997019768
 20
-260.0
  0
LWPOLYLINE
  5
410
330
2C7
100
AcDbEntity
  8
LN-ELEVATION-1
100
AcDbPolyline
 90
4
 70
1
 10
439.9999996982513
 20
-260.0
 10
439.9999996982513
 20
-268.0
 10
431.9999996982515
 20
-268.0
 10
431.9999996982515
 20
-260.0
  0
LWPOLYLINE
  5
411
330
2C7
100
AcDbEntity
  8
LN-ELEVATION-1
100
AcDbPolyline
 90
4
 70
1
 10
455.9999996945261
 20
-260.0
 10
455.9999996945261
 20
-268.0
 10
447.9999996945261
 20
-268.0
 10
447.9999996945261
 20
-260.0
  0
LWPOLYLINE
  5
412
330
2C7
100
AcDbEntity
  8
LN-ELEVATION-1
100
AcDbPolyline
 90
4
 70
1
 10
471.9999996908008
 20
-260.0
 10
471.9999996908008
 20
-268.0
 10
463.9999996908009
 20
-268.0
 10
463.9999996908009
 20
-260.0
  0
LWPOLYLINE
  5
413
330
2C7
100
AcDbEntity
  8
LN-ELEVATION-1
100
AcDbPolyline
 90
4
 70
1
 10
487.9999996870757
 20
-260.0
 10
487.9999996870757
 20
-268.0
 10
479.9999996870757
 20
-268.0
 10
479.9999996870757
 20
-260.0
  0
LWPOLYLINE
  5
414
330
2C7
100
AcDbEntity
  8
LN-ELEVATION-1
100
AcDbPolyline
 90
4
 70
1
 10
503.9999996833502
 20
-260.0
 10
503.9999996833502
 20
-268.0
 10
495.9999996833502
 20
-268.0
 10
495.9999996833502
 20
-260.0
  0
LWPOLYLINE
  5
415
330
2C7
100
AcDbEntity
  8
LN-ELEVATION-1
100
AcDbPolyline
 90
4
 70
1
 10
519.999999679625
 20
-260.0
 10
519.999999679625
 20
-268.0
 10
511.999999679625
 20
-268.0
 10
511.999999679625
 20
-260.0
  0
LWPOLYLINE
  5
416
330
2C7
100
AcDbEntity
  8
LN-ELEVATION-1
100
AcDbPolyline
 90
4
 70
1
 10
535.9999996758996
 20
-260.0
 10
535.9999996758996
 20
-268.0
 10
527.9999996758996
 20
-268.0
 10
527.9999996758996
 20
-260.0
  0
LWPOLYLINE
  5
417
330
2C7
100
AcDbEntity
  8
LN-ELEVATION-1
100
AcDbPolyline
 90
4
 70
1
 10
551.9999996721743
 20
-260.0
 10
551.9999996721743
 20
-268.0
 10
543.9999996721743
 20
-268.0
 10
543.9999996721743
 20
-260.0
  0
LWPOLYLINE
  5
418
330
2C7
100
AcDbEntity
  8
LN-ELEVATION-1
100
AcDbPolyline
 90
4
 70
1
 10
567.999999668449
 20
-260.0
 10
567.999999668449
 20
-268.0
 10
559.999999668449
 20
-268.0
 10
559.999999668449
 20
-260.0
  0
LWPOLYLINE
  5
419
330
2C7
100
AcDbEntity
  8
LN-ELEVATION-1
100
AcDbPolyline
 90
4
 70
1
 10
583.9999996647239
 20
-260.0
 10
583.9999996647239
 20
-268.0
 10
575.9999996647239
 20
-268.0
 10
575.9999996647239
 20
-260.0
  0
LWPOLYLINE
  5
41A
330
2C7
100
AcDbEntity
  8
LN-ELEVATION-1
100
AcDbPolyline
 90
4
 70
1
 10
599.9999996609986
 20
-260.0
 10
599.9999996609986
 20
-268.0
 10
591.9999996609986
 20
-268.0
 10
591.9999996609986
 20
-260.0
  0
LWPOLYLINE
  5
41B
330
2C7
100
AcDbEntity
  8
LN-ELEVATION-1
100
AcDbPolyline
 90
4
 70
1
 10
615.9999996572732
 20
-260.0
 10
615.9999996572732
 20
-268.0
 10
607.9999996572732
 20
-268.0
 10
607.9999996572732
 20
-260.0
  0
LWPOLYLINE
  5
41C
330
2C7
100
AcDbEntity
  8
LN-ELEVATION-1
100
AcDbPolyline
 90
4
 70
1
 10
631.999999653548
 20
-260.0
 10
631.999999653548
 20
-268.0
 10
623.9999996535479
 20
-268.0
 10
623.9999996535479
 20
-260.0
  0
LWPOLYLINE
  5
41D
330
2C7
100
AcDbEntity
  8
LN-ELEVATION-1
100
AcDbPolyline
 90
4
 70
1
 10
647.9999996498228
 20
-260.0
 10
647.9999996498228
 20
-268.0
 10
639.9999996498228
 20
-268.0
 10
639.9999996498228
 20
-260.0
  0
LWPOLYLINE
  5
41E
330
2C7
100
AcDbEntity
  8
LN-ELEVATION-1
100
AcDbPolyline
 90
4
 70
1
 10
663.9999996460974
 20
-260.0
 10
663.9999996460974
 20
-268.0
 10
655.9999996460974
 20
-268.0
 10
655.9999996460974
 20
-260.0
  0
LWPOLYLINE
  5
41F
330
2C7
100
AcDbEntity
  8
LN-ELEVATION-1
100
AcDbPolyline
 90
4
 70
1
 10
679.9999996423721
 20
-260.0
 10
679.9999996423721
 20
-268.0
 10
671.9999996423721
 20
-268.0
 10
671.9999996423721
 20
-260.0
  0
LWPOLYLINE
  5
420
330
2C7
100
AcDbEntity
  8
LN-ELEVATION-1
100
AcDbPolyline
 90
4
 70
1
 10
695.9999996386467
 20
-260.0
 10
695.9999996386467
 20
-268.0
 10
687.9999996386467
 20
-268.0
 10
687.9999996386467
 20
-260.0
  0
LWPOLYLINE
  5
421
330
2C7
100
AcDbEntity
  8
LN-ELEVATION-1
100
AcDbPolyline
 90
4
 70
1
 10
711.9999996349216
 20
-260.0
 10
711.9999996349216
 20
-268.0
 10
703.9999996349216
 20
-268.0
 10
703.9999996349216
 20
-260.0
  0
LWPOLYLINE
  5
422
330
2C7
100
AcDbEntity
  8
LN-ELEVATION-1
100
AcDbPolyline
 90
4
 70
1
 10
727.9999996311961
 20
-260.0
 10
727.9999996311961
 20
-268.0
 10
719.9999996311961
 20
-268.0
 10
719.9999996311961
 20
-260.0
  0
LWPOLYLINE
  5
423
330
2C7
100
AcDbEntity
  8
LN-ELEVATION-1
100
AcDbPolyline
 90
4
 70
1
 10
743.999999627471
 20
-260.0
 10
743.999999627471
 20
-268.0
 10
735.999999627471
 20
-268.0
 10
735.999999627471
 20
-260.0
  0
LWPOLYLINE
  5
424
330
2C7
100
AcDbEntity
  8
LN-ELEVATION-1
100
AcDbPolyline
 90
4
 70
1
 10
759.9999996237457
 20
-260.0
 10
759.9999996237457
 20
-268.0
 10
751.9999996237457
 20
-268.0
 10
751.9999996237457
 20
-260.0
  0
LWPOLYLINE
  5
425
330
2C7
100
AcDbEntity
  8
LN-ELEVATION-1
100
AcDbPolyline
 90
4
 70
1
 10
775.9999996200202
 20
-260.0
 10
775.9999996200202
 20
-268.0
 10
767.9999996200202
 20
-268.0
 10
767.9999996200202
 20
-260.0
  0
LWPOLYLINE
  5
426
330
2C7
100
AcDbEntity
  8
LN-ELEVATION-1
100
AcDbPolyline
 90
4
 70
1
 10
791.9999996162951
 20
-260.0
 10
791.9999996162951
 20
-268.0
 10
783.999999616295
 20
-268.0
 10
783.999999616295
 20
-260.0
  0
LWPOLYLINE
  5
427
330
2C7
100
AcDbEntity
  8
LN-ELEVATION-1
100
AcDbPolyline
 90
4
 70
1
 10
807.9999996125696
 20
-260.0
 10
807.9999996125696
 20
-268.0
 10
799.9999996125697
 20
-268.0
 10
799.9999996125697
 20
-260.0
  0
LWPOLYLINE
  5
428
330
2C7
100
AcDbEntity
  8
LN-ELEVATION-1
100
AcDbPolyline
 90
4
 70
1
 10
823.9999996088442
 20
-260.0
 10
823.9999996088442
 20
-268.0
 10
815.9999996088442
 20
-268.0
 10
815.9999996088442
 20
-260.0
  0
LWPOLYLINE
  5
429
330
2C7
100
AcDbEntity
  8
LN-ELEVATION-1
100
AcDbPolyline
 90
4
 70
1
 10
839.9999996051192
 20
-260.0
 10
839.9999996051192
 20
-268.0
 10
831.9999996051192
 20
-268.0
 10
831.9999996051192
 20
-260.0
  0
LWPOLYLINE
  5
42A
330
2C7
100
AcDbEntity
  8
LN-ELEVATION-1
100
AcDbPolyline
 90
4
 70
1
 10
855.9999996013939
 20
-260.0
 10
855.9999996013939
 20
-268.0
 10
847.9999996013939
 20
-268.0
 10
847.9999996013939
 20
-260.0
  0
LWPOLYLINE
  5
42B
330
2C7
100
AcDbEntity
  8
LN-ELEVATION-1
100
AcDbPolyline
 90
4
 70
1
 10
863.9999996013939
 20
-252.0
 10
863.9999996013939
 20
-260.0
 10
855.9999996013939
 20
-260.0
 10
855.9999996013939
 20
-252.0
  0
LWPOLYLINE
  5
42C
330
2C7
100
AcDbEntity
  8
LN-ELEVATION-1
100
AcDbPolyline
 90
4
 70
1
 10
863.9999996013939
 20
-236.0
 10
863.9999996013939
 20
-244.0
 10
855.9999996013939
 20
-244.0
 10
855.9999996013939
 20
-236.0
  0
LWPOLYLINE
  5
42D
330
2C7
100
AcDbEntity
  8
LN-ELEVATION-1
100
AcDbPolyline
 90
4
 70
1
 10
864.0
 20
-220.0
 10
864.0
 20
-228.0
 10
856.0
 20
-228.0
 10
856.0
 20
-220.0
  0
LWPOLYLINE
  5
42E
330
2C7
100
AcDbEntity
  8
LN-ELEVATION-1
100
AcDbPolyline
 90
4
 70
1
 10
864.0
 20
-204.0
 10
864.0
 20
-212.0
 10
856.0
 20
-212.0
 10
856.0
 20
-204.0
  0
LWPOLYLINE
  5
42F
330
2C7
100
AcDbEntity
  8
LN-ELEVATION-1
100
AcDbPolyline
 90
4
 70
1
 10
863.9999996013939
 20
-188.0
 10
863.9999996013939
 20
-196.0
 10
855.9999996013939
 20
-196.0
 10
855.9999996013939
 20
-188.0
  0
LWPOLYLINE
  5
430
330
2C7
100
AcDbEntity
  8
LN-ELEVATION-1
100
AcDbPolyline
 90
4
 70
1
 10
864.0
 20
-172.0
 10
864.0
 20
-180.0
 10
856.0
 20
-180.0
 10
856.0
 20
-172.0
  0
LWPOLYLINE
  5
431
330
2C7
100
AcDbEntity
  8
LN-ELEVATION-1
100
AcDbPolyline
 90
4
 70
1
 10
864.0
 20
-156.0
 10
864.0
 20
-164.0
 10
856.0
 20
-164.0
 10
856.0
 20
-156.0
  0
LWPOLYLINE
  5
432
330
2C7
100
AcDbEntity
  8
LN-ELEVATION-1
100
AcDbPolyline
 90
4
 70
1
 10
863.9999996013939
 20
-140.0
 10
863.9999996013939
 20
-148.0
 10
855.9999996013939
 20
-148.0
 10
855.9999996013939
 20
-140.0
  0
LWPOLYLINE
  5
433
330
2C7
100
AcDbEntity
  8
LN-ELEVATION-1
100
AcDbPolyline
 90
4
 70
1
 10
864.0
 20
-124.0
 10
864.0
 20
-132.0
 10
856.0
 20
-132.0
 10
856.0
 20
-124.0
  0
LWPOLYLINE
  5
434
330
2C7
100
AcDbEntity
  8
LN-ELEVATION-1
100
AcDbPolyline
 90
4
 70
1
 10
864.0
 20
-108.0
 10
864.0
 20
-116.0
 10
856.0
 20
-116.0
 10
856.0
 20
-108.0
  0
LWPOLYLINE
  5
435
330
2C7
100
AcDbEntity
  8
LN-ELEVATION-1
100
AcDbPolyline
 90
4
 70
1
 10
863.9999996013939
 20
-92.0
 10
863.9999996013939
 20
-100.0
 10
855.9999996013939
 20
-100.0
 10
855.9999996013939
 20
-92.0
  0
LWPOLYLINE
  5
436
330
2C7
100
AcDbEntity
  8
LN-ELEVATION-1
100
AcDbPolyline
 90
4
 70
1
 10
864.0
 20
-76.0
 10
864.0
 20
-84.0
 10
856.0
 20
-84.0
 10
856.0
 20
-76.0
  0
LWPOLYLINE
  5
437
330
2C7
100
AcDbEntity
  8
LN-ELEVATION-1
100
AcDbPolyline
 90
4
 70
1
 10
864.0
 20
-60.0
 10
864.0
 20
-68.0
 10
856.0
 20
-68.0
 10
856.0
 20
-60.0
  0
LWPOLYLINE
  5
438
330
2C7
100
AcDbEntity
  8
LN-ELEVATION-1
100
AcDbPolyline
 90
4
 70
1
 10
863.9999996013939
 20
-44.0
 10
863.9999996013939
 20
-52.0
 10
855.9999996013939
 20
-52.0
 10
855.9999996013939
 20
-44.0
  0
LWPOLYLINE
  5
439
330
2C7
100
AcDbEntity
  8
LN-ELEVATION-1
100
AcDbPolyline
 90
4
 70
1
 10
864.0
 20
-28.0
 10
864.0
 20
-36.0
 10
856.0
 20
-36.0
 10
856.0
 20
-28.0
  0
LWPOLYLINE
  5
43A
330
2C7
100
AcDbEntity
  8
LN-ELEVATION-1
100
AcDbPolyline
 90
4
 70
1
 10
864.0
 20
-12.0
 10
864.0
 20
-20.0
 10
856.0
 20
-20.0
 10
856.0
 20
-12.0
  0
LWPOLYLINE
  5
43B
330
2C7
100
AcDbEntity
  8
LN-ELEVATION-1
100
AcDbPolyline
 90
4
 70
1
 10
864.0
 20
0.0
 10
864.0
 20
-4.0
 10
856.0
 20
-4.0
 10
856.0
 20
0.0
  0
LWPOLYLINE
  5
43C
330
2C7
100
AcDbEntity
  8
LN-ELEVATION-3
  6
ByBlock
100
AcDbPolyline
 90
2
 70
0
 10
864.0
 20
298.0000000011642
 10
251.0
 20
298.0000000006985
  0
LWPOLYLINE
  5
43D
330
2C7
100
AcDbEntity
  8
LN-ELEVATION-3
 62
13
100
AcDbPolyline
 90
4
 70
0
 10
251.0
 20
0.0
 10
251.0
 20
-143.0
 10
-506.0000000037253
 20
-143.0
 10
-506.0000000037253
 20
0.0
  0
CIRCLE
  5
43E
330
2C7
100
AcDbEntity
  8
LN-ELEVATION-3
 62
13
100
AcDbCircle
 10
751.0
 20
-180.0994427369442
 30
0.0
 40
20.0
  0
LINE
  5
43F
330
2C7
100
AcDbEntity
  8
LN-ELEVATION-3
 62
13
100
AcDbLine
 10
-96.59529194608332
 20
-143.0
 30
0.0
 11
-96.59529194608332
 21
-161.0
 31
0.0
  0
LINE
  5
440
330
2C7
100
AcDbEntity
  8
LN-ELEVATION-3
 62
13
100
AcDbLine
 10
-158.0166578367352
 20
-143.0
 30
0.0
 11
-158.0166578367352
 21
-161.0
 31
0.0
  0
LINE
  5
441
330
2C7
100
AcDbEntity
  8
LN-ELEVATION-3
 62
13
100
AcDbLine
 10
-156.1554839015006
 20
-143.0
 30
0.0
 11
-156.1554839015006
 21
-161.0
 31
0.0
  0
LINE
  5
442
330
2C7
100
AcDbEntity
  8
LN-ELEVATION-3
 62
13
100
AcDbLine
 10
-99.03320002928378
 20
-143.0
 30
0.0
 11
-99.03320002928378
 21
-161.0
 31
0.0
  0
LINE
  5
443
330
2C7
100
AcDbEntity
  8
LN-ELEVATION-3
 62
13
100
AcDbLine
 10
-104.8146562092006
 20
-143.0
 30
0.0
 11
-104.8146562092006
 21
-161.0
 31
0.0
  0
LINE
  5
444
330
2C7
100
AcDbEntity
  8
LN-ELEVATION-3
 62
13
100
AcDbLine
 10
-114.5410133339464
 20
-143.0
 30
0.0
 11
-114.5410133339464
 21
-161.0
 31
0.0
  0
LINE
  5
445
330
2C7
100
AcDbEntity
  8
LN-ELEVATION-3
 62
13
100
AcDbLine
 10
-125.578398451209
 20
-143.0
 30
0.0
 11
-125.578398451209
 21
-161.0
 31
0.0
  0
LINE
  5
446
330
2C7
100
AcDbEntity
  8
LN-ELEVATION-3
 62
13
100
AcDbLine
 10
-137.0096828117965
 20
-143.0
 30
0.0
 11
-137.0096828117965
 21
-161.0
 31
0.0
  0
LINE
  5
447
330
2C7
100
AcDbEntity
  8
LN-ELEVATION-3
 62
13
100
AcDbLine
 10
-147.9157681800425
 20
-143.0
 30
0.0
 11
-147.9157681800425
 21
-161.0
 31
0.0
  0
LINE
  5
448
330
2C7
100
AcDbEntity
  8
LN-ELEVATION-3
 62
13
100
AcDbLine
 10
-152.1203143782913
 20
-143.0
 30
0.0
 11
-152.1203143782913
 21
-161.0
 31
0.0
  0
LWPOLYLINE
  5
449
330
2C7
100
AcDbEntity
  8
LN-ELEVATION-3
 62
13
100
AcDbPolyline
 90
4
 70
1
 10
-95.0
 20
-143.0
 10
-160.0
 20
-143.0
 10
-160.0
 20
-161.0
 10
-95.0
 20
-161.0
  0
LWPOLYLINE
  5
44A
330
2C7
100
AcDbEntity
  8
Defpoints
100
AcDbPolyline
 90
4
 70
1
 10
-899.999999998141
 20
298.0000000006076
 10
899.9999999981337
 20
298.0000000006076
 10
899.9999999981374
 20
-442.0
 10
-899.9999999981374
 20
-442.0
  0
ENDBLK
  5
2C9
330
2C7
100
AcDbEntity
  8
0
100
AcDbBlockEnd
  0
BLOCK
  5
44C
330
44B
100
AcDbEntity
  8
0
100
AcDbBlockBegin
  2
door
 70
0
 10
0.0
 20
0.0
 30
0.0
  3
door
  1

  0
LINE
  5
44E
330
44B
100
AcDbEntity
  8
door
100
AcDbLine
 10
547359.959374214
 20
1778523.893543105
 30
0.0
 11
547362.3959468948
 21
1778523.893543105
 31
0.0
  0
LINE
  5
44F
330
44B
100
AcDbEntity
  8
door
100
AcDbLine
 10
547359.959374214
 20
1778523.893543105
 30
0.0
 11
547359.959374214
 21
1778524.164273403
 31
0.0
  0
LINE
  5
450
330
44B
100
AcDbEntity
  8
door
100
AcDbLine
 10
547359.6886439163
 20
1778524.164273403
 30
0.0
 11
547359.959374214
 21
1778524.164273403
 31
0.0
  0
LINE
  5
451
330
44B
100
AcDbEntity
  8
door
100
AcDbLine
 10
547362.3959468948
 20
1778523.893543105
 30
0.0
 11
547362.3959468948
 21
1778527.064986042
 31
0.0
  0
LINE
  5
452
330
44B
100
AcDbEntity
  8
door
100
AcDbLine
 10
547361.8544862991
 20
1778527.064986042
 30
0.0
 11
547362.3959468948
 21
1778527.064986042
 31
0.0
  0
LINE
  5
453
330
44B
100
AcDbEntity
  8
door
100
AcDbLine
 10
547359.959374214
 20
1778528.824732975
 30
0.0
 11
547361.8544862991
 21
1778528.824732975
 31
0.0
  0
LINE
  5
454
330
44B
100
AcDbEntity
  8
door
100
AcDbLine
 10
547359.688643916
 20
1778528.554002678
 30
0.0
 11
547359.959374214
 21
1778528.554002678
 31
0.0
  0
LINE
  5
455
330
44B
100
AcDbEntity
  8
door
100
AcDbLine
 10
547359.959374214
 20
1778528.554002678
 30
0.0
 11
547359.959374214
 21
1778528.824732975
 31
0.0
  0
LINE
  5
456
330
44B
100
AcDbEntity
  8
door
100
AcDbLine
 10
547361.8544862991
 20
1778527.064986042
 30
0.0
 11
547361.8544862991
 21
1778528.824732975
 31
0.0
  0
LINE
  5
457
330
44B
100
AcDbEntity
  8
door
100
AcDbLine
 10
547359.6886439163
 20
1778524.164273403
 30
0.0
 11
547359.688643916
 21
1778528.554002678
 31
0.0
  0
LINE
  5
458
330
44B
100
AcDbEntity
  8
door
100
AcDbLine
 10
547398.40307651
 20
1778523.893543106
 30
0.0
 11
547395.9665038293
 21
1778523.893543106
 31
0.0
  0
LINE
  5
459
330
44B
100
AcDbEntity
  8
door
100
AcDbLine
 10
547398.40307651
 20
1778523.893543106
 30
0.0
 11
547398.4030765101
 21
1778524.164273403
 31
0.0
  0
LINE
  5
45A
330
44B
100
AcDbEntity
  8
door
100
AcDbLine
 10
547398.673806808
 20
1778524.164273403
 30
0.0
 11
547398.4030765101
 21
1778524.164273403
 31
0.0
  0
LINE
  5
45B
330
44B
100
AcDbEntity
  8
door
100
AcDbLine
 10
547395.9665038293
 20
1778523.893543106
 30
0.0
 11
547395.9665038293
 21
1778527.064986042
 31
0.0
  0
LINE
  5
45C
330
44B
100
AcDbEntity
  8
door
100
AcDbLine
 10
547396.507964425
 20
1778527.064986042
 30
0.0
 11
547395.9665038293
 21
1778527.064986042
 31
0.0
  0
LINE
  5
45D
330
44B
100
AcDbEntity
  8
door
100
AcDbLine
 10
547398.4030765102
 20
1778528.824732975
 30
0.0
 11
547396.507964425
 21
1778528.824732975
 31
0.0
  0
LINE
  5
45E
330
44B
100
AcDbEntity
  8
door
100
AcDbLine
 10
547398.6738068078
 20
1778528.554002678
 30
0.0
 11
547398.4030765102
 21
1778528.554002677
 31
0.0
  0
LINE
  5
45F
330
44B
100
AcDbEntity
  8
door
100
AcDbLine
 10
547398.4030765102
 20
1778528.554002677
 30
0.0
 11
547398.4030765102
 21
1778528.824732975
 31
0.0
  0
LINE
  5
460
330
44B
100
AcDbEntity
  8
door
100
AcDbLine
 10
547396.507964425
 20
1778527.064986042
 30
0.0
 11
547396.507964425
 21
1778528.824732975
 31
0.0
  0
LINE
  5
461
330
44B
100
AcDbEntity
  8
door
100
AcDbLine
 10
547398.673806808
 20
1778524.164273403
 30
0.0
 11
547398.6738068078
 21
1778528.554002678
 31
0.0
  0
LINE
  5
462
330
44B
100
AcDbEntity
  8
door
100
AcDbLine
 10
547363.6142332352
 20
1778528.824732975
 30
0.0
 11
547361.989851448
 21
1778528.824732975
 31
0.0
  0
LINE
  5
463
330
44B
100
AcDbEntity
  8
door
100
AcDbLine
 10
547361.989851448
 20
1778528.824732975
 30
0.0
 11
547361.989851448
 21
1778563.207480731
 31
0.0
  0
LINE
  5
464
330
44B
100
AcDbEntity
  8
door
100
AcDbLine
 10
547363.6142332352
 20
1778563.207480731
 30
0.0
 11
547363.6142332352
 21
1778528.824732975
 31
0.0
  0
LINE
  5
465
330
44B
100
AcDbEntity
  8
door
100
AcDbLine
 10
547363.6142332352
 20
1778563.207480731
 30
0.0
 11
547361.989851448
 21
1778563.207480731
 31
0.0
  0
ELLIPSE
  5
466
330
44B
100
AcDbEntity
  8
door
  6
HIDDEN2
 62
7
100
AcDbEllipse
 10
547361.989851448
 20
1778528.824732975
 30
0.0
 11
34.38274782761808
 21
0.0001789721139649
 31
0.0
 40
0.9999999979146824
 41
-1.570791121506941
 42
0.0512086788949202
  0
LINE
  5
467
330
44B
100
AcDbEntity
  8
0
 62
7
100
AcDbLine
 10
547362.3959468948
 20
1778527.064986042
 30
0.0
 11
547395.9665038293
 21
1778527.064986042
 31
0.0
  0
ENDBLK
  5
44D
330
44B
100
AcDbEntity
  8
0
100
AcDbBlockEnd
  0
BLOCK
  5
469
330
468
100
AcDbEntity
  8
0
100
AcDbBlockBegin
  2
CLINIC SCREEN
 70
0
 10
0.0
 20
0.0
 30
0.0
  3
CLINIC SCREEN
  1

  0
LWPOLYLINE
  5
46B
330
468
100
AcDbEntity
  8
TV
100
AcDbPolyline
 90
4
 70
1
 10
130.0454854714917
 20
15.51421661919448
 10
99.6674821045017
 20
15.51421661919448
 10
99.6674821045017
 20
45.89221998606809
 10
130.0454854714917
 20
45.89221998606809
  0
LWPOLYLINE
  5
46C
330
468
100
AcDbEntity
  8
TV
100
AcDbPolyline
 90
4
 70
1
 10
127.0076851347694
 20
18.55201695591677
 10
102.7052824412239
 20
18.55201695591677
 10
102.7052824412239
 20
42.85441964946222
 10
127.0076851347694
 20
42.85441964946222
  0
LWPOLYLINE
  5
46D
330
468
100
AcDbEntity
  8
TV
100
AcDbPolyline
 90
4
 70
1
 10
-130.4492315138923
 20
15.51421661919448
 10
-100.0712281469023
 20
15.51421661919448
 10
-100.0712281469023
 20
45.89221998606809
 10
-130.4492315138923
 20
45.89221998606809
  0
LWPOLYLINE
  5
46E
330
468
100
AcDbEntity
  8
TV
100
AcDbPolyline
 90
4
 70
1
 10
-127.41143117717
 20
18.55201695591677
 10
-103.1090284835081
 20
18.55201695591677
 10
-103.1090284835081
 20
42.85441964946222
 10
-127.41143117717
 20
42.85441964946222
  0
LINE
  5
46F
330
468
100
AcDbEntity
  8
TV
100
AcDbLine
 10
102.7052824412239
 20
42.85441964946222
 30
0.0
 11
127.0076851347694
 21
18.55201695591677
 31
0.0
  0
LINE
  5
470
330
468
100
AcDbEntity
  8
TV
100
AcDbLine
 10
-103.1090284835081
 20
42.85441964946222
 30
0.0
 11
-127.41143117717
 21
18.55201695591677
 31
0.0
  0
LINE
  5
471
330
468
100
AcDbEntity
  8
TV
100
AcDbLine
 10
-127.41143117717
 20
42.85441964946222
 30
0.0
 11
-103.1090284835081
 21
18.55201695591677
 31
0.0
  0
LINE
  5
472
330
468
100
AcDbEntity
  8
TV
100
AcDbLine
 10
91.98892031621654
 20
15.514207008644
 30
0.0
 11
91.98892031621654
 21
0.0
 31
0.0
  0
LINE
  5
473
330
468
100
AcDbEntity
  8
TV
100
AcDbLine
 10
91.98892031621654
 20
15.514207008644
 30
0.0
 11
138.5315413424978
 21
15.514207008644
 31
0.0
  0
LINE
  5
474
330
468
100
AcDbEntity
  8
TV
100
AcDbLine
 10
-138.5315413422649
 20
0.0
 30
0.0
 11
-138.5315413422649
 21
15.514207008644
 31
0.0
  0
LINE
  5
475
330
468
100
AcDbEntity
  8
TV
100
AcDbLine
 10
-91.9889203159837
 20
15.514207008644
 30
0.0
 11
-91.9889203159837
 21
0.0
 31
0.0
  0
LINE
  5
476
330
468
100
AcDbEntity
  8
TV
100
AcDbLine
 10
200.5883693774231
 20
0.0
 30
0.0
 11
-200.5883693771902
 21
0.0
 31
0.0
  0
LWPOLYLINE
  5
477
330
468
100
AcDbEntity
  8
TV
100
AcDbPolyline
 90
4
 70
1
 10
-219.9999999998836
 20
-51.71278328332118
 10
-219.9999999998836
 20
-38.82326124538668
 10
220.0000000001164
 20
-38.82326124538668
 10
220.0000000001164
 20
-51.71278328332118
  0
LINE
  5
478
330
468
100
AcDbEntity
  8
TV
100
AcDbLine
 10
-219.9999999998836
 20
-38.82326124538668
 30
0.0
 11
-219.9999999998836
 21
-19.41163062257692
 31
0.0
  0
LINE
  5
479
330
468
100
AcDbEntity
  8
TV
100
AcDbLine
 10
220.0000000001164
 20
-38.82326124538668
 30
0.0
 11
220.0000000001164
 21
-19.41163062257692
 31
0.0
  0
LINE
  5
47A
330
468
100
AcDbEntity
  8
TV
100
AcDbLine
 10
-219.9999999998836
 20
-19.41163062257692
 30
0.0
 11
-200.5883693771902
 21
0.0
 31
0.0
  0
LINE
  5
47B
330
468
100
AcDbEntity
  8
TV
100
AcDbLine
 10
220.0000000001164
 20
-19.41163062257692
 30
0.0
 11
200.5883693774231
 21
0.0
 31
0.0
  0
LINE
  5
47C
330
468
100
AcDbEntity
  8
TV
100
AcDbLine
 10
138.5315413424978
 20
0.0
 30
0.0
 11
138.5315413424978
 21
15.514207008644
 31
0.0
  0
LINE
  5
47D
330
468
100
AcDbEntity
  8
TV
100
AcDbLine
 10
-138.5315413422649
 20
15.514207008644
 30
0.0
 11
-91.9889203159837
 21
15.514207008644
 31
0.0
  0
TEXT
  5
47E
330
468
100
AcDbEntity
  8
Floor-Unit
 62
0
100
AcDbText
 10
-159.9435663456097
 20
-125.4256307032192
 30
0.0
 40
50.0
  1
LG SCREEN
100
AcDbText
  0
ENDBLK
  5
46A
330
468
100
AcDbEntity
  8
0
100
AcDbBlockEnd
  0
BLOCK
  5
480
330
47F
100
AcDbEntity
  8
0
100
AcDbBlockBegin
  2
CLINIC - CABINET SINK
 70
0
 10
0.0
 20
0.0
 30
0.0
  3
CLINIC - CABINET SINK
  1

  0
HATCH
  5
482
330
47F
100
AcDbEntity
  8
LN-HATCH
 62
7
100
AcDbHatch
 10
0.0
 20
0.0
 30
0.0
210
0.0
220
0.0
230
1.0
  2
ANSI31
 70
0
 71
0
 91
0
 75
0
 76
1
 98
0
  0
LWPOLYLINE
  5
483
330
47F
100
AcDbEntity
  8
LN-ELEVATION-1
100
AcDbPolyline
 90
4
 70
1
 10
564.640456427587
 20
225.0
 10
582.6404564275869
 20
225.0
 10
582.6404564275869
 20
156.9999999999999
 10
564.640456427587
 20
156.9999999999999
  0
LWPOLYLINE
  5
484
330
47F
100
AcDbEntity
  8
LN-ELEVATION-1
100
AcDbPolyline
 90
4
 70
1
 10
-581.359543572413
 20
225.0
 10
-563.359543572413
 20
225.0
 10
-563.359543572413
 20
156.9999999999999
 10
-581.359543572413
 20
156.9999999999999
  0
LWPOLYLINE
  5
485
330
47F
100
AcDbEntity
  8
LN-ELEVATION-1
100
AcDbPolyline
 90
4
 70
1
 10
-563.359543572413
 20
156.9999999999999
 10
564.640456427587
 20
156.9999999999999
 10
564.640456427587
 20
174.9999999999999
 10
-563.359543572413
 20
174.9999999999999
  0
LWPOLYLINE
  5
486
330
47F
100
AcDbEntity
  8
LN-ELEVATION-1
100
AcDbPolyline
 90
4
 70
1
 10
582.6404564275869
 20
225.0
 10
600.6404564275869
 20
225.0
 10
600.6404564275869
 20
-225.0
 10
582.6404564275869
 20
-225.0
  0
LWPOLYLINE
  5
487
330
47F
100
AcDbEntity
  8
LN-ELEVATION-1
100
AcDbPolyline
 90
4
 70
1
 10
-581.359543572413
 20
225.0
 10
-599.359543572413
 20
225.0
 10
-599.359543572413
 20
-225.0
 10
-581.359543572413
 20
-225.0
  0
LINE
  5
488
330
47F
100
AcDbEntity
  8
LN-ELEVATION-2
100
AcDbLine
 10
582.6404564275869
 20
-225.0
 30
0.0
 11
-581.359543572413
 21
-225.0
 31
0.0
  0
LINE
  5
489
330
47F
100
AcDbEntity
  8
LN-HATCH
100
AcDbLine
 10
564.640456427587
 20
225.0
 30
0.0
 11
-563.359543572413
 21
174.9999999999999
 31
0.0
  0
LINE
  5
48A
330
47F
100
AcDbEntity
  8
LN-HATCH
100
AcDbLine
 10
-563.359543572413
 20
225.0
 30
0.0
 11
564.640456427587
 21
174.9999999999999
 31
0.0
  0
INSERT
  5
48B
330
47F
100
AcDbEntity
  8
LN-ELEVATION-3
100
AcDbBlockReference
  2
dsg
 10
-103569.3304926871
 20
136346.6509754679
 30
0.0
 41
-1.0
 50
41.1558274151866
  0
ENDBLK
  5
481
330
47F
100
AcDbEntity
  8
0
100
AcDbBlockEnd
  0
BLOCK
  5
48E
330
48D
100
AcDbEntity
  8
0
100
AcDbBlockBegin
  2
A$C04ba86de
 70
0
 10
0.0
 20
0.0
 30
0.0
  3
A$C04ba86de
  1

  0
LWPOLYLINE
  5
490
330
48D
100
AcDbEntity
  8
TV
100
AcDbPolyline
 90
4
 70
1
 10
8.040144996717572
 20
2.91038e-11
 10
8.040144996717572
 20
129.0940371821052
 10
448.0401449967176
 20
129.0940371821052
 10
448.0401449967176
 20
2.91038e-11
  0
MTEXT
  5
491
330
48D
100
AcDbEntity
  8
Floor-Unit
 62
0
100
AcDbMText
 10
233.2398255821317
 20
67.50872093025828
 30
0.0
 40
50.0
 41
466.4796511627907
 71
1
  1
WIRELESS KEYBOARD
  0
ENDBLK
  5
48F
330
48D
100
AcDbEntity
  8
0
100
AcDbBlockEnd
  0
BLOCK
  5
493
330
492
100
AcDbEntity
  8
0
100
AcDbBlockBegin
  2
A$C3159410d
 70
0
 10
0.0
 20
0.0
 30
0.0
  3
A$C3159410d
  1

  0
MTEXT
  5
495
330
492
100
AcDbEntity
  8
Floor-Unit
 62
0
100
AcDbMText
 10
233.2398255821317
 20
64.46170233917655
 30
0.0
 40
50.0
 41
466.4796511627907
 71
1
  1
MIC
  0
CIRCLE
  5
496
330
492
100
AcDbEntity
  8
TV
100
AcDbCircle
 10
234.5401449967176
 20
64.54701859102352
 30
0.0
 40
64.54701859105262
  0
CIRCLE
  5
497
330
492
100
AcDbEntity
  8
TV
100
AcDbCircle
 10
234.5401449967176
 20
64.54701859102352
 30
0.0
 40
47.40596281792386
  0
ENDBLK
  5
494
330
492
100
AcDbEntity
  8
0
100
AcDbBlockEnd
  0
BLOCK
  5
499
330
498
100
AcDbEntity
  8
0
100
AcDbBlockBegin
  2
A$C18799085
 70
0
 10
0.0
 20
0.0
 30
0.0
  3
A$C18799085
  1

  0
LWPOLYLINE
  5
49B
330
498
100
AcDbEntity
  8
TV
100
AcDbPolyline
 90
4
 70
1
 10
655.0454854704439
 20
125.2269999025447
 10
624.6674821041524
 20
125.2269999025447
 10
624.6674821041524
 20
155.6050032694184
 10
655.0454854704439
 20
155.6050032694184
  0
LWPOLYLINE
  5
49C
330
498
100
AcDbEntity
  8
TV
100
AcDbPolyline
 90
4
 70
1
 10
652.0076851341873
 20
128.264800239267
 10
627.7052824404091
 20
128.264800239267
 10
627.7052824404091
 20
152.5672029328125
 10
652.0076851341873
 20
152.5672029328125
  0
LWPOLYLINE
  5
49D
330
498
100
AcDbEntity
  8
TV
100
AcDbPolyline
 90
4
 70
1
 10
89.55076848529278
 20
125.2269999025447
 10
119.9287718534469
 20
125.2269999025447
 10
119.9287718534469
 20
155.6050032694184
 10
89.55076848529278
 20
155.6050032694184
  0
LWPOLYLINE
  5
49E
330
498
100
AcDbEntity
  8
TV
100
AcDbPolyline
 90
4
 70
1
 10
92.58856882341206
 20
128.264800239267
 10
116.8909715171903
 20
128.264800239267
 10
116.8909715171903
 20
152.5672029328125
 10
92.58856882341206
 20
152.5672029328125
  0
LINE
  5
49F
330
498
100
AcDbEntity
  8
TV
100
AcDbLine
 10
627.7052824404091
 20
152.5672029328125
 30
0.0
 11
652.0076851341873
 21
128.264800239267
 31
0.0
  0
LINE
  5
4A0
330
498
100
AcDbEntity
  8
TV
100
AcDbLine
 10
116.8909715171903
 20
152.5672029328125
 30
0.0
 11
92.58856882341206
 21
128.264800239267
 31
0.0
  0
LINE
  5
4A1
330
498
100
AcDbEntity
  8
TV
100
AcDbLine
 10
92.58856882341206
 20
152.5672029328125
 30
0.0
 11
116.8909715171903
 21
128.264800239267
 31
0.0
  0
LINE
  5
4A2
330
498
100
AcDbEntity
  8
TV
100
AcDbLine
 10
616.9889203161001
 20
125.2269902919943
 30
0.0
 11
616.9889203161001
 21
109.7127832833503
 31
0.0
  0
LINE
  5
4A3
330
498
100
AcDbEntity
  8
TV
100
AcDbLine
 10
616.9889203161001
 20
125.2269902919943
 30
0.0
 11
663.5315413419156
 21
125.2269902919943
 31
0.0
  0
LINE
  5
4A4
330
498
100
AcDbEntity
  8
TV
100
AcDbLine
 10
81.46845865808427
 20
109.7127832833503
 30
0.0
 11
81.46845865808427
 21
125.2269902919943
 31
0.0
  0
LINE
  5
4A5
330
498
100
AcDbEntity
  8
TV
100
AcDbLine
 10
128.0110796838999
 20
125.2269902919943
 30
0.0
 11
128.0110796838999
 21
109.7127832833503
 31
0.0
  0
LINE
  5
4A6
330
498
100
AcDbEntity
  8
TV
100
AcDbLine
 10
725.5883693769574
 20
109.7127832833503
 30
0.0
 11
19.41163062304258
 21
109.7127832833503
 31
0.0
  0
LWPOLYLINE
  5
4A7
330
498
100
AcDbEntity
  8
TV
100
AcDbPolyline
 90
4
 70
1
 10
0.0
 20
58.0000000000291
 10
0.0
 20
70.88952203796362
 10
745.0
 20
70.88952203796362
 10
745.0
 20
58.0000000000291
  0
LINE
  5
4A8
330
498
100
AcDbEntity
  8
TV
100
AcDbLine
 10
0.0
 20
70.88952203796362
 30
0.0
 11
0.0
 21
90.30115266077335
 31
0.0
  0
LINE
  5
4A9
330
498
100
AcDbEntity
  8
TV
100
AcDbLine
 10
745.0
 20
70.88952203796362
 30
0.0
 11
745.0
 21
90.30115266077335
 31
0.0
  0
LINE
  5
4AA
330
498
100
AcDbEntity
  8
TV
100
AcDbLine
 10
0.0
 20
90.30115266077335
 30
0.0
 11
19.41163062304258
 21
109.7127832833503
 31
0.0
  0
LINE
  5
4AB
330
498
100
AcDbEntity
  8
TV
100
AcDbLine
 10
745.0
 20
90.30115266077335
 30
0.0
 11
725.5883693769574
 21
109.7127832833503
 31
0.0
  0
LINE
  5
4AC
330
498
100
AcDbEntity
  8
TV
100
AcDbLine
 10
663.5315413419156
 20
109.7127832833503
 30
0.0
 11
663.5315413419156
 21
125.2269902919943
 31
0.0
  0
LINE
  5
4AD
330
498
100
AcDbEntity
  8
TV
100
AcDbLine
 10
81.46845865808427
 20
125.2269902919943
 30
0.0
 11
128.0110796838999
 21
125.2269902919943
 31
0.0
  0
MTEXT
  5
4AE
330
498
100
AcDbEntity
  8
Floor-Unit
 62
0
100
AcDbMText
 10
391.1996805854142
 20
25.6359011628374
 30
0.0
 40
50.0
 41
466.4796511627907
 71
1
  1
32" TV SCREEN -VC
  0
ENDBLK
  5
49A
330
498
100
AcDbEntity
  8
0
100
AcDbBlockEnd
  0
BLOCK
  5
4B0
330
4AF
100
AcDbEntity
  8
0
100
AcDbBlockBegin
  2
A$Cd93dec76
 70
0
 10
0.0
 20
0.0
 30
0.0
  3
A$Cd93dec76
  1

  0
LWPOLYLINE
  5
4B2
330
4AF
100
AcDbEntity
  8
TV
100
AcDbPolyline
 90
4
 70
1
 10
358.0856304671615
 20
141.5586952792073
 10
327.70762710087
 20
141.5586952792073
 10
327.70762710087
 20
171.9366986460809
 10
358.0856304671615
 20
171.9366986460809
  0
LWPOLYLINE
  5
4B3
330
4AF
100
AcDbEntity
  8
TV
100
AcDbPolyline
 90
4
 70
1
 10
355.0478301309049
 20
144.5964956159296
 10
330.7454274371266
 20
144.5964956159296
 10
330.7454274371266
 20
168.898898309475
 10
355.0478301309049
 20
168.898898309475
  0
LWPOLYLINE
  5
4B4
330
4AF
100
AcDbEntity
  8
TV
100
AcDbPolyline
 90
4
 70
1
 10
97.59091348201036
 20
141.5586952792073
 10
127.9689168501645
 20
141.5586952792073
 10
127.9689168501645
 20
171.9366986460809
 10
97.59091348201036
 20
171.9366986460809
  0
LWPOLYLINE
  5
4B5
330
4AF
100
AcDbEntity
  8
TV
100
AcDbPolyline
 90
4
 70
1
 10
100.6287138201296
 20
144.5964956159296
 10
124.9311165139079
 20
144.5964956159296
 10
124.9311165139079
 20
168.898898309475
 10
100.6287138201296
 20
168.898898309475
  0
LINE
  5
4B6
330
4AF
100
AcDbEntity
  8
TV
100
AcDbLine
 10
330.7454274371266
 20
168.898898309475
 30
0.0
 11
355.0478301309049
 21
144.5964956159296
 31
0.0
  0
LINE
  5
4B7
330
4AF
100
AcDbEntity
  8
TV
100
AcDbLine
 10
124.9311165139079
 20
168.898898309475
 30
0.0
 11
100.6287138201296
 21
144.5964956159296
 31
0.0
  0
LINE
  5
4B8
330
4AF
100
AcDbEntity
  8
TV
100
AcDbLine
 10
100.6287138201296
 20
168.898898309475
 30
0.0
 11
124.9311165139079
 21
144.5964956159296
 31
0.0
  0
LINE
  5
4B9
330
4AF
100
AcDbEntity
  8
TV
100
AcDbLine
 10
320.0290653128177
 20
141.5586856686568
 30
0.0
 11
320.0290653128177
 21
126.0444786600128
 31
0.0
  0
LINE
  5
4BA
330
4AF
100
AcDbEntity
  8
TV
100
AcDbLine
 10
320.0290653128177
 20
141.5586856686568
 30
0.0
 11
366.5716863386333
 21
141.5586856686568
 31
0.0
  0
LINE
  5
4BB
330
4AF
100
AcDbEntity
  8
TV
100
AcDbLine
 10
89.50860365480185
 20
126.0444786600128
 30
0.0
 11
89.50860365480185
 21
141.5586856686568
 31
0.0
  0
LINE
  5
4BC
330
4AF
100
AcDbEntity
  8
TV
100
AcDbLine
 10
136.0512246806174
 20
141.5586856686568
 30
0.0
 11
136.0512246806174
 21
126.0444786600128
 31
0.0
  0
LINE
  5
4BD
330
4AF
100
AcDbEntity
  8
TV
100
AcDbLine
 10
428.6285143736749
 20
126.0444786600128
 30
0.0
 11
27.45177561976016
 21
126.0444786600128
 31
0.0
  0
LWPOLYLINE
  5
4BE
330
4AF
100
AcDbEntity
  8
TV
100
AcDbPolyline
 90
4
 70
1
 10
8.040144996717572
 20
74.33169537669164
 10
8.040144996717572
 20
87.22121741462615
 10
448.0401449967176
 20
87.22121741462615
 10
448.0401449967176
 20
74.33169537669164
  0
LINE
  5
4BF
330
4AF
100
AcDbEntity
  8
TV
100
AcDbLine
 10
8.040144996717572
 20
87.22121741462615
 30
0.0
 11
8.040144996717572
 21
106.6328480374359
 31
0.0
  0
LINE
  5
4C0
330
4AF
100
AcDbEntity
  8
TV
100
AcDbLine
 10
448.0401449967176
 20
87.22121741462615
 30
0.0
 11
448.0401449967176
 21
106.6328480374359
 31
0.0
  0
LINE
  5
4C1
330
4AF
100
AcDbEntity
  8
TV
100
AcDbLine
 10
8.040144996717572
 20
106.6328480374359
 30
0.0
 11
27.45177561976016
 21
126.0444786600128
 31
0.0
  0
LINE
  5
4C2
330
4AF
100
AcDbEntity
  8
TV
100
AcDbLine
 10
448.0401449967176
 20
106.6328480374359
 30
0.0
 11
428.6285143736749
 21
126.0444786600128
 31
0.0
  0
LINE
  5
4C3
330
4AF
100
AcDbEntity
  8
TV
100
AcDbLine
 10
366.5716863386333
 20
126.0444786600128
 30
0.0
 11
366.5716863386333
 21
141.5586856686568
 31
0.0
  0
LINE
  5
4C4
330
4AF
100
AcDbEntity
  8
TV
100
AcDbLine
 10
89.50860365480185
 20
141.5586856686568
 30
0.0
 11
136.0512246806174
 21
141.5586856686568
 31
0.0
  0
MTEXT
  5
4C5
330
4AF
100
AcDbEntity
  8
Floor-Unit
 62
0
100
AcDbMText
 10
233.2398255821317
 20
25.63590116277919
 30
0.0
 40
50.0
 41
466.4796511627907
 71
1
  1
PC 50S
  0
ENDBLK
  5
4B1
330
4AF
100
AcDbEntity
  8
0
100
AcDbBlockEnd
  0
BLOCK
  5
4C7
330
4C6
100
AcDbEntity
  8
0
100
AcDbBlockBegin
  2
A$Cd445213a
 70
0
 10
0.0
 20
0.0
 30
0.0
  3
A$Cd445213a
  1

  0
LWPOLYLINE
  5
4C9
330
4C6
100
AcDbEntity
  8
LENS_FURNITURE
100
AcDbPolyline
 90
4
 70
1
 10
500.0000000004948
 20
633.0000000011931
 10
500.0000000004948
 20
1.193257e-09
 10
4.947651e-10
 20
1.193257e-09
 10
4.947651e-10
 20
633.0000000011931
  0
INSERT
  5
4CA
330
4C6
100
AcDbEntity
  8
Floor-Unit
100
AcDbBlockReference
  2
Chair
 10
-375608.5357497153
 20
13819.61666502812
 30
0.0
 41
0.6413055337135763
 42
0.6413055337135763
 43
0.6413055337135763
  0
LWPOLYLINE
  5
4CC
330
4C6
100
AcDbEntity
  8
LENS_FURNITURE
 62
146
100
AcDbPolyline
 90
4
 70
1
 10
98.00000000049477
 20
603.0000000011931
 10
98.00000000049477
 20
591.0000000011931
 10
500.0000000004948
 20
591.0000000011931
 10
500.0000000004948
 20
603.0000000011931
  0
LWPOLYLINE
  5
4CD
330
4C6
100
AcDbEntity
  8
LENS_FURNITURE
 62
146
100
AcDbPolyline
 90
4
 70
1
 10
98.00000000049477
 20
30.00000000119326
 10
98.00000000049477
 20
42.00000000119326
 10
500.0000000004948
 20
42.00000000119326
 10
500.0000000004948
 20
30.00000000119326
  0
LWPOLYLINE
  5
4CE
330
4C6
100
AcDbEntity
  8
LENS_FURNITURE
 62
146
100
AcDbPolyline
 90
4
 70
1
 10
98.00000000049477
 20
591.0000000011931
 10
98.00000000049477
 20
42.00000000119326
 10
110.0000000004947
 20
42.00000000119326
 10
110.0000000004947
 20
591.0000000011931
  0
LWPOLYLINE
  5
4CF
330
4C6
100
AcDbEntity
  8
LENS_FURNITURE
 62
146
100
AcDbPolyline
 90
4
 70
1
 10
500.0000000004948
 20
633.0000000011931
 10
500.0000000004948
 20
1.193257e-09
 10
518.0000000004947
 20
1.193257e-09
 10
518.0000000004947
 20
633.0000000011931
  0
INSERT
  5
4D0
330
4C6
100
AcDbEntity
  8
LENS_PARTITION
100
AcDbBlockReference
  2
chr
 10
380.5769559177861
 20
985.4817388172087
 30
0.0
 50
90.00000000000003
  0
LWPOLYLINE
  5
4D2
330
4C6
100
AcDbEntity
  8
LN-ELEVATION-2
100
AcDbPolyline
 90
4
 70
1
 10
4.947651e-10
 20
1.1933707e-09
 10
4.947651e-10
 20
18.00000000119337
 10
498.0000000004947
 20
18.00000000119331
 10
498.0000000004947
 20
1.1933139e-09
  0
LWPOLYLINE
  5
4D3
330
4C6
100
AcDbEntity
  8
LN-ELEVATION-2
100
AcDbPolyline
 90
4
 70
1
 10
4.947651e-10
 20
633.0000000011933
 10
4.947651e-10
 20
615.0000000011933
 10
498.0000000004947
 20
615.0000000011933
 10
498.0000000004947
 20
633.0000000011931
  0
LWPOLYLINE
  5
4D4
330
4C6
100
AcDbEntity
  8
LN-ELEVATION-2
100
AcDbPolyline
 90
4
 70
1
 10
4.947651e-10
 20
18.00000000119325
 10
4.947651e-10
 20
615.0000000011933
 10
18.00000000049476
 20
615.0000000011933
 10
18.00000000049476
 20
18.00000000119325
  0
LWPOLYLINE
  5
4D5
330
4C6
100
AcDbEntity
  8
LN-ELEVATION-2
100
AcDbPolyline
 90
4
 70
1
 10
500.0000000004948
 20
318.0000000011933
 10
500.0000000004948
 20
633.0000000011931
 10
518.0000000004947
 20
633.0000000011931
 10
518.0000000004947
 20
318.0000000011933
  0
LWPOLYLINE
  5
4D6
330
4C6
100
AcDbEntity
  8
LN-ELEVATION-2
100
AcDbPolyline
 90
4
 70
1
 10
518.0000000004947
 20
1.1933139e-09
 10
518.0000000004947
 20
315.0000000011933
 10
500.0000000004948
 20
315.0000000011933
 10
500.0000000004948
 20
1.1933139e-09
  0
LWPOLYLINE
  5
4D7
330
4C6
100
AcDbEntity
  8
LN-ELEVATION-2
100
AcDbPolyline
 90
4
 70
1
 10
18.00000000049476
 20
307.5000000011933
 10
18.00000000049476
 20
325.5000000011933
 10
500.0000000004948
 20
325.5000000011933
 10
500.0000000004948
 20
307.5000000011933
  0
LWPOLYLINE
  5
4D8
330
4C6
100
AcDbEntity
  8
HIDDEN LINE
  6
ACAD_ISO03W100
 62
20
100
AcDbPolyline
 90
4
 70
1
 10
617.2337672342837
 20
333.4976470221591
 10
501.264255785878
 20
626.3731707756233
 10
518.0000000004947
 20
633.0000000011931
 10
633.9695114489004
 20
340.124476247729
  0
LWPOLYLINE
  5
4D9
330
4C6
100
AcDbEntity
  8
HIDDEN LINE
  6
ACAD_ISO03W100
 62
20
100
AcDbPolyline
 90
4
 70
1
 10
617.2337672342837
 20
299.5023529802275
 10
501.264255785878
 20
6.626829226763277
 10
518.0000000004947
 20
1.1933139e-09
 10
633.9695114489004
 20
292.8755237546575
  0
ARC
  5
4DA
330
4C6
100
AcDbEntity
  8
HIDDEN LINE
  6
ACAD_ISO03W100
 62
20
100
AcDbCircle
 10
516.2795804065535
 20
654.4693054270756
 30
0.0
 40
336.4737037828586
100
AcDbArc
 50
270.2929596276738
 51
287.459758717895
  0
ARC
  5
4DB
330
4C6
100
AcDbEntity
  8
HIDDEN LINE
  6
ACAD_ISO03W100
 62
20
100
AcDbCircle
 10
518.0000000004947
 20
1.1933139e-09
 30
0.0
 40
314.9999999991237
100
AcDbArc
 50
71.67381838442049
 51
90.0
  0
LWPOLYLINE
  5
4DC
330
4C6
100
AcDbEntity
  8
HIDDEN LINE
  6
ACAD_ISO03W100
 62
20
100
AcDbPolyline
 90
4
 70
1
 10
264.808818476653
 20
277.5000000011934
 10
264.808818476653
 20
37.50000000119332
 10
419.8088184766529
 20
37.50000000119332
 10
419.8088184766529
 20
277.5000000011933
  0
LWPOLYLINE
  5
4DD
330
4C6
100
AcDbEntity
  8
HIDDEN LINE
  6
ACAD_ISO03W100
 62
20
100
AcDbPolyline
 90
4
 70
1
 10
171.2247772531118
 20
398.0000000011934
 10
471.2247772531118
 20
398.0000000011933
 10
471.2247772531118
 20
553.0000000011931
 10
171.2247772531118
 20
553.0000000011933
  0
ENDBLK
  5
4C8
330
4C6
100
AcDbEntity
  8
0
100
AcDbBlockEnd
  0
BLOCK
  5
4DF
330
4DE
100
AcDbEntity
  8
0
100
AcDbBlockBegin
  2
sfeqwef
 70
0
 10
0.0
 20
0.0
 30
0.0
  3
sfeqwef
  1

  0
LINE
  5
4E1
330
4DE
100
AcDbEntity
  8
Steps
100
AcDbLine
 10
-8483.0
 20
-1450.380918949842
 30
0.0
 11
-8483.0
 21
-12530.00000000001
 31
0.0
  0
LINE
  5
4E2
330
4DE
100
AcDbEntity
  8
Steps
100
AcDbLine
 10
-8733.0
 20
-1450.380918949842
 30
0.0
 11
-8733.0
 21
-12530.00000000001
 31
0.0
  0
LINE
  5
4E3
330
4DE
100
AcDbEntity
  8
Steps
100
AcDbLine
 10
-8733.0
 20
-1450.380918949842
 30
0.0
 11
-8233.0
 21
-1450.380918949842
 31
0.0
  0
HATCH
  5
4E4
330
4DE
100
AcDbEntity
  8
LENS_HATCH_WALL
 62
7
100
AcDbHatch
 10
0.0
 20
0.0
 30
0.0
210
0.0
220
0.0
230
1.0
  2
ANSI32
 70
0
 71
0
 91
8
 92
3
 72
0
 73
1
 93
6
 10
0.0
 20
-12780.0
 10
0.0
 20
-11249.0
 10
-250.0
 20
-11249.0
 10
-250.0
 20
-12530.0
 10
-8233.0
 20
-12530.00000000001
 10
-8233.0
 20
-12780.00000000002
 97
0
 92
3
 72
0
 73
1
 93
6
 10
-453.0
 20
-11018.0
 10
-453.0
 20
-10867.99999999999
 10
-1823.0
 20
-10867.99999999999
 10
-1823.0
 20
-11089.99999999999
 10
-1673.0
 20
-11089.99999999999
 10
-1673.0
 20
-11018.0
 97
0
 92
3
 72
0
 73
1
 93
4
 10
-1673.0
 20
-11771.0
 10
-1673.0
 20
-11089.99999999999
 10
-1823.0
 20
-11089.99999999999
 10
-1823.0
 20
-11771.0
 97
0
 92
3
 72
0
 73
1
 93
4
 10
0.0
 20
-10609.0
 10
0.0
 20
-8548.0
 10
-250.0
 20
-8548.0
 10
-250.0
 20
-10609.0
 97
0
 92
3
 72
0
 73
1
 93
5
 10
0.0
 20
-8321.999999999998
 10
0.0
 20
-469.0
 10
-250.0
 20
-469.0
 10
-250.0
 20
-6707.0
 10
-250.0
 20
-8321.999999999998
 97
0
 92
3
 72
0
 73
1
 93
4
 10
-471.0
 20
-250.0
 10
-471.0
 20
0.0
 10
-4033.0
 20
0.0
 10
-4033.0
 20
-250.0000000000073
 97
0
 92
3
 72
0
 73
1
 93
4
 10
-4683.0
 20
-250.0000000000073
 10
-4683.0
 20
-7.276e-12
 10
-7574.0
 20
-7.276e-12
 10
-7574.0
 20
-250.0000000000073
 97
0
 92
3
 72
0
 73
1
 93
4
 10
-8083.0
 20
-2517.0
 10
-8083.0
 20
-469.0
 10
-8233.0
 20
-469.0
 10
-8233.0
 20
-2517.0
 97
0
 75
0
 76
1
 98
0
  0
LINE
  5
4E5
330
4DE
100
AcDbEntity
  8
wall
 62
1
100
AcDbLine
 10
-250.0
 20
-469.0
 30
0.0
 11
-250.0
 21
-6707.0
 31
0.0
  0
HATCH
  5
4E6
330
4DE
100
AcDbEntity
  8
Column hatch
 62
7
100
AcDbHatch
 10
0.0
 20
0.0
 30
0.0
210
0.0
220
0.0
230
1.0
  2
SOLID
 70
1
 71
0
 91
0
 75
0
 76
1
 98
0
  0
HATCH
  5
4E7
330
4DE
100
AcDbEntity
  8
Column hatch
 62
7
100
AcDbHatch
 10
0.0
 20
0.0
 30
0.0
210
0.0
220
0.0
230
1.0
  2
SOLID
 70
1
 71
0
 91
6
 92
3
 72
0
 73
1
 93
4
 10
-4033.0
 20
-10609.0
 10
-4033.0
 20
-10590.0
 10
-4683.0
 20
-10590.0
 10
-4683.0
 20
-10609.0
 97
0
 92
3
 72
0
 73
1
 93
4
 10
-4033.0
 20
-11089.99999999999
 10
-4033.0
 20
-10609.0
 10
-4683.0
 20
-10609.0
 10
-4683.0
 20
-11090.0
 97
0
 92
3
 72
0
 73
1
 93
5
 10
0.0
 20
-11249.0
 10
0.0
 20
-10609.0
 10
-453.0
 20
-10609.0
 10
-453.0
 20
-10867.99999999999
 10
-453.0
 20
-11249.0
 97
0
 92
3
 72
0
 73
1
 93
4
 10
0.0
 20
-8548.0
 10
0.0
 20
-8321.999999999998
 10
-500.0
 20
-8321.999999999998
 10
-500.0
 20
-8548.0
 97
0
 92
3
 72
0
 73
1
 93
4
 10
-4216.499999999999
 20
-8546.000000000004
 10
-4216.499999999999
 20
-8322.000000000005
 10
-4516.499999999999
 20
-8322.000000000005
 10
-4516.499999999999
 20
-8546.000000000004
 97
0
 92
3
 72
0
 73
1
 93
4
 10
-7593.0
 20
-11090.0
 10
-7593.0
 20
-10590.0
 10
-8233.0
 20
-10590.0
 10
-8233.0
 20
-11090.0
 97
0
 75
0
 76
1
 98
0
  0
LINE
  5
4E8
330
4DE
100
AcDbEntity
  8
wall
 62
1
100
AcDbLine
 10
0.0
 20
0.0
 30
0.0
 11
0.0
 21
-12780.0
 31
0.0
  0
LINE
  5
4E9
330
4DE
100
AcDbEntity
  8
wall
 62
1
100
AcDbLine
 10
-250.0
 20
-6707.0
 30
0.0
 11
-250.0
 21
-8321.999999999998
 31
0.0
  0
LINE
  5
4EA
330
4DE
100
AcDbEntity
  8
Column
100
AcDbLine
 10
-7983.0
 20
-7973.000000000006
 30
0.0
 11
-8233.0
 21
-7973.000000000006
 31
0.0
  0
LINE
  5
4EB
330
4DE
100
AcDbEntity
  8
Column
100
AcDbLine
 10
-7983.0
 20
-3017.0
 30
0.0
 11
-8233.0
 21
-3016.999999999993
 31
0.0
  0
LINE
  5
4EC
330
4DE
100
AcDbEntity
  8
Column
100
AcDbLine
 10
-7983.0
 20
-2517.000000000007
 30
0.0
 11
-8233.0
 21
-2517.0
 31
0.0
  0
LINE
  5
4ED
330
4DE
100
AcDbEntity
  8
Mirror
100
AcDbLine
 10
-7983.0
 20
-8546.000000000004
 30
0.0
 11
-7983.0
 21
-7973.000000000006
 31
0.0
  0
LINE
  5
4EE
330
4DE
100
AcDbEntity
  8
Column
100
AcDbLine
 10
-7983.0
 20
-3017.0
 30
0.0
 11
-7983.0
 21
-2517.000000000007
 31
0.0
  0
LINE
  5
4EF
330
4DE
100
AcDbEntity
  8
wall
 62
1
100
AcDbLine
 10
-8083.0
 20
-2517.0
 30
0.0
 11
-8083.0
 21
-469.0
 31
0.0
  0
LINE
  5
4F0
330
4DE
100
AcDbEntity
  8
Column
100
AcDbLine
 10
-7574.0
 20
-469.0000000000073
 30
0.0
 11
-7574.0
 21
-7.276e-12
 31
0.0
  0
LINE
  5
4F1
330
4DE
100
AcDbEntity
  8
Column
100
AcDbLine
 10
-4683.0
 20
-469.0000000000073
 30
0.0
 11
-4683.0
 21
-7.276e-12
 31
0.0
  0
LINE
  5
4F2
330
4DE
100
AcDbEntity
  8
Column
100
AcDbLine
 10
-4033.0
 20
-469.0000000000073
 30
0.0
 11
-4033.0
 21
0.0
 31
0.0
  0
LINE
  5
4F3
330
4DE
100
AcDbEntity
  8
Column
100
AcDbLine
 10
-471.0
 20
-469.0
 30
0.0
 11
-471.0
 21
0.0
 31
0.0
  0
LINE
  5
4F4
330
4DE
100
AcDbEntity
  8
Column
100
AcDbLine
 10
-8233.0
 20
-8546.000000000004
 30
0.0
 11
-8233.0
 21
-7973.000000000006
 31
0.0
  0
LINE
  5
4F5
330
4DE
100
AcDbEntity
  8
wall
 62
1
100
AcDbLine
 10
-8233.0
 20
-3016.999999999993
 30
0.0
 11
-8233.0
 21
0.0
 31
0.0
  0
LINE
  5
4F6
330
4DE
100
AcDbEntity
  8
wall
 62
1
100
AcDbLine
 10
-7574.0
 20
-250.0000000000073
 30
0.0
 11
-4683.0
 21
-250.0000000000073
 31
0.0
  0
LINE
  5
4F7
330
4DE
100
AcDbEntity
  8
wall
 62
1
100
AcDbLine
 10
-8233.0
 20
0.0
 30
0.0
 11
0.0
 21
0.0
 31
0.0
  0
LINE
  5
4F8
330
4DE
100
AcDbEntity
  8
wall
 62
1
100
AcDbLine
 10
-4033.0
 20
-250.0000000000073
 30
0.0
 11
-471.0
 21
-250.0
 31
0.0
  0
LINE
  5
4F9
330
4DE
100
AcDbEntity
  8
Column
100
AcDbLine
 10
-8233.0
 20
-469.0
 30
0.0
 11
-7574.0
 21
-469.0000000000073
 31
0.0
  0
LINE
  5
4FA
330
4DE
100
AcDbEntity
  8
Column
100
AcDbLine
 10
-4033.0
 20
-469.0000000000073
 30
0.0
 11
-4683.0
 21
-469.0000000000073
 31
0.0
  0
LINE
  5
4FB
330
4DE
100
AcDbEntity
  8
Column
100
AcDbLine
 10
-471.0
 20
-469.0
 30
0.0
 11
0.0
 21
-469.0
 31
0.0
  0
LINE
  5
4FC
330
4DE
100
AcDbEntity
  8
wall
 62
1
100
AcDbLine
 10
-1673.0
 20
-11018.0
 30
0.0
 11
-1673.0
 21
-11771.0
 31
0.0
  0
LINE
  5
4FD
330
4DE
100
AcDbEntity
  8
wall
 62
1
100
AcDbLine
 10
-1823.0
 20
-10867.99999999999
 30
0.0
 11
-1823.0
 21
-11771.0
 31
0.0
  0
LINE
  5
4FE
330
4DE
100
AcDbEntity
  8
Column
100
AcDbLine
 10
-500.0
 20
-8321.999999999998
 30
0.0
 11
-500.0
 21
-8548.0
 31
0.0
  0
LINE
  5
4FF
330
4DE
100
AcDbEntity
  8
Column
100
AcDbLine
 10
-7983.0
 20
-8546.000000000004
 30
0.0
 11
-8233.0
 21
-8546.000000000004
 31
0.0
  0
LINE
  5
500
330
4DE
100
AcDbEntity
  8
Column
100
AcDbLine
 10
-7593.0
 20
-10590.0
 30
0.0
 11
-8233.0
 21
-10590.0
 31
0.0
  0
LINE
  5
501
330
4DE
100
AcDbEntity
  8
Column
100
AcDbLine
 10
-7593.0
 20
-11090.0
 30
0.0
 11
-8233.0
 21
-11090.0
 31
0.0
  0
LINE
  5
502
330
4DE
100
AcDbEntity
  8
Column
100
AcDbLine
 10
0.0
 20
-8548.0
 30
0.0
 11
-500.0
 21
-8548.0
 31
0.0
  0
LINE
  5
503
330
4DE
100
AcDbEntity
  8
Column
100
AcDbLine
 10
0.0
 20
-10609.0
 30
0.0
 11
-453.0
 21
-10609.0
 31
0.0
  0
LINE
  5
504
330
4DE
100
AcDbEntity
  8
Column
100
AcDbLine
 10
0.0
 20
-11249.0
 30
0.0
 11
-453.0
 21
-11249.0
 31
0.0
  0
LINE
  5
505
330
4DE
100
AcDbEntity
  8
Column
100
AcDbLine
 10
-7593.0
 20
-11090.0
 30
0.0
 11
-7593.0
 21
-10590.0
 31
0.0
  0
LINE
  5
506
330
4DE
100
AcDbEntity
  8
wall
 62
1
100
AcDbLine
 10
-8233.0
 20
-12530.00000000001
 30
0.0
 11
-250.0
 21
-12530.0
 31
0.0
  0
LINE
  5
507
330
4DE
100
AcDbEntity
  8
wall
 62
1
100
AcDbLine
 10
-1823.0
 20
-11771.0
 30
0.0
 11
-1673.0
 21
-11771.0
 31
0.0
  0
LINE
  5
508
330
4DE
100
AcDbEntity
  8
wall
 62
1
100
AcDbLine
 10
-1823.0
 20
-10867.99999999999
 30
0.0
 11
-453.0
 21
-10867.99999999999
 31
0.0
  0
LINE
  5
509
330
4DE
100
AcDbEntity
  8
wall
 62
1
100
AcDbLine
 10
-1673.0
 20
-11018.0
 30
0.0
 11
-453.0
 21
-11018.0
 31
0.0
  0
LINE
  5
50A
330
4DE
100
AcDbEntity
  8
Column
100
AcDbLine
 10
-4683.0
 20
-11090.0
 30
0.0
 11
-4683.0
 21
-11090.0
 31
0.0
  0
LINE
  5
50B
330
4DE
100
AcDbEntity
  8
Column
100
AcDbLine
 10
-4683.0
 20
-11090.0
 30
0.0
 11
-4683.0
 21
-10590.0
 31
0.0
  0
LINE
  5
50C
330
4DE
100
AcDbEntity
  8
Column
100
AcDbLine
 10
-4683.0
 20
-10590.0
 30
0.0
 11
-4033.0
 21
-10590.0
 31
0.0
  0
LINE
  5
50D
330
4DE
100
AcDbEntity
  8
Column
100
AcDbLine
 10
-4033.0
 20
-10590.0
 30
0.0
 11
-4033.0
 21
-11089.99999999999
 31
0.0
  0
LINE
  5
50E
330
4DE
100
AcDbEntity
  8
Column
100
AcDbLine
 10
-453.0
 20
-10609.0
 30
0.0
 11
-453.0
 21
-10867.99999999999
 31
0.0
  0
LINE
  5
50F
330
4DE
100
AcDbEntity
  8
Column
100
AcDbLine
 10
-453.0
 20
-10867.99999999999
 30
0.0
 11
-453.0
 21
-11249.0
 31
0.0
  0
LINE
  5
510
330
4DE
100
AcDbEntity
  8
Column
100
AcDbLine
 10
-4033.0
 20
-11089.99999999999
 30
0.0
 11
-4683.0
 21
-11090.0
 31
0.0
  0
LINE
  5
511
330
4DE
100
AcDbEntity
  8
Column
100
AcDbLine
 10
-4216.499999999999
 20
-8322.000000000005
 30
0.0
 11
-4216.499999999999
 21
-8546.000000000004
 31
0.0
  0
LINE
  5
512
330
4DE
100
AcDbEntity
  8
Column
100
AcDbLine
 10
-4516.499999999999
 20
-8322.000000000005
 30
0.0
 11
-4516.499999999999
 21
-8546.000000000004
 31
0.0
  0
LINE
  5
513
330
4DE
100
AcDbEntity
  8
Column
100
AcDbLine
 10
-4516.499999999999
 20
-8546.000000000004
 30
0.0
 11
-4216.499999999999
 21
-8546.000000000004
 31
0.0
  0
LINE
  5
514
330
4DE
100
AcDbEntity
  8
Column
100
AcDbLine
 10
-8233.0
 20
-11090.0
 30
0.0
 11
-8233.0
 21
-10590.0
 31
0.0
  0
LINE
  5
515
330
4DE
100
AcDbEntity
  8
wall
 62
1
100
AcDbLine
 10
-250.0
 20
-8548.0
 30
0.0
 11
-250.0
 21
-10609.0
 31
0.0
  0
LINE
  5
516
330
4DE
100
AcDbEntity
  8
wall
 62
1
100
AcDbLine
 10
-250.0
 20
-11249.0
 30
0.0
 11
-250.0
 21
-12530.0
 31
0.0
  0
LINE
  5
517
330
4DE
100
AcDbEntity
  8
wall
 62
1
100
AcDbLine
 10
-8233.0
 20
-12530.00000000001
 30
0.0
 11
-8233.0
 21
-12780.00000000002
 31
0.0
  0
LINE
  5
518
330
4DE
100
AcDbEntity
  8
wall
 62
1
100
AcDbLine
 10
-8233.0
 20
-12780.00000000002
 30
0.0
 11
0.0
 21
-12780.0
 31
0.0
  0
LINE
  5
519
330
4DE
100
AcDbEntity
  8
Steps
100
AcDbLine
 10
-8233.0
 20
-12530.00000000001
 30
0.0
 11
-8733.0
 21
-12530.00000000001
 31
0.0
  0
LWPOLYLINE
  5
51A
330
4DE
100
AcDbEntity
  8
beam
  6
HIDDEN
100
AcDbPolyline
 90
4
 70
1
 10
-7983.0
 20
-7973.000000000006
 10
-8233.0
 20
-7973.000000000006
 10
-8233.0
 20
-3016.999999999993
 10
-7983.0
 20
-3017.0
  0
LWPOLYLINE
  5
51B
330
4DE
100
AcDbEntity
  8
beam
  6
HIDDEN
100
AcDbPolyline
 90
4
 70
1
 10
-7983.0
 20
-8546.000000000004
 10
-8233.0
 20
-8546.000000000004
 10
-8233.0
 20
-10590.0
 10
-7983.0
 20
-10590.0
  0
LWPOLYLINE
  5
51C
330
4DE
100
AcDbEntity
  8
beam
  6
HIDDEN
100
AcDbPolyline
 90
4
 70
1
 10
-7983.0
 20
-12530.00000000001
 10
-8233.0
 20
-12530.00000000001
 10
-8233.0
 20
-11090.0
 10
-7983.0
 20
-11090.0
  0
LWPOLYLINE
  5
51D
330
4DE
100
AcDbEntity
  8
shutter
  6
ACAD_ISO03W100
 62
5
100
AcDbPolyline
 90
4
 70
1
 10
-8257.225110914558
 20
-8017.331999301916
 10
-8238.051401365548
 20
-8017.331999301916
 10
-8238.051401350647
 20
-2972.663904782385
 10
-8257.225110884758
 20
-2972.663904782385
  0
LWPOLYLINE
  5
51E
330
4DE
100
AcDbEntity
  8
shutter
100
AcDbPolyline
 90
9
 70
0
 10
-8233.000000014901
 20
-7972.995904084301
 10
-8233.000000018625
 20
-8022.995904088025
 10
-8261.918517444285
 20
-8022.995904088025
 10
-8261.918517440557
 20
-7972.995904080575
 10
-8257.225110914558
 20
-7972.995904080575
 10
-8257.225110914558
 20
-8017.331999301916
 10
-8238.051401365548
 20
-8017.331999301916
 10
-8238.051401372999
 20
-7972.999999992556
 10
-8233.000000022352
 20
-7973.000000000006
  0
LWPOLYLINE
  5
51F
330
4DE
100
AcDbEntity
  8
shutter
100
AcDbPolyline
 90
9
 70
0
 10
-8233.0
 20
-3016.999999999993
 10
-8232.999999996275
 20
-2966.999999996275
 10
-8261.91851742193
 20
-2966.999999996275
 10
-8261.91851741448
 20
-3016.999999996267
 10
-8257.225110884758
 20
-3016.999999999993
 10
-8257.225110884758
 20
-2972.663904782385
 10
-8238.051401350647
 20
-2972.663904782385
 10
-8238.051401350647
 20
-3016.995904091738
 10
-8232.999999992548
 20
-3016.995904088013
  0
LWPOLYLINE
  5
520
330
4DE
100
AcDbEntity
  8
shutter
  6
ACAD_ISO03W100
 62
5
100
AcDbPolyline
 90
4
 70
1
 10
-8257.225110914558
 20
-8501.668000698093
 10
-8238.051401365548
 20
-8501.668000698093
 10
-8238.051401350647
 20
-10634.33609521762
 10
-8257.225110884758
 20
-10634.33609521762
  0
LWPOLYLINE
  5
521
330
4DE
100
AcDbEntity
  8
shutter
100
AcDbPolyline
 90
9
 70
0
 10
-8233.000000014901
 20
-8546.00409591571
 10
-8233.000000018625
 20
-8496.004095911985
 10
-8261.918517444285
 20
-8496.004095911985
 10
-8261.918517440557
 20
-8546.004095919436
 10
-8257.225110914558
 20
-8546.004095919436
 10
-8257.225110914558
 20
-8501.668000698093
 10
-8238.051401365548
 20
-8501.668000698093
 10
-8238.051401372999
 20
-8546.000000007456
 10
-8233.000000022352
 20
-8546.000000000004
  0
LWPOLYLINE
  5
522
330
4DE
100
AcDbEntity
  8
shutter
100
AcDbPolyline
 90
9
 70
0
 10
-8233.0
 20
-10590.0
 10
-8232.999999996275
 20
-10640.00000000373
 10
-8261.91851742193
 20
-10640.00000000373
 10
-8261.91851741448
 20
-10590.00000000373
 10
-8257.225110884758
 20
-10590.0
 10
-8257.225110884758
 20
-10634.33609521762
 10
-8238.051401350647
 20
-10634.33609521762
 10
-8238.051401350647
 20
-10590.00409590826
 10
-8232.999999992548
 20
-10590.00409591198
  0
LWPOLYLINE
  5
523
330
4DE
100
AcDbEntity
  8
shutter
  6
ACAD_ISO03W100
 62
5
100
AcDbPolyline
 90
4
 70
1
 10
-8257.225110899657
 20
-12574.33609521763
 10
-8238.051401350647
 20
-12574.33609521763
 10
-8238.051401350647
 20
-11045.66390478239
 10
-8257.225110884758
 20
-11045.66390478239
  0
LWPOLYLINE
  5
524
330
4DE
100
AcDbEntity
  8
shutter
100
AcDbPolyline
 90
9
 70
0
 10
-8233.0
 20
-12530.00000000001
 10
-8233.000000003725
 20
-12580.00000000374
 10
-8261.918517429382
 20
-12580.00000000374
 10
-8261.918517425656
 20
-12529.99999999629
 10
-8257.225110899657
 20
-12529.99999999629
 10
-8257.225110899657
 20
-12574.33609521763
 10
-8238.051401350647
 20
-12574.33609521763
 10
-8238.051401358098
 20
-12530.00409590827
 10
-8233.00000000745
 20
-12530.00409591572
  0
LWPOLYLINE
  5
525
330
4DE
100
AcDbEntity
  8
shutter
100
AcDbPolyline
 90
9
 70
0
 10
-8233.0
 20
-11090.0
 10
-8232.999999996275
 20
-11039.99999999628
 10
-8261.91851742193
 20
-11039.99999999628
 10
-8261.91851741448
 20
-11089.99999999628
 10
-8257.225110884758
 20
-11090.0
 10
-8257.225110884758
 20
-11045.66390478239
 10
-8238.051401350647
 20
-11045.66390478239
 10
-8238.051401350647
 20
-11089.99590409175
 10
-8232.999999992548
 20
-11089.99590408802
  0
INSERT
  5
526
330
4DE
100
AcDbEntity
  8
door
100
AcDbBlockReference
  2
*U32
 10
-1780301.356605392
 20
-559977.2632527417
 30
0.0
 41
-1.0
 50
270.0
  0
MTEXT
  5
528
330
4DE
100
AcDbEntity
  8
text
  6
Continuous
100
AcDbMText
 10
-782.6036113835871
 20
-11661.85492028505
 30
26.08448101327958
 40
100.0
 41
583.8658862521431
 71
1
  1
\pxqc;EXISTING TOILET
  0
LWPOLYLINE
  5
529
330
4DE
100
AcDbEntity
  8
LENS_PARTITION
100
AcDbPolyline
 90
4
 70
1
 10
-2673.0
 20
-12530.0
 10
-2573.0
 20
-12530.0
 10
-2573.0
 20
-9879.999999999998
 10
-2673.0
 20
-9879.999999999998
  0
LWPOLYLINE
  5
52A
330
4DE
100
AcDbEntity
  8
LENS_CURTAIN
100
AcDbPolyline
 90
4
 70
1
 10
-1823.0
 20
-918.9999999962747
 10
-1823.0
 20
-1668.999999996275
 10
-1723.0
 20
-1668.999999996275
 10
-1723.0
 20
-918.9999999962747
  0
LWPOLYLINE
  5
52B
330
4DE
100
AcDbEntity
  8
LENS_PARTITION
100
AcDbPolyline
 90
4
 70
1
 10
-1723.0
 20
-918.9999999962747
 10
-1823.0
 20
-918.9999999962747
 10
-1823.0
 20
-250.0
 10
-1723.0
 20
-250.0
  0
LWPOLYLINE
  5
52C
330
4DE
100
AcDbEntity
  8
LENS_CURTAIN
100
AcDbPolyline
 90
4
 70
1
 10
-1823.0
 20
-3054.632637910543
 10
-1823.0
 20
-3804.632637910543
 10
-1723.0
 20
-3804.632637910543
 10
-1723.0
 20
-3054.632637910543
  0
LWPOLYLINE
  5
52D
330
4DE
100
AcDbEntity
  8
LENS_CURTAIN
100
AcDbPolyline
 90
4
 70
1
 10
-1823.0
 20
-7071.999999999999
 10
-1823.0
 20
-7821.999999999999
 10
-1723.0
 20
-7821.999999999999
 10
-1723.0
 20
-7071.999999999999
  0
LWPOLYLINE
  5
52E
330
4DE
100
AcDbEntity
  8
LENS_PARTITION
100
AcDbPolyline
 90
4
 70
1
 10
-1723.0
 20
-7071.999999999999
 10
-1823.0
 20
-7071.999999999999
 10
-1823.0
 20
-3804.632637910543
 10
-1723.0
 20
-3804.632637910543
  0
LWPOLYLINE
  5
52F
330
4DE
100
AcDbEntity
  8
LENS_PARTITION
100
AcDbPolyline
 90
4
 70
1
 10
-1723.0
 20
-5368.999999999998
 10
-250.0
 20
-5368.999999999998
 10
-250.0
 20
-5468.999999999998
 10
-1723.0
 20
-5468.999999999998
  0
LWPOLYLINE
  5
530
330
4DE
100
AcDbEntity
  8
LENS_PARTITION
100
AcDbPolyline
 90
4
 70
1
 10
-1723.0
 20
-2869.0
 10
-250.0
 20
-2869.0
 10
-250.0
 20
-2969.0
 10
-1723.0
 20
-2969.0
  0
LWPOLYLINE
  5
531
330
4DE
100
AcDbEntity
  8
LENS_PARTITION
100
AcDbPolyline
 90
4
 70
1
 10
-1723.0
 20
-7921.999999999998
 10
-250.0
 20
-7921.999999999998
 10
-250.0
 20
-7821.999999999999
 10
-1723.0
 20
-7821.999999999999
  0
LWPOLYLINE
  5
532
330
4DE
100
AcDbEntity
  8
LENS_PARTITION
100
AcDbPolyline
 90
4
 70
1
 10
-1723.0
 20
-7821.999999999999
 10
-1823.0
 20
-7821.999999999999
 10
-1823.0
 20
-10118.0
 10
-1723.0
 20
-10118.0
  0
LWPOLYLINE
  5
533
330
4DE
100
AcDbEntity
  8
LENS_PARTITION
100
AcDbPolyline
 90
4
 70
1
 10
-1723.0
 20
-3054.632637910543
 10
-1823.0
 20
-3054.632637910543
 10
-1823.0
 20
-1668.999999996275
 10
-1723.0
 20
-1668.999999996275
  0
LWPOLYLINE
  5
534
330
4DE
100
AcDbEntity
  8
LENS_CURTAIN
100
AcDbPolyline
 90
4
 70
1
 10
-1823.0
 20
-10118.0
 10
-1823.0
 20
-10867.99999999999
 10
-1723.0
 20
-10867.99999999999
 10
-1723.0
 20
-10118.0
  0
INSERT
  5
535
330
4DE
100
AcDbEntity
  8
door
100
AcDbBlockReference
  2
*U25
 10
-1780299.359138045
 20
-558315.2632527422
 30
0.0
 41
-0.9999999999999998
 42
0.9999999999999998
 50
270.0
  0
LWPOLYLINE
  5
537
330
4DE
100
AcDbEntity
  8
LENS_CURTAIN
100
AcDbPolyline
 90
4
 70
1
 10
-1823.0
 20
-9879.999999999998
 10
-2573.0
 20
-9879.999999999998
 10
-2573.0
 20
-9979.999999999998
 10
-1823.0
 20
-9979.999999999998
  0
LWPOLYLINE
  5
538
330
4DE
100
AcDbEntity
  8
LK-FLUTTED FINISH
  6
ACAD_ISO03W100
100
AcDbPolyline
 90
2
 70
0
 10
-1835.0
 20
-7821.999999999999
 10
-1835.0
 20
-3054.632637910543
  0
LWPOLYLINE
  5
539
330
4DE
100
AcDbEntity
  8
Mirror
100
AcDbPolyline
 90
3
 70
0
 10
-2673.0
 20
-9873.999999999998
 10
-1829.0
 20
-9873.999999999998
 10
-1829.0
 20
-7821.999999999999
  0
LWPOLYLINE
  5
53A
330
4DE
100
AcDbEntity
  8
Mirror
100
AcDbPolyline
 90
4
 70
1
 10
-4027.0
 20
-10584.0
 10
-4027.0
 20
-11096.0
 10
-4689.0
 20
-11096.0
 10
-4689.0
 20
-10584.0
  0
LWPOLYLINE
  5
53B
330
4DE
100
AcDbEntity
  8
Mirror
100
AcDbPolyline
 90
4
 70
1
 10
-4210.5
 20
-8315.999999999998
 10
-4210.5
 20
-8551.999999999996
 10
-4522.499999999999
 20
-8551.999999999996
 10
-4522.499999999999
 20
-8315.999999999998
  0
LWPOLYLINE
  5
53C
330
4DE
100
AcDbEntity
  8
Mirror
100
AcDbPolyline
 90
2
 70
0
 10
-7977.0
 20
-8545.999999999996
 10
-7977.0
 20
-7972.999999999998
  0
LWPOLYLINE
  5
53D
330
4DE
100
AcDbEntity
  8
Mirror
100
AcDbPolyline
 90
4
 70
0
 10
-7983.0
 20
-11096.0
 10
-7587.0
 20
-11096.0
 10
-7587.0
 20
-10584.0
 10
-7983.0
 20
-10584.0
  0
LWPOLYLINE
  5
53E
330
4DE
100
AcDbEntity
  8
Mirror
100
AcDbPolyline
 90
2
 70
0
 10
-1830.835032640956
 20
-3053.330760702602
 10
-1828.999998450512
 20
-499.9956879132642
  0
HATCH
  5
53F
330
4DE
100
AcDbEntity
  8
IM-ANNO-HATCH
 62
7
100
AcDbHatch
 10
0.0
 20
0.0
 30
0.0
210
0.0
220
0.0
230
1.0
  2
CORK
 70
0
 71
0
 91
0
 75
0
 76
1
 98
0
  0
LWPOLYLINE
  5
540
330
4DE
100
AcDbEntity
  8
Mirror
100
AcDbPolyline
 90
2
 70
0
 10
-4683.0
 20
-500.0000000000036
 10
-4033.0
 20
-500.0000000000036
  0
LWPOLYLINE
  5
541
330
4DE
100
AcDbEntity
  8
Mirror
100
AcDbPolyline
 90
2
 70
0
 10
-4683.0
 20
-506.0000000000036
 10
-4033.0
 20
-506.0000000000036
  0
HATCH
  5
542
330
4DE
100
AcDbEntity
  8
IM-ANNO-HATCH
 62
7
100
AcDbHatch
 10
0.0
 20
0.0
 30
0.0
210
0.0
220
0.0
230
1.0
  2
CORK
 70
0
 71
0
 91
0
 75
0
 76
1
 98
0
  0
HATCH
  5
543
330
4DE
100
AcDbEntity
  8
IM-ANNO-HATCH
 62
7
100
AcDbHatch
 10
0.0
 20
0.0
 30
0.0
210
0.0
220
0.0
230
1.0
  2
CORK
 70
0
 71
0
 91
0
 75
0
 76
1
 98
0
  0
HATCH
  5
544
330
4DE
100
AcDbEntity
  8
IM-ANNO-HATCH
 62
7
100
AcDbHatch
 10
0.0
 20
0.0
 30
0.0
210
0.0
220
0.0
230
1.0
  2
CORK
 70
0
 71
0
 91
0
 75
0
 76
1
 98
0
  0
HATCH
  5
545
330
4DE
100
AcDbEntity
  8
IM-ANNO-HATCH
 62
7
100
AcDbHatch
 10
0.0
 20
0.0
 30
0.0
210
0.0
220
0.0
230
1.0
  2
CORK
 70
0
 71
0
 91
0
 75
0
 76
1
 98
0
  0
HATCH
  5
546
330
4DE
100
AcDbEntity
  8
IM-ANNO-HATCH
 62
7
100
AcDbHatch
 10
0.0
 20
0.0
 30
0.0
210
0.0
220
0.0
230
1.0
  2
CORK
 70
0
 71
0
 91
0
 75
0
 76
1
 98
0
  0
HATCH
  5
547
330
4DE
100
AcDbEntity
  8
IM-ANNO-HATCH
 62
7
100
AcDbHatch
 10
0.0
 20
0.0
 30
0.0
210
0.0
220
0.0
230
1.0
  2
CORK
 70
0
 71
0
 91
0
 75
0
 76
1
 98
0
  0
HATCH
  5
548
330
4DE
100
AcDbEntity
  8
IM-ANNO-HATCH
 62
7
100
AcDbHatch
 10
0.0
 20
0.0
 30
0.0
210
0.0
220
0.0
230
1.0
  2
CORK
 70
0
 71
0
 91
0
 75
0
 76
1
 98
0
  0
HATCH
  5
549
330
4DE
100
AcDbEntity
  8
IM-ANNO-HATCH
 62
7
100
AcDbHatch
 10
0.0
 20
0.0
 30
0.0
210
0.0
220
0.0
230
1.0
  2
CORK
 70
0
 71
0
 91
0
 75
0
 76
1
 98
0
  0
LWPOLYLINE
  5
54A
330
4DE
100
AcDbEntity
  8
LENS_PARTITION
100
AcDbPolyline
 90
4
 70
1
 10
-4683.0
 20
-500.0000000000036
 10
-4033.0
 20
-500.0000000000036
 10
-4033.0
 20
-469.0000000000036
 10
-4683.0
 20
-469.0000000000036
  0
LWPOLYLINE
  5
54B
330
4DE
100
AcDbEntity
  8
Mirror
100
AcDbPolyline
 90
3
 70
0
 10
-2673.0
 20
-9879.999999999998
 10
-1823.0
 20
-9879.999999999998
 10
-1823.0
 20
-7821.999999999999
  0
LWPOLYLINE
  5
54C
330
4DE
100
AcDbEntity
  8
Mirror
100
AcDbPolyline
 90
2
 70
0
 10
-1824.835034190444
 20
-3053.33507278934
 10
-1823.0
 20
-500.0
  0
LWPOLYLINE
  5
54D
330
4DE
100
AcDbEntity
  8
Mirror
100
AcDbPolyline
 90
4
 70
1
 10
-4033.0
 20
-10590.0
 10
-4033.0
 20
-11089.99999999999
 10
-4683.0
 20
-11089.99999999999
 10
-4683.0
 20
-10590.0
  0
LWPOLYLINE
  5
54E
330
4DE
100
AcDbEntity
  8
Mirror
100
AcDbPolyline
 90
4
 70
0
 10
-7983.0
 20
-11089.99999999999
 10
-7593.0
 20
-11089.99999999999
 10
-7593.0
 20
-10590.0
 10
-7983.0
 20
-10590.0
  0
LWPOLYLINE
  5
54F
330
4DE
100
AcDbEntity
  8
Mirror
100
AcDbPolyline
 90
2
 70
0
 10
-7983.0
 20
-8545.999999999996
 10
-7983.0
 20
-7972.999999999998
  0
LWPOLYLINE
  5
550
330
4DE
100
AcDbEntity
  8
Mirror
100
AcDbPolyline
 90
4
 70
1
 10
-4216.499999999999
 20
-8321.999999999998
 10
-4216.499999999999
 20
-8545.999999999996
 10
-4516.499999999999
 20
-8545.999999999996
 10
-4516.499999999999
 20
-8321.999999999998
  0
LWPOLYLINE
  5
551
330
4DE
100
AcDbEntity
  8
LENS_PARTITION
100
AcDbPolyline
 90
8
 70
1
 10
-7383.0
 20
-500.0000000000018
 10
-7733.0
 20
-500.0000000000018
 10
-7733.0
 20
-507.0000000000018
 10
-7983.0
 20
-507.0000000000018
 10
-7983.0
 20
-469.0000000000018
 10
-7574.0
 20
-469.0000000000018
 10
-7574.0
 20
-250.0000000000018
 10
-7383.0
 20
-250.0000000000018
  0
LWPOLYLINE
  5
552
330
4DE
100
AcDbEntity
  8
LENS_PARTITION
100
AcDbPolyline
 90
4
 70
1
 10
-7403.0
 20
-480.0000000000018
 10
-7554.0
 20
-480.0000000000018
 10
-7554.0
 20
-270.0000000000018
 10
-7403.0
 20
-270.0000000000018
  0
HATCH
  5
553
330
4DE
100
AcDbEntity
  8
IM-ANNO-HATCH
 62
7
100
AcDbHatch
 10
0.0
 20
0.0
 30
0.0
210
0.0
220
0.0
230
1.0
  2
CORK
 70
0
 71
0
 91
2
 92
3
 72
0
 73
1
 93
11
 10
-7383.0
 20
-500.0000000000018
 10
-7383.0
 20
-494.0000000000018
 10
-7383.0
 20
-450.0000000000018
 10
-7383.0
 20
-250.0000000000073
 10
-7574.0
 20
-250.0000000000073
 10
-7574.0
 20
-469.0000000000073
 10
-7983.0
 20
-469.0000000000054
 10
-7983.0
 20
-507.0000000009331
 10
-7793.0
 20
-507.0000000009331
 10
-7733.0
 20
-507.0000000000018
 10
-7733.0
 20
-500.0000000000018
 97
0
 92
3
 72
0
 73
1
 93
4
 10
-7554.0
 20
-480.0000000000018
 10
-7554.0
 20
-270.0000000000018
 10
-7403.0
 20
-270.0000000000018
 10
-7403.0
 20
-480.0000000000018
 97
0
 75
0
 76
1
 98
0
  0
LWPOLYLINE
  5
554
330
4DE
100
AcDbEntity
  8
Mirror
100
AcDbPolyline
 90
2
 70
0
 10
-7383.0
 20
-500.0000000000018
 10
-7733.0
 20
-500.0000000000018
  0
LWPOLYLINE
  5
555
330
4DE
100
AcDbEntity
  8
Mirror
100
AcDbPolyline
 90
2
 70
0
 10
-7383.0
 20
-506.0000000000018
 10
-7733.0
 20
-506.0000000000018
  0
ENDBLK
  5
4E0
330
4DE
100
AcDbEntity
  8
0
100
AcDbBlockEnd
  0
BLOCK
  5
557
330
556
100
AcDbEntity
  8
0
100
AcDbBlockBegin
  2
A$C7517c4b3
 70
0
 10
0.0
 20
0.0
 30
0.0
  3
A$C7517c4b3
  1

  0
HATCH
  5
559
330
556
100
AcDbEntity
  8
LENS_HATCH
 62
7
100
AcDbHatch
 10
0.0
 20
0.0
 30
0.0
210
0.0
220
0.0
230
1.0
  2
STIP1
 70
0
 71
0
 91
0
 75
0
 76
1
 98
0
  0
LWPOLYLINE
  5
55A
330
556
100
AcDbEntity
  8
LN-ELEVATION-5
  6
HIDDEN2
100
AcDbPolyline
 90
4
 70
1
 10
560.0
 20
40.0
 10
-560.0000000009313
 20
40.0
 10
-560.0000000009313
 20
445.0
 10
560.0
 20
445.0
  0
LWPOLYLINE
  5
55B
330
556
100
AcDbEntity
  8
LN-ELEVATION-5
100
AcDbPolyline
 90
8
 70
1
 10
-590.0
 20
0.0
 10
590.0
 20
0.0
 10
600.0
 20
10.0
 10
600.0
 20
475.0
 10
590.0
 20
485.0
 10
-590.0
 20
485.0
 10
-600.0
 20
475.0
 10
-600.0
 20
10.0
  0
LWPOLYLINE
  5
55C
330
556
100
AcDbEntity
  8
LN-ELEVATION-5
100
AcDbPolyline
 90
4
 70
1
 10
-585.0
 20
15.0
 10
585.0
 20
15.0
 10
585.0
 20
470.0
 10
-585.0
 20
470.0
  0
LWPOLYLINE
  5
55D
330
556
100
AcDbEntity
  8
LN-ELEVATION-2
100
AcDbPolyline
 90
4
 70
1
 10
-585.0000000009313
 20
15.0
 10
0.0
 20
15.0
 10
0.0
 20
470.0
 10
-585.0000000009313
 20
470.0
  0
LWPOLYLINE
  5
55E
330
556
100
AcDbEntity
  8
LN-ELEVATION-2
100
AcDbPolyline
 90
4
 70
1
 10
585.0
 20
15.0
 10
0.0
 20
15.0
 10
0.0
 20
470.0
 10
585.0
 20
470.0
  0
ENDBLK
  5
558
330
556
100
AcDbEntity
  8
0
100
AcDbBlockEnd
  0
ENDSEC
  0
SECTION
  2
ENTITIES
  0
INSERT
  5
55F
330
17
100
AcDbEntity
  8
0
100
AcDbBlockReference
  2
sfeqwef
 10
9275.38785767823
 20
-1028288.728956791
 30
0.0
 50
90.0
  0
LWPOLYLINE
  5
561
330
17
100
AcDbEntity
  8
Glass-FrontGlazing
100
AcDbPolyline
 90
4
 70
1
 10
17248.38785767823
 20
-1036401.728956791
 10
17248.38785767823
 20
-1036391.72895679
 10
12292.38785767823
 20
-1036391.72895679
 10
12292.38785767823
 20
-1036401.728956791
  0
INSERT
  5
562
330
17
100
AcDbEntity
  8
Glass-FrontGlazing
100
AcDbBlockReference
  2
Entrance Door
 10
15203.70067918941
 20
-1036449.180758888
 30
0.0
 41
-0.8748098701440421
 42
0.8748098701440421
 43
0.8748098701440421
 50
179.9995481538582
  0
LWPOLYLINE
  5
564
330
17
100
AcDbEntity
  8
Glass-FrontGlazing
100
AcDbPolyline
 90
4
 70
1
 10
17821.38785767823
 20
-1036401.728956791
 10
17821.38785767823
 20
-1036391.72895679
 10
19865.38785767823
 20
-1036391.72895679
 10
19865.38785767823
 20
-1036401.728956791
  0
LWPOLYLINE
  5
565
330
17
100
AcDbEntity
  8
Glass-FrontGlazing
100
AcDbPolyline
 90
4
 70
1
 10
21805.38785767823
 20
-1036401.728956791
 10
21805.38785767823
 20
-1036391.72895679
 10
20365.38785767823
 20
-1036391.72895679
 10
20365.38785767823
 20
-1036401.728956791
  0
INSERT
  5
566
330
17
100
AcDbEntity
  8
0
100
AcDbBlockReference
  2
CLINIC - CABINET SINK
 10
9969.387857678228
 20
-1029138.088500364
 30
0.0
 41
-1.0
 50
90.0
  0
INSERT
  5
568
330
17
100
AcDbEntity
  8
LENS_PARTITION
100
AcDbBlockReference
  2
CLINIC SCREEN
 10
9858.280077661271
 20
-1028913.72895679
 30
0.0
 50
90.0
  0
INSERT
  5
56A
330
17
100
AcDbEntity
  8
LENS_PARTITION
100
AcDbBlockReference
  2
servgewrgtrs
 10
11709.99286094575
 20
-1028913.72895679
 30
0.0
 41
-1.0
  0
INSERT
  5
56C
330
17
100
AcDbEntity
  8
Floor-Unit
100
AcDbBlockReference
  2
GFCHGFD
 10
10948.2212543058
 20
-1036166.52693286
 30
0.0
 50
180.0
  0
INSERT
  5
56E
330
17
100
AcDbEntity
  8
Floor-Unit
100
AcDbBlockReference
  2
GFCHGFD
 10
9630.589881608845
 20
-1034327.562353417
 30
0.0
 50
90.0
  0
INSERT
  5
570
330
17
100
AcDbEntity
  8
Floor-Unit
100
AcDbBlockReference
  2
dfbdfhq
 10
19143.59304331883
 20
-1030961.72895679
 30
0.0
 41
-1.0
  0
MTEXT
  5
572
330
17
100
AcDbEntity
  8
LENS_TEXT
  6
Continuous
100
AcDbMText
 10
11677.21319305047
 20
-1035922.038984028
 30
0.0
 40
100.0
 41
244.6773255813953
 71
1
  1
\pxql;LK-AIR
  0
MTEXT
  5
573
330
17
100
AcDbEntity
  8
LENS_TEXT
  6
Continuous
100
AcDbMText
 10
10340.71319305047
 20
-1035922.038984028
 30
0.0
 40
100.0
 41
244.6773255813953
 71
1
  1
\pxql;LK-AIR
  0
MTEXT
  5
574
330
17
100
AcDbEntity
  8
LENS_TEXT
  6
Continuous
100
AcDbMText
 10
10925.71319305047
 20
-1035922.038984028
 30
0.0
 40
100.0
 41
244.6773255813953
 71
1
  1
\pxql;Mirror
  0
MTEXT
  5
575
330
17
100
AcDbEntity
  8
LENS_TEXT
  6
Continuous
100
AcDbMText
 10
9862.573658167268
 20
-1035057.707588682
 30
0.0
 40
100.0
 41
244.6773255813953
 71
1
  1
\pxql;LK-AIR
  0
MTEXT
  5
576
330
17
100
AcDbEntity
  8
LENS_TEXT
  6
Continuous
100
AcDbMText
 10
9862.573658167268
 20
-1033633.207588682
 30
0.0
 40
100.0
 41
244.6773255813953
 71
1
  1
\pxql;VC-EYE
  0
MTEXT
  5
577
330
17
100
AcDbEntity
  8
LENS_TEXT
  6
Continuous
100
AcDbMText
 10
19631.90922579064
 20
-1031298.914757279
 30
0.0
 40
100.0
 41
271.7848837209302
 71
1
  1
\pxql;C.LENS
  0
INSERT
  5
578
330
17
100
AcDbEntity
  8
Floor-Unit
100
AcDbBlockReference
  2
GFCHGFD
 10
21700.18583374762
 20
-1034967.562353418
 30
0.0
 41
-1.0
 50
270.0
  0
MTEXT
  5
57A
330
17
100
AcDbEntity
  8
LENS_TEXT
  6
Continuous
100
AcDbMText
 10
21472.81628926739
 20
-1034956.078249315
 30
0.0
 40
100.0
 41
271.7848837209302
 71
1
  1
\pxql;Mirror
  0
MTEXT
  5
57B
330
17
100
AcDbEntity
  8
LENS_TEXT
  6
Continuous
100
AcDbMText
 10
21472.81628926739
 20
-1033042.213430831
 30
0.0
 40
100.0
 41
271.7848837209302
 71
1
  1
\pxql;JJ-EYE
  0
INSERT
  5
57C
330
17
100
AcDbEntity
  8
Floor-Unit
100
AcDbBlockReference
  2
GFCHGFD
 10
21700.18583374763
 20
-1032267.562353416
 30
0.0
 41
-1.0
 50
270.0
  0
MTEXT
  5
57E
330
17
100
AcDbEntity
  8
LENS_TEXT
  6
Continuous
100
AcDbMText
 10
21492.81628926739
 20
-1032256.078249315
 30
0.0
 40
100.0
 41
271.7848837209302
 71
1
  1
\pxql;Mirror
  0
MTEXT
  5
57F
330
17
100
AcDbEntity
  8
LENS_TEXT
  6
Continuous
100
AcDbMText
 10
20512.57009292648
 20
-1031292.800107251
 30
0.0
 40
100.0
 41
271.7848837209302
 71
1
  1
\pxql;JJ-SUN
  0
INSERT
  5
580
330
17
100
AcDbEntity
  8
Floor-Unit
100
AcDbBlockReference
  2
GFCHGFD
 10
21411.22125430766
 20
-1031066.930980721
 30
0.0
 41
-1.0
  0
MTEXT
  5
582
330
17
100
AcDbEntity
  8
LENS_TEXT
  6
Continuous
100
AcDbMText
 10
21399.73715020611
 20
-1031274.300525201
 30
0.0
 40
100.0
 41
271.7848837209302
 71
1
  1
\pxql;Mirror
  0
MTEXT
  5
583
330
17
100
AcDbEntity
  8
LENS_TEXT
  6
Continuous
100
AcDbMText
 10
21472.81628926739
 20
-1035691.340384239
 30
0.0
 40
100.0
 41
271.7848837209302
 71
1
  1
\pxql;JJ-EYE
  0
MTEXT
  5
584
330
17
100
AcDbEntity
  8
LENS_TEXT
  6
Continuous
100
AcDbMText
 10
21472.81628926739
 20
-1034133.340384239
 30
0.0
 40
100.0
 41
271.7848837209302
 71
1
  1
\pxql;JJ-EYE
  0
MTEXT
  5
585
330
17
100
AcDbEntity
  8
LENS_TEXT
  6
Continuous
100
AcDbMText
 10
21477.81628926739
 20
-1031806.340384239
 30
0.0
 40
100.0
 41
271.7848837209302
 71
1
  1
\pxql;OD-EYE
  0
LWPOLYLINE
  5
586
330
17
100
AcDbEntity
  8
Floor-Unit
  6
ByBlock
100
AcDbPolyline
 90
4
 70
1
 10
13546.2041766335
 20
-1030833.72895679
 10
13941.2041766335
 20
-1030833.72895679
 10
13941.2041766335
 20
-1031413.72895679
 10
13546.2041766335
 20
-1031413.72895679
  0
MTEXT
  5
587
330
17
100
AcDbEntity
  8
LENS_TEXT
100
AcDbMText
 10
13655.2455222347
 20
-1031059.738635121
 30
0.0
 40
110.0
 41
237.4408088319178
 71
1
  1
AR
  0
INSERT
  5
588
330
17
100
AcDbEntity
  8
Floor-Unit
  6
ByBlock
100
AcDbBlockReference
  2
Chair
 10
478838.4083307822
 20
-1014782.368166157
 30
0.0
 41
-0.7920000000000125
 42
0.7920000000000125
 43
0.7920000000000125
  0
INSERT
  5
58A
330
17
100
AcDbEntity
  8
Floor-Unit
100
AcDbBlockReference
  2
D-Table-1200
 10
11125.38785767823
 20
-1034885.22895679
 30
0.0
 41
-1.0
 50
90.0
  0
MTEXT
  5
58C
330
17
100
AcDbEntity
  8
LENS_TEXT
  6
Continuous
100
AcDbMText
 10
11355.87858420133
 20
-1034234.35686378
 30
0.0
 40
100.0
 41
551.3633720930231
 71
1
  1
\pxql;DISCUSSION TABLE
  0
INSERT
  5
58D
330
17
100
AcDbEntity
  8
Floor-Unit
100
AcDbBlockReference
  2
D-Table-1200
 10
11575.38785767823
 20
-1031585.22895679
 30
0.0
 41
-1.0
 50
270.0
  0
MTEXT
  5
58F
330
17
100
AcDbEntity
  8
LENS_TEXT
  6
Continuous
100
AcDbMText
 10
11344.89713115513
 20
-1032236.101049801
 30
0.0
 40
100.0
 41
551.3633720930231
 71
1
  1
\pxql;DISCUSSION TABLE
  0
INSERT
  5
590
330
17
100
AcDbEntity
  8
Floor-Unit
100
AcDbBlockReference
  2
R-Table-1200
 10
17697.38785767823
 20
-1030120.596680829
 30
0.0
  0
INSERT
  5
592
330
17
100
AcDbEntity
  8
Floor-Unit
100
AcDbBlockReference
  2
blu zero rack details
 10
140748.8046141741
 20
-1120378.427657475
 30
0.0
 50
90.0
  0
MTEXT
  5
594
330
17
100
AcDbEntity
  8
LENS_TEXT
100
AcDbMText
 10
19918.66252630099
 20
-1034345.736971387
 30
0.0
 40
100.0
 41
357.25
 71
1
  1
\pxqc,t8;Blu zero
  0
INSERT
  5
595
330
17
100
AcDbEntity
  8
Floor-Unit
100
AcDbBlockReference
  2
GFHFD
 10
21585.38785767823
 20
-1035519.669791603
 30
0.0
 50
270.0
  0
INSERT
  5
597
330
17
100
AcDbEntity
  8
Floor-Unit
100
AcDbBlockReference
  2
GFHFD
 10
21585.38785767823
 20
-1034403.788121978
 30
0.0
 41
-1.0
 50
270.0
  0
INSERT
  5
599
330
17
100
AcDbEntity
  8
Floor-Unit
100
AcDbBlockReference
  2
GFHFD
 10
21585.38785767823
 20
-1032819.669791603
 30
0.0
 50
270.0
  0
INSERT
  5
59B
330
17
100
AcDbEntity
  8
Floor-Unit
100
AcDbBlockReference
  2
dfbdfhq
 10
21805.38785767823
 20
-1031199.934142427
 30
0.0
 41
-1.0
 50
270.0
  0
INSERT
  5
59D
330
17
100
AcDbEntity
  8
Floor-Unit
100
AcDbBlockReference
  2
GFHFD
 10
20463.32869249478
 20
-1031181.72895679
 30
0.0
  0
INSERT
  5
59F
330
17
100
AcDbEntity
  8
Floor-Unit
100
AcDbBlockReference
  2
12MM VC PLAN
 10
12292.38785767823
 20
-1036021.728956791
 30
0.0
 41
-1.0
 50
180.0
  0
INSERT
  5
5A1
330
17
100
AcDbEntity
  8
Floor-Unit
100
AcDbBlockReference
  2
1010MM VC PLAN
 10
10287.55452434614
 20
-1036247.728956791
 30
0.0
 41
-1.0
 50
180.0
  0
INSERT
  5
5A3
330
17
100
AcDbEntity
  8
Floor-Unit
100
AcDbBlockReference
  2
12MM VC PLAN
 10
9775.38785767823
 20
-1035671.72895679
 30
0.0
 41
-1.0
 50
90.0
  0
INSERT
  5
5A5
330
17
100
AcDbEntity
  8
Floor-Unit
100
AcDbBlockReference
  2
12MM VC PLAN
 10
9775.38785767823
 20
-1032971.728956791
 30
0.0
 50
90.0
  0
INSERT
  5
5A7
330
17
100
AcDbEntity
  8
Floor-Unit
100
AcDbBlockReference
  2
12MM VC PLAN
 10
9775.38785767823
 20
-1031121.72895679
 30
0.0
 50
90.0
  0
INSERT
  5
5A9
330
17
100
AcDbEntity
  8
Floor-Unit
100
AcDbBlockReference
  2
1010MM VC PLAN
 10
9549.387857678232
 20
-1030616.895623458
 30
0.0
 41
-1.0
 50
90.0
  0
MTEXT
  5
5AB
330
17
100
AcDbEntity
  8
LENS_TEXT
  6
Continuous
100
AcDbMText
 10
9862.573658167268
 20
-1031699.707588682
 30
0.0
 40
100.0
 41
244.6773255813953
 71
1
  1
\pxql;VC-EYE
  0
MTEXT
  5
5AC
330
17
100
AcDbEntity
  8
LENS_TEXT
  6
Continuous
100
AcDbMText
 10
9862.573658167268
 20
-1030635.207588682
 30
0.0
 40
100.0
 41
244.6773255813953
 71
1
  1
\pxql;VC-EYE
  0
INSERT
  5
5AD
330
17
100
AcDbEntity
  8
Floor-Unit
100
AcDbBlockReference
  2
D-Table-1200
 10
19865.38785767823
 20
-1034171.72895679
 30
0.0
 41
-1.0
 50
90.0
  0
MTEXT
  5
5AF
330
17
100
AcDbEntity
  8
LENS_TEXT
  6
Continuous
100
AcDbMText
 10
20095.87858420133
 20
-1033520.85686378
 30
0.0
 40
100.0
 41
551.3633720930231
 71
1
  1
\pxql;DISCUSSION TABLE
  0
MTEXT
  5
5B0
330
17
100
AcDbEntity
  8
LENS_TEXT
  6
Continuous
100
AcDbMText
 10
14000.08800673752
 20
-1034426.441780129
 30
0.0
 40
100.0
 41
244.6773255813953
 71
1
  1
\pxql;HOOPER
  0
MTEXT
  5
5B1
330
17
100
AcDbEntity
  8
LENS_TEXT
  6
Continuous
100
AcDbMText
 10
12677.71562517702
 20
-1034426.441780129
 30
0.0
 40
100.0
 41
244.6773255813953
 71
1
  1
\pxql;LK-AIR
  0
MTEXT
  5
5B2
330
17
100
AcDbEntity
  8
LENS_TEXT
  6
Continuous
100
AcDbMText
 10
12677.71562517702
 20
-1033358.374693842
 30
0.0
 40
100.0
 41
244.6773255813953
 71
1
  1
\pxql;VC-EYE
  0
MTEXT
  5
5B3
330
17
100
AcDbEntity
  8
LENS_TEXT
  6
Continuous
100
AcDbMText
 10
15607.9376846262
 20
-1032836.731238348
 30
0.0
 40
100.0
 41
244.6773255813953
 71
1
  1
\pxql;TENTPOLE
  0
MTEXT
  5
5B4
330
17
100
AcDbEntity
  8
LENS_TEXT
  6
Continuous
100
AcDbMText
 10
15615.80554773926
 20
-1034194.193142757
 30
0.0
 40
100.0
 41
244.6773255813953
 71
1
  1
\pxql;HUSTLR
  0
MTEXT
  5
5B5
330
17
100
AcDbEntity
  8
LENS_TEXT
  6
Continuous
100
AcDbMText
 10
18744.56009018316
 20
-1033358.374693843
 30
0.0
 40
100.0
 41
244.6773255813953
 71
1
  1
\pxql;VC-SUN
  0
MTEXT
  5
5B6
330
17
100
AcDbEntity
  8
LENS_TEXT
  6
Continuous
100
AcDbMText
 10
17427.95682998269
 20
-1033358.374693843
 30
0.0
 40
100.0
 41
244.6773255813953
 71
1
  1
\pxql;VC-SUN
  0
INSERT
  5
5B7
330
17
100
AcDbEntity
  8
LENS_PARTITION
100
AcDbBlockReference
  2
CLINIC SCREEN
 10
12640.21781168773
 20
-1028584.621176777
 30
0.0
  0
INSERT
  5
5B9
330
17
100
AcDbEntity
  8
0
100
AcDbBlockReference
  2
A$C18799085
 10
12394.99286094203
 20
-1029461.353578629
 30
0.0
 50
90.0
  0
INSERT
  5
5BB
330
17
100
AcDbEntity
  8
LN-DIMENSION
100
AcDbBlockReference
  2
A$Cd93dec76
 10
12411.32455631986
 20
-1029164.393723624
 30
0.0
 50
90.0
  0
LWPOLYLINE
  5
5BD
330
17
100
AcDbEntity
  8
LN-DIMENSION
100
AcDbPolyline
 90
4
 70
1
 10
13612.79514172568
 20
-1028599.756023904
 10
13749.09247451916
 20
-1028599.756023904
 10
13749.09247451916
 20
-1028727.719946803
 10
13612.79514172568
 20
-1028727.719946803
  0
CIRCLE
  5
5BE
330
17
100
AcDbEntity
  8
LN-DIMENSION
100
AcDbCircle
 10
13682.05274823203
 20
-1028665.782818878
 30
0.0
 40
22.00969815952703
  0
CIRCLE
  5
5BF
330
17
100
AcDbEntity
  8
LN-DIMENSION
100
AcDbCircle
 10
13682.05274823203
 20
-1028665.782818878
 30
0.0
 40
24.94501443160698
  0
INSERT
  5
5C0
330
17
100
AcDbEntity
  8
0
100
AcDbBlockReference
  2
A$C04ba86de
 10
14027.44514714076
 20
-1029460.750121066
 30
0.0
 50
269.9999999999999
  0
INSERT
  5
5C2
330
17
100
AcDbEntity
  8
0
100
AcDbBlockReference
  2
A$C3159410d
 10
14041.77264467522
 20
-1029132.839873096
 30
0.0
 50
269.9999999999999
  0
INSERT
  5
5C4
330
17
100
AcDbEntity
  8
0
100
AcDbBlockReference
  2
A$Cd445213a
 10
14511.56981686398
 20
-1029921.835317446
 30
0.0
 41
-1.0
  0
LWPOLYLINE
  5
5C6
330
17
100
AcDbEntity
  8
0
  6
ACAD_ISO03W100
 62
13
100
AcDbPolyline
 90
3
 70
0
 10
14441.63806989684
 20
-1029391.333442652
 10
12640.21781168773
 20
-1029391.333442652
 10
12640.21781168773
 20
-1028538.72895679
  0
CIRCLE
  5
5C7
330
17
100
AcDbEntity
  8
0
  6
ACAD_ISO03W100
 62
13
100
AcDbCircle
 10
12640.21781168773
 20
-1028518.72895679
 30
0.0
 40
20.0
  0
LWPOLYLINE
  5
5C8
330
17
100
AcDbEntity
  8
0
  6
ACAD_ISO03W100
 62
13
100
AcDbPolyline
 90
4
 70
0
 10
14246.76099838584
 20
-1029764.335317446
 10
14573.11585216864
 20
-1029764.335317446
 10
14573.11585216492
 20
-1028665.782818878
 10
13682.05274823203
 20
-1028665.782818878
  0
LWPOLYLINE
  5
5C9
330
17
100
AcDbEntity
  8
0
  6
ACAD_ISO03W100
 62
13
100
AcDbPolyline
 90
3
 70
0
 10
14441.63806989684
 20
-1029458.592427639
 10
12527.66993413016
 20
-1029458.592427639
 10
12527.66993413016
 20
-1029047.35259966
  0
LWPOLYLINE
  5
5CA
330
17
100
AcDbEntity
  8
0
  6
ACAD_ISO03W100
 62
13
100
AcDbPolyline
 90
2
 70
0
 10
12527.66993413016
 20
-1029047.35259966
 10
12239.3878576745
 20
-1029047.35259966
  0
CIRCLE
  5
5CB
330
17
100
AcDbEntity
  8
0
  6
ACAD_ISO03W100
 62
13
100
AcDbCircle
 10
12222.4256580089
 20
-1029047.35259966
 30
0.0
 40
20.0
  0
MTEXT
  5
5CC
330
17
100
AcDbEntity
  8
LENS_TEXT
  6
Continuous
100
AcDbMText
 10
13204.59000198066
 20
-1029132.4978495
 30
0.0
 40
100.0
 41
551.3633720930231
 71
1
  1
\pxqc;CLINIC-2\PROC
  0
INSERT
  5
5CD
330
17
100
AcDbEntity
  8
LENS_PARTITION
100
AcDbBlockReference
  2
CLINIC SCREEN
 10
17051.49563769519
 20
-1028913.72895679
 30
0.0
 41
-1.0
 50
270.0
  0
INSERT
  5
5CF
330
17
100
AcDbEntity
  8
LENS_PARTITION
100
AcDbBlockReference
  2
servgewrgtrs
 10
15199.7828544107
 20
-1028913.72895679
 30
0.0
  0
INSERT
  5
5D1
330
17
100
AcDbEntity
  8
Floor-Unit
100
AcDbBlockReference
  2
3 SEATER BENCH
 10
11664.40606528043
 20
-1030254.342640208
 30
0.0
 50
179.9999999999999
  0
MTEXT
  5
5D3
330
17
100
AcDbEntity
  8
LENS_TEXT
  6
Continuous
100
AcDbMText
 10
10749.09000198066
 20
-1029132.4978495
 30
0.0
 40
100.0
 41
551.3633720930231
 71
1
  1
\pxqc;CLINIC-1
  0
MTEXT
  5
5D4
330
17
100
AcDbEntity
  8
LENS_TEXT
  6
Continuous
100
AcDbMText
 10
16271.71318174968
 20
-1029069.021693037
 30
0.0
 40
100.0
 41
551.3633720930231
 71
1
  1
\pxqc;CLINIC-3
  0
MTEXT
  5
5D5
330
17
100
AcDbEntity
  8
LENS_TEXT
  6
Continuous
100
AcDbMText
 10
18949.13978368719
 20
-1029252.566011402
 30
0.0
 40
100.0
 41
551.3633720930231
 71
1
  1
\pxqc;STORE
  0
LINE
  5
5D6
330
17
100
AcDbEntity
  8
Floor-Unit
  6
DASHDOT2
100
AcDbLine
 10
19018.37730304419
 20
-1035884.720468329
 30
0.0
 11
19018.37730304419
 21
-1036373.737445248
 31
0.0
  0
MTEXT
  5
5D7
330
17
100
AcDbEntity
  8
Floor-Unit
 62
0
100
AcDbMText
 10
19026.83964653953
 20
-1035900.445016263
 30
0.0
 40
80.0
 41
0.0
 71
1
  1
\pxqc,t3;55" SCREEN
  0
INSERT
  5
5D8
330
17
100
AcDbEntity
  8
Floor-Unit
100
AcDbBlockReference
  2
55 DER4
 10
1154088.327947485
 20
-3147834.322577721
 30
0.0
 50
90.0
  0
INSERT
  5
5DA
330
17
100
AcDbEntity
  8
Floor-Unit
100
AcDbBlockReference
  2
55 DER4
 10
1154088.327947485
 20
1075575.864664135
 30
0.0
 41
-1.0
 50
90.0
  0
CIRCLE
  5
5DC
330
17
100
AcDbEntity
  8
Floor-Unit
100
AcDbCircle
 10
19018.37730304419
 20
-1036129.22895679
 30
0.0
 40
25.0
  0
LWPOLYLINE
  5
5DD
330
17
100
AcDbEntity
  8
Floor-Unit
100
AcDbPolyline
 90
5
 70
0
 10
19005.87730304419
 20
-1036150.879591884
 10
19005.87730304419
 20
-1036216.643900188
 10
19030.87730304419
 20
-1036216.643900188
 10
19030.87730304419
 20
-1036150.879591884
 10
19005.87730304419
 20
-1036150.879591884
  0
LWPOLYLINE
  5
5DE
330
17
100
AcDbEntity
  8
Floor-Unit
100
AcDbPolyline
 90
4
 70
1
 10
18968.37730304419
 20
-1036226.643900187
 10
19068.37730304419
 20
-1036226.643900187
 10
19068.37730304419
 20
-1036216.643900188
 10
18968.37730304419
 20
-1036216.643900188
  0
LWPOLYLINE
  5
5DF
330
17
100
AcDbEntity
  8
Floor-Unit
100
AcDbPolyline
 90
5
 70
0
 10
19005.87730304419
 20
-1036107.578321693
 10
19005.87730304419
 20
-1036041.81401339
 10
19030.87730304419
 20
-1036041.81401339
 10
19030.87730304419
 20
-1036107.578321693
 10
19005.87730304419
 20
-1036107.578321693
  0
LWPOLYLINE
  5
5E0
330
17
100
AcDbEntity
  8
Floor-Unit
100
AcDbPolyline
 90
4
 70
1
 10
18968.37730304419
 20
-1036031.81401339
 10
19068.37730304419
 20
-1036031.81401339
 10
19068.37730304419
 20
-1036041.81401339
 10
18968.37730304419
 20
-1036041.81401339
  0
MTEXT
  5
5E1
330
17
100
AcDbEntity
  8
Floor-Unit
 62
0
100
AcDbMText
 10
19026.83964653953
 20
-1036347.445016263
 30
0.0
 40
80.0
 41
0.0
 71
1
  1
\pxqc,t3;55" SCREEN
  0
LWPOLYLINE
  5
5E2
330
17
100
AcDbEntity
  8
Floor-Unit
100
AcDbPolyline
 90
4
 70
1
 10
18723.38785767823
 20
-1028538.72895679
 10
17823.38785767823
 20
-1028538.72895679
 10
17823.38785767823
 20
-1028988.72895679
 10
18723.38785767823
 20
-1028988.72895679
  0
INSERT
  5
5E3
330
17
100
AcDbEntity
  8
Floor-Unit
100
AcDbBlockReference
  2
DFGHTHRTWE
 10
18423.38785767823
 20
-1029063.72895679
 30
0.0
  0
MTEXT
  5
5E5
330
17
100
AcDbEntity
  8
LENS_TEXT
  6
Continuous
100
AcDbMText
 10
18374.81973933696
 20
-1028766.738803552
 30
0.0
 40
100.0
 41
783.9636358173434
 71
1
  1
\pxqc;QC TABLE
  0
LWPOLYLINE
  5
5E6
330
17
100
AcDbEntity
  8
Floor-Unit
100
AcDbPolyline
 90
4
 70
1
 10
19884.38785767823
 20
-1028538.72895679
 10
18984.38785767823
 20
-1028538.72895679
 10
18984.38785767823
 20
-1028988.72895679
 10
19884.38785767823
 20
-1028988.72895679
  0
MTEXT
  5
5E7
330
17
100
AcDbEntity
  8
LENS_TEXT
  6
Continuous
100
AcDbMText
 10
19457.15096162155
 20
-1028734.940391106
 30
0.0
 40
100.0
 41
1099.486866972408
 71
1
  1
\pxqc;UPS RACK
  0
LWPOLYLINE
  5
5E8
330
17
100
AcDbEntity
  8
Floor-Unit
100
AcDbPolyline
 90
4
 70
1
 10
18097.38785767823
 20
-1030011.72895679
 10
18997.38785767823
 20
-1030011.72895679
 10
18997.38785767823
 20
-1029561.72895679
 10
18097.38785767823
 20
-1029561.72895679
  0
MTEXT
  5
5E9
330
17
100
AcDbEntity
  8
LENS_TEXT
  6
Continuous
100
AcDbMText
 10
18558.02802555158
 20
-1029707.049930063
 30
0.0
 40
100.0
 41
1099.486866972408
 71
1
  1
\pxqc;STORAGE RACK
  0
LWPOLYLINE
  5
5EA
330
17
100
AcDbEntity
  8
Floor-Unit
100
AcDbPolyline
 90
4
 70
1
 10
17197.38785767823
 20
-1030011.72895679
 10
18097.38785767823
 20
-1030011.72895679
 10
18097.38785767823
 20
-1029561.72895679
 10
17197.38785767823
 20
-1029561.72895679
  0
MTEXT
  5
5EB
330
17
100
AcDbEntity
  8
LENS_TEXT
  6
Continuous
100
AcDbMText
 10
17677.44291725661
 20
-1029723.242522917
 30
0.0
 40
100.0
 41
1099.486866972408
 71
1
  1
\pxqc;STAFF RACK
  0
LWPOLYLINE
  5
5EC
330
17
100
AcDbEntity
  8
Floor-Unit
100
AcDbPolyline
 90
4
 70
1
 10
17597.38785767823
 20
-1028938.72895679
 10
17597.38785767823
 20
-1028538.72895679
 10
17197.38785767823
 20
-1028538.72895679
 10
17197.38785767823
 20
-1028938.72895679
  0
MTEXT
  5
5ED
330
17
100
AcDbEntity
  8
LENS_TEXT
  6
Continuous
100
AcDbMText
 10
17436.54331815697
 20
-1028921.6026652
 30
0.0
 40
100.0
 41
352.216247797943
 71
1
  1
\pxqc;water dispenser 
  0
MTEXT
  5
5EE
330
17
100
AcDbEntity
  8
LENS_TEXT
  6
Continuous
100
AcDbMText
 10
9862.573658167268
 20
-1034328.207588682
 30
0.0
 40
100.0
 41
244.6773255813953
 71
1
  1
\pxql;Mirror
  0
INSERT
  5
5EF
330
17
100
AcDbEntity
  8
Floor-Unit
100
AcDbBlockReference
  2
POS1800
 10
14841.2041766335
 20
-1031131.72895679
 30
0.0
  0
MTEXT
  5
5F1
330
17
100
AcDbEntity
  8
LENS_TEXT
  6
Continuous
100
AcDbMText
 10
18744.56009018316
 20
-1034451.374693843
 30
0.0
 40
100.0
 41
244.6773255813953
 71
1
  1
\pxql;VC-SUN
  0
MTEXT
  5
5F2
330
17
100
AcDbEntity
  8
LENS_TEXT
  6
Continuous
100
AcDbMText
 10
17427.95682998269
 20
-1034451.374693843
 30
0.0
 40
100.0
 41
244.6773255813953
 71
1
  1
\pxql;VC-SUN
  0
MTEXT
  5
5F3
330
17
100
AcDbEntity
  8
LENS_TEXT
  6
Continuous
100
AcDbMText
 10
14000.08800673752
 20
-1033366.941780129
 30
0.0
 40
100.0
 41
244.6773255813953
 71
1
  1
\pxql;HOOPER
  0
LINE
  5
5F4
330
17
100
AcDbEntity
  8
Floor-Unit
  6
DASHDOT2
100
AcDbLine
 10
17832.87936921313
 20
-1033845.228956791
 30
0.0
 11
18321.89634613215
 21
-1033845.228956791
 31
0.0
  0
MTEXT
  5
5F5
330
17
100
AcDbEntity
  8
Floor-Unit
 62
0
100
AcDbMText
 10
17848.60391714691
 20
-1033836.766613296
 30
0.0
 40
80.0
 41
0.0
 71
1
  1
\pxqc,t3;55" SCREEN
  0
INSERT
  5
5F6
330
17
100
AcDbEntity
  8
Floor-Unit
100
AcDbBlockReference
  2
55 DER4
 10
2129782.481478605
 20
101224.7216876498
 30
0.0
 50
180.0
  0
INSERT
  5
5F8
330
17
100
AcDbEntity
  8
Floor-Unit
100
AcDbBlockReference
  2
55 DER4
 10
-2093627.705763252
 20
101224.7216876498
 30
0.0
 41
-1.0
 50
180.0
  0
CIRCLE
  5
5FA
330
17
100
AcDbEntity
  8
Floor-Unit
100
AcDbCircle
 10
18077.3878576745
 20
-1033845.228956791
 30
0.0
 40
25.0
  0
LWPOLYLINE
  5
5FB
330
17
100
AcDbEntity
  8
Floor-Unit
100
AcDbPolyline
 90
5
 70
0
 10
18099.03849276795
 20
-1033857.728956791
 10
18164.80280107155
 20
-1033857.728956791
 10
18164.80280107155
 20
-1033832.728956791
 10
18099.03849276795
 20
-1033832.728956791
 10
18099.03849276795
 20
-1033857.728956791
  0
LWPOLYLINE
  5
5FC
330
17
100
AcDbEntity
  8
Floor-Unit
100
AcDbPolyline
 90
4
 70
1
 10
18174.80280107155
 20
-1033895.228956791
 10
18174.80280107155
 20
-1033795.228956791
 10
18164.80280107155
 20
-1033795.228956791
 10
18164.80280107155
 20
-1033895.228956791
  0
LWPOLYLINE
  5
5FD
330
17
100
AcDbEntity
  8
Floor-Unit
100
AcDbPolyline
 90
5
 70
0
 10
18055.73722257733
 20
-1033857.728956791
 10
17989.97291427373
 20
-1033857.728956791
 10
17989.97291427373
 20
-1033832.728956791
 10
18055.73722257733
 20
-1033832.728956791
 10
18055.73722257733
 20
-1033857.728956791
  0
LWPOLYLINE
  5
5FE
330
17
100
AcDbEntity
  8
Floor-Unit
100
AcDbPolyline
 90
4
 70
1
 10
17979.97291427373
 20
-1033895.228956791
 10
17979.97291427373
 20
-1033795.228956791
 10
17989.97291427373
 20
-1033795.228956791
 10
17989.97291427373
 20
-1033895.228956791
  0
MTEXT
  5
5FF
330
17
100
AcDbEntity
  8
Floor-Unit
 62
0
100
AcDbMText
 10
18295.60391714691
 20
-1033836.766613296
 30
0.0
 40
80.0
 41
0.0
 71
1
  1
\pxqc,t3;55" SCREEN
  0
LINE
  5
600
330
17
100
AcDbEntity
  8
Floor-Unit
  6
DASHDOT2
100
AcDbLine
 10
13100.37936922803
 20
-1033845.22895679
 30
0.0
 11
13589.39634614705
 21
-1033845.22895679
 31
0.0
  0
MTEXT
  5
601
330
17
100
AcDbEntity
  8
Floor-Unit
 62
0
100
AcDbMText
 10
13116.10391716182
 20
-1033836.766613295
 30
0.0
 40
80.0
 41
0.0
 71
1
  1
\pxqc,t3;55" SCREEN
  0
INSERT
  5
602
330
17
100
AcDbEntity
  8
Floor-Unit
100
AcDbBlockReference
  2
55 DER4
 10
2125049.981478619
 20
101224.7216876503
 30
0.0
 50
180.0
  0
INSERT
  5
604
330
17
100
AcDbEntity
  8
Floor-Unit
100
AcDbBlockReference
  2
55 DER4
 10
-2098360.205763237
 20
101224.7216876503
 30
0.0
 41
-1.0
 50
180.0
  0
CIRCLE
  5
606
330
17
100
AcDbEntity
  8
Floor-Unit
100
AcDbCircle
 10
13344.8878576894
 20
-1033845.22895679
 30
0.0
 40
25.0
  0
LWPOLYLINE
  5
607
330
17
100
AcDbEntity
  8
Floor-Unit
100
AcDbPolyline
 90
5
 70
0
 10
13366.53849278286
 20
-1033857.72895679
 10
13432.30280108645
 20
-1033857.72895679
 10
13432.30280108645
 20
-1033832.728956791
 10
13366.53849278286
 20
-1033832.728956791
 10
13366.53849278286
 20
-1033857.72895679
  0
LWPOLYLINE
  5
608
330
17
100
AcDbEntity
  8
Floor-Unit
100
AcDbPolyline
 90
4
 70
1
 10
13442.30280108645
 20
-1033895.22895679
 10
13442.30280108645
 20
-1033795.22895679
 10
13432.30280108645
 20
-1033795.22895679
 10
13432.30280108645
 20
-1033895.22895679
  0
LWPOLYLINE
  5
609
330
17
100
AcDbEntity
  8
Floor-Unit
100
AcDbPolyline
 90
5
 70
0
 10
13323.23722259223
 20
-1033857.72895679
 10
13257.47291428863
 20
-1033857.72895679
 10
13257.47291428863
 20
-1033832.728956791
 10
13323.23722259223
 20
-1033832.728956791
 10
13323.23722259223
 20
-1033857.72895679
  0
LWPOLYLINE
  5
60A
330
17
100
AcDbEntity
  8
Floor-Unit
100
AcDbPolyline
 90
4
 70
1
 10
13247.47291428863
 20
-1033895.22895679
 10
13247.47291428863
 20
-1033795.22895679
 10
13257.47291428863
 20
-1033795.22895679
 10
13257.47291428863
 20
-1033895.22895679
  0
MTEXT
  5
60B
330
17
100
AcDbEntity
  8
Floor-Unit
 62
0
100
AcDbMText
 10
13563.10391716182
 20
-1033836.766613295
 30
0.0
 40
80.0
 41
0.0
 71
1
  1
\pxqc,t3;55" SCREEN
  0
INSERT
  5
60C
330
17
100
AcDbEntity
  8
Dim-Interior
100
AcDbBlockReference
  2
A$C7517c4b3
 10
18191.38785767823
 20
-1032499.22895679
 30
0.0
  0
INSERT
  5
60E
330
17
100
AcDbEntity
  8
0
100
AcDbBlockReference
  2
A$Cf47e29e2
 10
18021.70035767264
 20
-1033901.228956791
 30
0.0
 41
-1.0
 50
180.0
  0
INSERT
  5
610
330
17
100
AcDbEntity
  8
0
100
AcDbBlockReference
  2
A$Cf47e29e2
 10
18021.70035767264
 20
-1033789.228956791
 30
0.0
  0
INSERT
  5
612
330
17
100
AcDbEntity
  8
0
100
AcDbBlockReference
  2
A$Cf47e29e2
 10
13289.20035767823
 20
-1033901.228956791
 30
0.0
 41
-1.0
 50
180.0
  0
INSERT
  5
614
330
17
100
AcDbEntity
  8
0
100
AcDbBlockReference
  2
A$Cf47e29e2
 10
13289.20035767823
 20
-1033789.22895679
 30
0.0
  0
INSERT
  5
616
330
17
100
AcDbEntity
  8
0
100
AcDbBlockReference
  2
A$Cf47e29e2
 10
15263.38785870268
 20
-1033466.543738348
 30
0.0
 50
270.0
  0
MTEXT
  5
618
330
17
100
AcDbEntity
  8
LENS_TEXT
100
AcDbMText
 10
17176.70711972751
 20
-1030616.260857701
 30
0.0
 40
62.70967710301212
 41
491.9999999999945
 71
1
  1
\pxqc;LENSOMETER
  0
LWPOLYLINE
  5
619
330
17
100
AcDbEntity
  8
Floor-Unit
100
AcDbPolyline
 90
4
 70
1
 10
17287.28230215971
 20
-1030535.38321814
 10
17522.28230215971
 20
-1030535.38321814
 10
17522.28230215971
 20
-1030289.38321814
 10
17287.28230215971
 20
-1030289.38321814
  0
LWPOLYLINE
  5
61A
330
17
100
AcDbEntity
  8
curtain
  6
ZIGZAG
100
AcDbPolyline
 90
2
 70
0
 10
19280.38785767823
 20
-1030861.72895679
 10
19280.38785767823
 20
-1030111.72895679
  0
MTEXT
  5
61B
330
17
100
AcDbEntity
  8
LN-TEXT
100
AcDbMText
 10
19156.21929441916
 20
-1030200.082165262
 30
0.1574407258303836
 40
75.00000000000001
 41
621.5434485872247
 71
1
  1
\pxqc,t8;{\fRomantic|b0|i1|c2|p2;.. Curtain..}
  0
LWPOLYLINE
  5
61C
330
17
100
AcDbEntity
  8
curtain
  6
ZIGZAG
100
AcDbPolyline
 90
2
 70
0
 10
17048.51538136345
 20
-1029990.535794119
 10
16298.51538136345
 20
-1029990.535794119
  0
MTEXT
  5
61D
330
17
100
AcDbEntity
  8
LN-TEXT
100
AcDbMText
 10
16996.68285030464
 20
-1030018.515625821
 30
0.1574407258303836
 40
75.00000000000001
 41
621.5434485872247
 71
1
  1
\pxqc,t8;{\fRomantic|b0|i1|c2|p2;.. Curtain..}
  0
LWPOLYLINE
  5
61E
330
17
100
AcDbEntity
  8
curtain
  6
ZIGZAG
100
AcDbPolyline
 90
2
 70
0
 10
10194.3878576745
 20
-1029986.72895679
 10
10944.3878576745
 20
-1029986.72895679
  0
LWPOLYLINE
  5
61F
330
17
100
AcDbEntity
  8
curtain
  6
ZIGZAG
100
AcDbPolyline
 90
2
 70
0
 10
12330.02049558877
 20
-1029986.72895679
 10
13080.02049558877
 20
-1029986.72895679
  0
MTEXT
  5
620
330
17
100
AcDbEntity
  8
LN-TEXT
100
AcDbMText
 10
12997.45129791984
 20
-1030018.515625821
 30
0.1574407258303836
 40
75.00000000000001
 41
621.5434485872247
 71
1
  1
\pxqc,t8;{\fRomantic|b0|i1|c2|p2;.. Curtain..}
  0
MTEXT
  5
621
330
17
100
AcDbEntity
  8
LN-TEXT
100
AcDbMText
 10
10827.67349556798
 20
-1030018.515625821
 30
0.1574407258303836
 40
75.00000000000001
 41
621.5434485872247
 71
1
  1
\pxqc,t8;{\fRomantic|b0|i1|c2|p2;.. Curtain..}
  0
MTEXT
  5
622
330
17
100
AcDbEntity
  8
LENS_TEXT
100
AcDbMText
 10
11437.49343841845
 20
-1030636.439865679
 30
0.0
 40
110.0
 41
237.4408088319178
 71
1
  1
BENCH
  0
MTEXT
  5
623
330
17
100
AcDbEntity
  8
LENS_TEXT
100
AcDbMText
 10
17969.04717355846
 20
-1031861.511317225
 30
0.0
 40
110.0
 41
237.4408088319178
 71
1
  1
BENCH
  0
LWPOLYLINE
  5
624
330
17
100
AcDbEntity
  8
0
100
AcDbPolyline
 90
4
 70
1
 10
13672.82974440313
 20
-1036344.642973636
 10
14840.82974440313
 20
-1036344.642973636
 10
14840.82974440313
 20
-1036326.642973636
 10
13672.82974440313
 20
-1036326.642973636
  0
ENDSEC
  0
SECTION
  2
OBJECTS
  0
DICTIONARY
  5
A
330
0
100
AcDbDictionary
281
1
  3
ACAD_COLOR
350
B
  3
ACAD_GROUP
350
C
  3
ACAD_LAYOUT
350
D
  3
ACAD_MATERIAL
350
E
  3
ACAD_MLEADERSTYLE
350
F
  3
ACAD_MLINESTYLE
350
10
  3
ACAD_PLOTSETTINGS
350
11
  3
ACAD_PLOTSTYLENAME
350
12
  3
ACAD_SCALELIST
350
14
  3
ACAD_TABLESTYLE
350
15
  3
ACAD_VISUALSTYLE
350
16
  3
EZDXF_META
350
2D
  0
DICTIONARY
  5
B
330
A
100
AcDbDictionary
281
1
  0
DICTIONARY
  5
C
330
A
100
AcDbDictionary
281
1
  0
DICTIONARY
  5
D
330
A
100
AcDbDictionary
281
1
  3
Model
350
1A
  3
Layout1
350
1E
  0
DICTIONARY
  5
E
330
A
100
AcDbDictionary
281
1
  3
ByBlock
350
1F
  3
ByLayer
350
20
  3
Global
350
21
  0
DICTIONARY
  5
F
330
A
100
AcDbDictionary
281
1
  3
Standard
350
2C
  0
DICTIONARY
  5
10
330
A
100
AcDbDictionary
281
1
  3
Standard
350
22
  0
DICTIONARY
  5
11
330
A
100
AcDbDictionary
281
1
  0
ACDBDICTIONARYWDFLT
  5
12
330
A
100
AcDbDictionary
281
1
  3
Normal
350
13
100
AcDbDictionaryWithDefault
340
13
  0
ACDBPLACEHOLDER
  5
13
330
12
  0
DICTIONARY
  5
14
330
A
100
AcDbDictionary
281
1
  0
DICTIONARY
  5
15
330
A
100
AcDbDictionary
281
1
  0
DICTIONARY
  5
16
330
A
100
AcDbDictionary
281
1
  0
LAYOUT
  5
1A
330
D
100
AcDbPlotSettings
  1

  4
A3
  6

 40
7.5
 41
20.0
 42
7.5
 43
20.0
 44
420.0
 45
297.0
 46
0.0
 47
0.0
 48
0.0
 49
0.0
140
0.0
141
0.0
142
1.0
143
1.0
 70
1024
 72
1
 73
0
 74
5
  7

 75
16
 76
0
 77
2
 78
300
147
1.0
148
0.0
149
0.0
100
AcDbLayout
  1
Model
 70
1
 71
0
 10
0.0
 20
0.0
 11
420.0
 21
297.0
 12
0.0
 22
0.0
 32
0.0
 14
1e+20
 24
1e+20
 34
1e+20
 15
-1e+20
 25
-1e+20
 35
-1e+20
146
0.0
 13
0.0
 23
0.0
 33
0.0
 16
1.0
 26
0.0
 36
0.0
 17
0.0
 27
1.0
 37
0.0
 76
1
330
17
  0
LAYOUT
  5
1E
330
D
100
AcDbPlotSettings
  1

  4
A3
  6

 40
7.5
 41
20.0
 42
7.5
 43
20.0
 44
420.0
 45
297.0
 46
0.0
 47
0.0
 48
0.0
 49
0.0
140
0.0
141
0.0
142
1.0
143
1.0
 70
0
 72
1
 73
0
 74
5
  7

 75
16
 76
0
 77
2
 78
300
147
1.0
148
0.0
149
0.0
100
AcDbLayout
  1
Layout1
 70
1
 71
1
 10
0.0
 20
0.0
 11
420.0
 21
297.0
 12
0.0
 22
0.0
 32
0.0
 14
1e+20
 24
1e+20
 34
1e+20
 15
-1e+20
 25
-1e+20
 35
-1e+20
146
0.0
 13
0.0
 23
0.0
 33
0.0
 16
1.0
 26
0.0
 36
0.0
 17
0.0
 27
1.0
 37
0.0
 76
1
330
1B
  0
MATERIAL
  5
1F
102
{ACAD_REACTORS
330
E
102
}
330
E
100
AcDbMaterial
  1
ByBlock
  2

 70
0
 40
1.0
 71
1
 41
1.0
 91
-1023410177
 42
1.0
 72
1
  3

 73
1
 74
1
 75
1
 44
0.5
 73
0
 45
1.0
 46
1.0
 77
1
  4

 78
1
 79
1
170
1
 48
1.0
171
1
  6

172
1
173
1
174
1
140
1.0
141
1.0
175
1
  7

176
1
177
1
178
1
143
1.0
179
1
  8

270
1
271
1
272
1
145
1.0
146
1.0
273
1
  9

274
1
275
1
276
1
 42
1.0
 72
1
  3

 73
1
 74
1
 75
1
 94
63
  0
MATERIAL
  5
20
102
{ACAD_REACTORS
330
E
102
}
330
E
100
AcDbMaterial
  1
ByLayer
  2

 70
0
 40
1.0
 71
1
 41
1.0
 91
-1023410177
 42
1.0
 72
1
  3

 73
1
 74
1
 75
1
 44
0.5
 73
0
 45
1.0
 46
1.0
 77
1
  4

 78
1
 79
1
170
1
 48
1.0
171
1
  6

172
1
173
1
174
1
140
1.0
141
1.0
175
1
  7

176
1
177
1
178
1
143
1.0
179
1
  8

270
1
271
1
272
1
145
1.0
146
1.0
273
1
  9

274
1
275
1
276
1
 42
1.0
 72
1
  3

 73
1
 74
1
 75
1
 94
63
  0
MATERIAL
  5
21
102
{ACAD_REACTORS
330
E
102
}
330
E
100
AcDbMaterial
  1
Global
  2

 70
0
 40
1.0
 71
1
 41
1.0
 91
-1023410177
 42
1.0
 72
1
  3

 73
1
 74
1
 75
1
 44
0.5
 73
0
 45
1.0
 46
1.0
 77
1
  4

 78
1
 79
1
170
1
 48
1.0
171
1
  6

172
1
173
1
174
1
140
1.0
141
1.0
175
1
  7

176
1
177
1
178
1
143
1.0
179
1
  8

270
1
271
1
272
1
145
1.0
146
1.0
273
1
  9

274
1
275
1
276
1
 42
1.0
 72
1
  3

 73
1
 74
1
 75
1
 94
63
  0
MLINESTYLE
  5
22
102
{ACAD_REACTORS
330
10
102
}
330
10
100
AcDbMlineStyle
  2
Standard
 70
0
  3

 62
256
 51
90.0
 52
90.0
 71
2
 49
0.5
 62
256
  6
BYLAYER
 49
-0.5
 62
256
  6
BYLAYER
  0
MLEADERSTYLE
  5
2C
102
{ACAD_REACTORS
330
F
102
}
330
F
100
AcDbMLeaderStyle
179
2
170
2
171
1
172
0
 90
2
 40
0.0
 41
0.0
173
1
 91
-1056964608
 92
-2
290
1
 42
2.0
291
1
 43
8.0
  3
Standard
 44
4.0
300

342
29
174
1
175
1
176
0
178
1
 93
-1056964608
 45
4.0
292
0
297
0
 46
4.0
 94
-1056964608
 47
1.0
 49
1.0
140
1.0
294
1
141
0.0
177
0
142
1.0
295
0
296
0
143
3.75
271
0
272
9
273
9
  0
DICTIONARY
  5
2D
330
A
100
AcDbDictionary
280
1
281
1
  3
CREATED_BY_EZDXF
350
2E
  3
WRITTEN_BY_EZDXF
350
627
  0
DICTIONARYVAR
  5
2E
330
2D
100
DictionaryVariables
280
0
  1
1.4.2 @ 2025-10-15T05:01:55.954656+00:00
  0
DICTIONARYVAR
  5
627
330
2D
100
DictionaryVariables
280
0
  1
1.4.2 @ 2025-10-15T05:01:56.008093+00:00
  0
ENDSEC
  0
EOF
