  0
SECTION
  2
HEADER
  9
$ACADVER
  1
AC1032
  9
$ACADMAINTVER
 90
4
  9
$DWGCODEPAGE
  3
ANSI_1252
  9
$LASTSAVEDBY
  1
ezdxf
  9
$REQUIREDVERSIONS
160
0
  9
$INSBASE
 10
0.0
 20
0.0
 30
0.0
  9
$EXTMIN
 10
1e+20
 20
1e+20
 30
1e+20
  9
$EXTMAX
 10
-1e+20
 20
-1e+20
 30
-1e+20
  9
$LIMMIN
 10
0.0
 20
0.0
  9
$LIMMAX
 10
420.0
 20
297.0
  9
$ORTHOMODE
 70
0
  9
$REGENMODE
 70
1
  9
$FILLMODE
 70
1
  9
$QTEXTMODE
 70
0
  9
$MIRRTEXT
 70
1
  9
$LTSCALE
 40
1.0
  9
$ATTMODE
 70
1
  9
$TEXTSIZE
 40
2.5
  9
$TRACEWID
 40
1.0
  9
$TEXTSTYLE
  7
Standard
  9
$CLAYER
  8
0
  9
$CELTYPE
  6
ByLayer
  9
$CECOLOR
 62
256
  9
$CELTSCALE
 40
1.0
  9
$DISPSILH
 70
0
  9
$DIMSCALE
 40
1.0
  9
$DIMASZ
 40
2.5
  9
$DIMEXO
 40
0.625
  9
$DIMDLI
 40
3.75
  9
$DIMRND
 40
0.0
  9
$DIMDLE
 40
0.0
  9
$DIMEXE
 40
1.25
  9
$DIMTP
 40
0.0
  9
$DIMTM
 40
0.0
  9
$DIMTXT
 40
2.5
  9
$DIMCEN
 40
2.5
  9
$DIMTSZ
 40
0.0
  9
$DIMTOL
 70
0
  9
$DIMLIM
 70
0
  9
$DIMTIH
 70
0
  9
$DIMTOH
 70
0
  9
$DIMSE1
 70
0
  9
$DIMSE2
 70
0
  9
$DIMTAD
 70
1
  9
$DIMZIN
 70
8
  9
$DIMBLK
  1

  9
$DIMASO
 70
1
  9
$DIMSHO
 70
1
  9
$DIMPOST
  1

  9
$DIMAPOST
  1

  9
$DIMALT
 70
0
  9
$DIMALTD
 70
3
  9
$DIMALTF
 40
0.03937007874
  9
$DIMLFAC
 40
1.0
  9
$DIMTOFL
 70
1
  9
$DIMTVP
 40
0.0
  9
$DIMTIX
 70
0
  9
$DIMSOXD
 70
0
  9
$DIMSAH
 70
0
  9
$DIMBLK1
  1

  9
$DIMBLK2
  1

  9
$DIMSTYLE
  2
ISO-25
  9
$DIMCLRD
 70
0
  9
$DIMCLRE
 70
0
  9
$DIMCLRT
 70
0
  9
$DIMTFAC
 40
1.0
  9
$DIMGAP
 40
0.625
  9
$DIMJUST
 70
0
  9
$DIMSD1
 70
0
  9
$DIMSD2
 70
0
  9
$DIMTOLJ
 70
0
  9
$DIMTZIN
 70
8
  9
$DIMALTZ
 70
0
  9
$DIMALTTZ
 70
0
  9
$DIMUPT
 70
0
  9
$DIMDEC
 70
2
  9
$DIMTDEC
 70
2
  9
$DIMALTU
 70
2
  9
$DIMALTTD
 70
3
  9
$DIMTXSTY
  7
Standard
  9
$DIMAUNIT
 70
0
  9
$DIMADEC
 70
0
  9
$DIMALTRND
 40
0.0
  9
$DIMAZIN
 70
0
  9
$DIMDSEP
 70
44
  9
$DIMATFIT
 70
3
  9
$DIMFRAC
 70
0
  9
$DIMLDRBLK
  1

  9
$DIMLUNIT
 70
2
  9
$DIMLWD
 70
-2
  9
$DIMLWE
 70
-2
  9
$DIMTMOVE
 70
0
  9
$DIMFXL
 40
1.0
  9
$DIMFXLON
 70
0
  9
$DIMJOGANG
 40
0.785398163397
  9
$DIMTFILL
 70
0
  9
$DIMTFILLCLR
 70
0
  9
$DIMARCSYM
 70
0
  9
$DIMLTYPE
  6

  9
$DIMLTEX1
  6

  9
$DIMLTEX2
  6

  9
$DIMTXTDIRECTION
 70
0
  9
$LUNITS
 70
2
  9
$LUPREC
 70
4
  9
$SKETCHINC
 40
1.0
  9
$FILLETRAD
 40
10.0
  9
$AUNITS
 70
0
  9
$AUPREC
 70
2
  9
$MENU
  1
.
  9
$ELEVATION
 40
0.0
  9
$PELEVATION
 40
0.0
  9
$THICKNESS
 40
0.0
  9
$LIMCHECK
 70
0
  9
$CHAMFERA
 40
0.0
  9
$CHAMFERB
 40
0.0
  9
$CHAMFERC
 40
0.0
  9
$CHAMFERD
 40
0.0
  9
$SKPOLY
 70
0
  9
$TDCREATE
 40
2460964.4647685187
  9
$TDUCREATE
 40
2458532.153996898
  9
$TDUPDATE
 40
2460964.4647685187
  9
$TDUUPDATE
 40
2458532.1544311
  9
$TDINDWG
 40
0.0
  9
$TDUSRTIMER
 40
0.0
  9
$USRTIMER
 70
1
  9
$ANGBASE
 50
0.0
  9
$ANGDIR
 70
0
  9
$PDMODE
 70
0
  9
$PDSIZE
 40
0.0
  9
$PLINEWID
 40
0.0
  9
$SPLFRAME
 70
0
  9
$SPLINETYPE
 70
6
  9
$SPLINESEGS
 70
8
  9
$HANDSEED
  5
64A
  9
$SURFTAB1
 70
6
  9
$SURFTAB2
 70
6
  9
$SURFTYPE
 70
6
  9
$SURFU
 70
6
  9
$SURFV
 70
6
  9
$UCSBASE
  2

  9
$UCSNAME
  2

  9
$UCSORG
 10
0.0
 20
0.0
 30
0.0
  9
$UCSXDIR
 10
1.0
 20
0.0
 30
0.0
  9
$UCSYDIR
 10
0.0
 20
1.0
 30
0.0
  9
$UCSORTHOREF
  2

  9
$UCSORTHOVIEW
 70
0
  9
$UCSORGTOP
 10
0.0
 20
0.0
 30
0.0
  9
$UCSORGBOTTOM
 10
0.0
 20
0.0
 30
0.0
  9
$UCSORGLEFT
 10
0.0
 20
0.0
 30
0.0
  9
$UCSORGRIGHT
 10
0.0
 20
0.0
 30
0.0
  9
$UCSORGFRONT
 10
0.0
 20
0.0
 30
0.0
  9
$UCSORGBACK
 10
0.0
 20
0.0
 30
0.0
  9
$PUCSBASE
  2

  9
$PUCSNAME
  2

  9
$PUCSORG
 10
0.0
 20
0.0
 30
0.0
  9
$PUCSXDIR
 10
1.0
 20
0.0
 30
0.0
  9
$PUCSYDIR
 10
0.0
 20
1.0
 30
0.0
  9
$PUCSORTHOREF
  2

  9
$PUCSORTHOVIEW
 70
0
  9
$PUCSORGTOP
 10
0.0
 20
0.0
 30
0.0
  9
$PUCSORGBOTTOM
 10
0.0
 20
0.0
 30
0.0
  9
$PUCSORGLEFT
 10
0.0
 20
0.0
 30
0.0
  9
$PUCSORGRIGHT
 10
0.0
 20
0.0
 30
0.0
  9
$PUCSORGFRONT
 10
0.0
 20
0.0
 30
0.0
  9
$PUCSORGBACK
 10
0.0
 20
0.0
 30
0.0
  9
$USERI1
 70
0
  9
$USERI2
 70
0
  9
$USERI3
 70
0
  9
$USERI4
 70
0
  9
$USERI5
 70
0
  9
$USERR1
 40
0.0
  9
$USERR2
 40
0.0
  9
$USERR3
 40
0.0
  9
$USERR4
 40
0.0
  9
$USERR5
 40
0.0
  9
$WORLDVIEW
 70
1
  9
$SHADEDGE
 70
3
  9
$SHADEDIF
 70
70
  9
$TILEMODE
 70
1
  9
$MAXACTVP
 70
64
  9
$PINSBASE
 10
0.0
 20
0.0
 30
0.0
  9
$PLIMCHECK
 70
0
  9
$PEXTMIN
 10
1e+20
 20
1e+20
 30
1e+20
  9
$PEXTMAX
 10
-1e+20
 20
-1e+20
 30
-1e+20
  9
$PLIMMIN
 10
0.0
 20
0.0
  9
$PLIMMAX
 10
420.0
 20
297.0
  9
$UNITMODE
 70
0
  9
$VISRETAIN
 70
1
  9
$PLINEGEN
 70
0
  9
$PSLTSCALE
 70
1
  9
$TREEDEPTH
 70
3020
  9
$CMLSTYLE
  2
Standard
  9
$CMLJUST
 70
0
  9
$CMLSCALE
 40
20.0
  9
$PROXYGRAPHICS
 70
1
  9
$MEASUREMENT
 70
1
  9
$CELWEIGHT
370
-1
  9
$ENDCAPS
280
0
  9
$JOINSTYLE
280
0
  9
$LWDISPLAY
290
0
  9
$INSUNITS
 70
6
  9
$HYPERLINKBASE
  1

  9
$STYLESHEET
  1

  9
$XEDIT
290
1
  9
$CEPSNTYPE
380
0
  9
$PSTYLEMODE
290
1
  9
$FINGERPRINTGUID
  2
{0B7F8901-8789-45DB-88BF-9BFABCEA5051}
  9
$VERSIONGUID
  2
{1436A16F-61F3-485E-BCBA-754F4F251818}
  9
$EXTNAMES
290
1
  9
$PSVPSCALE
 40
0.0
  9
$OLESTARTUP
290
0
  9
$SORTENTS
280
127
  9
$INDEXCTL
280
0
  9
$HIDETEXT
280
1
  9
$XCLIPFRAME
280
1
  9
$HALOGAP
280
0
  9
$OBSCOLOR
 70
257
  9
$OBSLTYPE
280
0
  9
$INTERSECTIONDISPLAY
280
0
  9
$INTERSECTIONCOLOR
 70
257
  9
$DIMASSOC
280
2
  9
$PROJECTNAME
  1

  9
$CAMERADISPLAY
290
0
  9
$LENSLENGTH
 40
50.0
  9
$CAMERAHEIGHT
 40
0.0
  9
$STEPSPERSEC
 40
24.0
  9
$STEPSIZE
 40
100.0
  9
$3DDWFPREC
 40
2.0
  9
$PSOLWIDTH
 40
0.005
  9
$PSOLHEIGHT
 40
0.08
  9
$LOFTANG1
 40
1.570796326795
  9
$LOFTANG2
 40
1.570796326795
  9
$LOFTMAG1
 40
0.0
  9
$LOFTMAG2
 40
0.0
  9
$LOFTPARAM
 70
7
  9
$LOFTNORMALS
280
1
  9
$LATITUDE
 40
37.795
  9
$LONGITUDE
 40
-122.394
  9
$NORTHDIRECTION
 40
0.0
  9
$TIMEZONE
 70
-8000
  9
$LIGHTGLYPHDISPLAY
280
1
  9
$TILEMODELIGHTSYNCH
280
1
  9
$CMATERIAL
347
20
  9
$SOLIDHIST
280
0
  9
$SHOWHIST
280
1
  9
$DWFFRAME
280
2
  9
$DGNFRAME
280
2
  9
$REALWORLDSCALE
290
1
  9
$INTERFERECOLOR
 62
256
  9
$CSHADOW
280
0
  9
$SHADOWPLANELOCATION
 40
0.0
  0
ENDSEC
  0
SECTION
  2
CLASSES
  0
CLASS
  1
ACDBDICTIONARYWDFLT
  2
AcDbDictionaryWithDefault
  3
ObjectDBX Classes
 90
0
 91
0
280
0
281
0
  0
CLASS
  1
SUN
  2
AcDbSun
  3
SCENEOE
 90
1153
 91
0
280
0
281
0
  0
CLASS
  1
VISUALSTYLE
  2
AcDbVisualStyle
  3
ObjectDBX Classes
 90
4095
 91
0
280
0
281
0
  0
CLASS
  1
MATERIAL
  2
AcDbMaterial
  3
ObjectDBX Classes
 90
1153
 91
0
280
0
281
0
  0
CLASS
  1
SCALE
  2
AcDbScale
  3
ObjectDBX Classes
 90
1153
 91
0
280
0
281
0
  0
CLASS
  1
TABLESTYLE
  2
AcDbTableStyle
  3
ObjectDBX Classes
 90
4095
 91
0
280
0
281
0
  0
CLASS
  1
MLEADERSTYLE
  2
AcDbMLeaderStyle
  3
ACDB_MLEADERSTYLE_CLASS
 90
4095
 91
0
280
0
281
0
  0
CLASS
  1
DICTIONARYVAR
  2
AcDbDictionaryVar
  3
ObjectDBX Classes
 90
0
 91
0
280
0
281
0
  0
CLASS
  1
CELLSTYLEMAP
  2
AcDbCellStyleMap
  3
ObjectDBX Classes
 90
1152
 91
0
280
0
281
0
  0
CLASS
  1
MENTALRAYRENDERSETTINGS
  2
AcDbMentalRayRenderSettings
  3
SCENEOE
 90
1024
 91
0
280
0
281
0
  0
CLASS
  1
ACDBDETAILVIEWSTYLE
  2
AcDbDetailViewStyle
  3
ObjectDBX Classes
 90
1025
 91
0
280
0
281
0
  0
CLASS
  1
ACDBSECTIONVIEWSTYLE
  2
AcDbSectionViewStyle
  3
ObjectDBX Classes
 90
1025
 91
0
280
0
281
0
  0
CLASS
  1
RASTERVARIABLES
  2
AcDbRasterVariables
  3
ISM
 90
0
 91
0
280
0
281
0
  0
CLASS
  1
LAYOUT
  2
AcDbLayout
  3
ObjectDBX Classes
 90
0
 91
0
280
0
281
0
  0
CLASS
  1
ACDBPLACEHOLDER
  2
AcDbPlaceHolder
  3
ObjectDBX Classes
 90
0
 91
0
280
0
281
0
  0
ENDSEC
  0
SECTION
  2
TABLES
  0
TABLE
  2
VPORT
  5
8
330
0
100
AcDbSymbolTable
 70
1
  0
VPORT
  5
23
330
8
100
AcDbSymbolTableRecord
100
AcDbViewportTableRecord
  2
*Active
 70
0
 10
0.0
 20
0.0
 11
1.0
 21
1.0
 12
0.0
 22
0.0
 13
0.0
 23
0.0
 14
0.5
 24
0.5
 15
0.5
 25
0.5
 16
0.0
 26
0.0
 36
1.0
 17
0.0
 27
0.0
 37
0.0
 40
1000.0
 41
1.34
 42
50.0
 43
0.0
 44
0.0
 50
0.0
 51
0.0
 71
0
 72
1000
 73
1
 74
3
 75
0
 76
0
 77
0
 78
0
281
0
 65
0
146
0.0
  0
ENDTAB
  0
TABLE
  2
LTYPE
  5
2
330
0
100
AcDbSymbolTable
 70
3
  0
LTYPE
  5
24
330
2
100
AcDbSymbolTableRecord
100
AcDbLinetypeTableRecord
  2
ByBlock
 70
0
  3

 72
65
 73
0
 40
0.0
  0
LTYPE
  5
25
330
2
100
AcDbSymbolTableRecord
100
AcDbLinetypeTableRecord
  2
ByLayer
 70
0
  3

 72
65
 73
0
 40
0.0
  0
LTYPE
  5
26
330
2
100
AcDbSymbolTableRecord
100
AcDbLinetypeTableRecord
  2
Continuous
 70
0
  3

 72
65
 73
0
 40
0.0
  0
ENDTAB
  0
TABLE
  2
LAYER
  5
1
330
0
100
AcDbSymbolTable
 70
36
  0
LAYER
  5
27
330
1
100
AcDbSymbolTableRecord
100
AcDbLayerTableRecord
  2
0
 70
0
 62
7
  6
Continuous
370
-3
390
13
347
21
  0
LAYER
  5
28
330
1
100
AcDbSymbolTableRecord
100
AcDbLayerTableRecord
  2
Defpoints
 70
0
 62
7
  6
Continuous
290
0
370
-3
390
13
347
21
  0
LAYER
  5
2F
330
1
100
AcDbSymbolTableRecord
100
AcDbLayerTableRecord
  2
IM-ANNO-HATCH
 70
0
 62
8
  6
Continuous
370
-3
390
13
347
21
  0
LAYER
  5
30
330
1
100
AcDbSymbolTableRecord
100
AcDbLayerTableRecord
  2
Text Format
 70
0
 62
7
  6
Continuous
370
-3
390
13
347
21
  0
LAYER
  5
31
330
1
100
AcDbSymbolTableRecord
100
AcDbLayerTableRecord
  2
TV
 70
0
 62
3
  6
Continuous
370
-3
390
13
347
21
  0
LAYER
  5
32
330
1
100
AcDbSymbolTableRecord
100
AcDbLayerTableRecord
  2
curtain
 70
0
 62
144
  6
Continuous
370
-3
390
13
347
21
  0
LAYER
  5
33
330
1
100
AcDbSymbolTableRecord
100
AcDbLayerTableRecord
  2
Glass-FrontGlazing
 70
0
 62
150
  6
Continuous
370
-3
390
13
347
21
  0
LAYER
  5
34
330
1
100
AcDbSymbolTableRecord
100
AcDbLayerTableRecord
  2
LN-ELEVATION-4
 70
0
 62
145
  6
Continuous
370
-3
390
13
347
21
  0
LAYER
  5
35
330
1
100
AcDbSymbolTableRecord
100
AcDbLayerTableRecord
  2
LN-ELEVATION-1
 70
0
 62
81
  6
Continuous
370
-3
390
13
347
21
  0
LAYER
  5
36
330
1
100
AcDbSymbolTableRecord
100
AcDbLayerTableRecord
  2
LN-ELEVATION-3
 70
0
 62
125
  6
a_p6_plan_L18$0$HIDDEN
370
-3
390
13
347
21
  0
LAYER
  5
37
330
1
100
AcDbSymbolTableRecord
100
AcDbLayerTableRecord
  2
LN-DIMENSION
 70
0
 62
252
  6
Continuous
370
-3
390
13
347
21
  0
LAYER
  5
38
330
1
100
AcDbSymbolTableRecord
100
AcDbLayerTableRecord
  2
LN-ELEVATION-5
 70
0
 62
167
  6
Continuous
370
-3
390
13
347
21
  0
LAYER
  5
39
330
1
100
AcDbSymbolTableRecord
100
AcDbLayerTableRecord
  2
text
 70
0
 62
7
  6
AUSGEZOGEN
370
-3
390
13
347
21
  0
LAYER
  5
3A
330
1
100
AcDbSymbolTableRecord
100
AcDbLayerTableRecord
  2
LN-HATCH
 70
0
 62
251
  6
Continuous
370
-3
390
13
347
21
  0
LAYER
  5
3B
330
1
100
AcDbSymbolTableRecord
100
AcDbLayerTableRecord
  2
Floor-Unit
 70
0
 62
1
  6
Continuous
370
-3
390
13
347
21
  0
LAYER
  5
3C
330
1
100
AcDbSymbolTableRecord
100
AcDbLayerTableRecord
  2
LENS_GLASS
 70
0
 62
4
  6
Continuous
370
-3
390
13
347
21
  0
LAYER
  5
3D
330
1
100
AcDbSymbolTableRecord
100
AcDbLayerTableRecord
  2
LENS_HATCH
 70
0
 62
251
  6
Continuous
370
-3
390
13
347
21
  0
LAYER
  5
3E
330
1
100
AcDbSymbolTableRecord
100
AcDbLayerTableRecord
  2
LENS_FURNITURE
 70
0
 62
13
  6
Continuous
370
-3
390
13
347
21
  0
LAYER
  5
3F
330
1
100
AcDbSymbolTableRecord
100
AcDbLayerTableRecord
  2
LENS_PARTITION
 70
0
 62
21
  6
Continuous
370
-3
390
13
347
21
  0
LAYER
  5
40
330
1
100
AcDbSymbolTableRecord
100
AcDbLayerTableRecord
  2
LN-ELEVATION-2
 70
0
 62
103
  6
Continuous
370
-3
390
13
347
21
  0
LAYER
  5
41
330
1
100
AcDbSymbolTableRecord
100
AcDbLayerTableRecord
  2
LENS_TEXT
 70
0
 62
31
  6
HIDDEN2
370
-3
390
13
347
21
  0
LAYER
  5
42
330
1
100
AcDbSymbolTableRecord
100
AcDbLayerTableRecord
  2
LENS_CURTAIN
 70
0
 62
5
  6
a_p6_plan_L18$0$HIDDEN
370
-3
390
13
347
21
  0
LAYER
  5
43
330
1
100
AcDbSymbolTableRecord
100
AcDbLayerTableRecord
  2
wall hatch
 70
0
 62
22
  6
Continuous
370
-3
390
13
347
21
  0
LAYER
  5
44
330
1
100
AcDbSymbolTableRecord
100
AcDbLayerTableRecord
  2
Mirror
 70
0
 62
4
  6
Continuous
370
-3
390
13
347
21
  0
LAYER
  5
45
330
1
100
AcDbSymbolTableRecord
100
AcDbLayerTableRecord
  2
LN-TEXT
 70
0
 62
255
  6
Continuous
370
-3
390
13
347
21
  0
LAYER
  5
46
330
1
100
AcDbSymbolTableRecord
100
AcDbLayerTableRecord
  2
HIDDEN LINE
 70
0
 62
177
  6
Continuous
370
-3
390
13
347
21
  0
LAYER
  5
47
330
1
100
AcDbSymbolTableRecord
100
AcDbLayerTableRecord
  2
dimensions
 70
0
 62
149
  6
Continuous
370
-3
390
13
347
21
  0
LAYER
  5
48
330
1
100
AcDbSymbolTableRecord
100
AcDbLayerTableRecord
  2
glass
 70
0
 62
172
  6
Continuous
370
-3
390
13
347
21
  0
LAYER
  5
49
330
1
100
AcDbSymbolTableRecord
100
AcDbLayerTableRecord
  2
door
 70
0
 62
36
  6
Continuous
370
-3
390
13
347
21
  0
LAYER
  5
4A
330
1
100
AcDbSymbolTableRecord
100
AcDbLayerTableRecord
  2
Steps
 70
0
 62
4
  6
Continuous
370
-3
390
13
347
21
  0
LAYER
  5
4B
330
1
100
AcDbSymbolTableRecord
100
AcDbLayerTableRecord
  2
Column hatch
 70
0
 62
8
  6
Continuous
370
-3
390
13
347
21
  0
LAYER
  5
4C
330
1
100
AcDbSymbolTableRecord
100
AcDbLayerTableRecord
  2
Column
 70
0
 62
243
  6
Continuous
370
-3
390
13
347
21
  0
LAYER
  5
4D
330
1
100
AcDbSymbolTableRecord
100
AcDbLayerTableRecord
  2
LK-FLUTTED FINISH
 70
0
 62
20
  6
Continuous
370
-3
390
13
347
21
  0
LAYER
  5
4E
330
1
100
AcDbSymbolTableRecord
100
AcDbLayerTableRecord
  2
GLASS FACADE
 70
0
 62
4
  6
Continuous
370
-3
390
13
347
21
  0
LAYER
  5
4F
330
1
100
AcDbSymbolTableRecord
100
AcDbLayerTableRecord
  2
A-WALL-MASY
 70
0
 62
1
  6
Continuous
370
-3
390
13
347
21
  0
LAYER
  5
50
330
1
100
AcDbSymbolTableRecord
100
AcDbLayerTableRecord
  2
Screen
 70
0
 62
1
  6
Continuous
370
-3
390
13
347
21
  0
ENDTAB
  0
TABLE
  2
STYLE
  5
5
330
0
100
AcDbSymbolTable
 70
1
  0
STYLE
  5
29
330
5
100
AcDbSymbolTableRecord
100
AcDbTextStyleTableRecord
  2
Standard
 70
0
 40
0.0
 41
1.0
 50
0.0
 71
0
 42
2.5
  3
txt
  4

  0
ENDTAB
  0
TABLE
  2
VIEW
  5
7
330
0
100
AcDbSymbolTable
 70
0
  0
ENDTAB
  0
TABLE
  2
UCS
  5
6
330
0
100
AcDbSymbolTable
 70
0
  0
ENDTAB
  0
TABLE
  2
APPID
  5
3
330
0
100
AcDbSymbolTable
 70
3
  0
APPID
  5
2A
330
3
100
AcDbSymbolTableRecord
100
AcDbRegAppTableRecord
  2
ACAD
 70
0
  0
APPID
  5
647
330
3
100
AcDbSymbolTableRecord
100
AcDbRegAppTableRecord
  2
HATCHBACKGROUNDCOLOR
 70
0
  0
APPID
  5
648
330
3
100
AcDbSymbolTableRecord
100
AcDbRegAppTableRecord
  2
EZDXF
 70
0
  0
ENDTAB
  0
TABLE
  2
DIMSTYLE
  5
4
330
0
100
AcDbSymbolTable
 70
1
100
AcDbDimStyleTable
  0
DIMSTYLE
105
2B
330
4
100
AcDbSymbolTableRecord
100
AcDbDimStyleTableRecord
  2
Standard
 70
0
 40
1.0
 41
2.5
 42
0.625
 43
3.75
 44
1.25
 45
0.0
 46
0.0
 47
0.0
 48
0.0
 49
2.5
140
2.5
141
2.5
142
0.0
143
0.03937007874
144
1.0
145
0.0
146
1.0
147
0.625
148
0.0
 69
0
 70
0
 71
0
 72
0
 73
0
 74
0
 75
0
 76
0
 77
1
 78
8
 79
3
170
0
171
3
172
1
173
0
174
0
175
0
176
0
177
0
178
0
179
2
271
2
272
2
273
2
274
3
275
0
276
0
277
2
278
44
279
0
280
0
281
0
282
0
283
0
284
8
285
0
286
0
288
0
289
3
290
0
371
-2
372
-2
  0
ENDTAB
  0
TABLE
  2
BLOCK_RECORD
  5
9
330
0
100
AcDbSymbolTable
 70
30
  0
BLOCK_RECORD
  5
17
330
9
100
AcDbSymbolTableRecord
100
AcDbBlockTableRecord
  2
*Model_Space
340
1A
 70
0
280
1
281
0
  0
BLOCK_RECORD
  5
1B
330
9
100
AcDbSymbolTableRecord
100
AcDbBlockTableRecord
  2
*Paper_Space
340
1E
 70
0
280
1
281
0
  0
BLOCK_RECORD
  5
51
330
9
100
AcDbSymbolTableRecord
100
AcDbBlockTableRecord
  2
_ArchTick
340
0
 70
0
280
1
281
0
  0
BLOCK_RECORD
  5
55
330
9
100
AcDbSymbolTableRecord
100
AcDbBlockTableRecord
  2
_Oblique
340
0
 70
0
280
1
281
0
  0
BLOCK_RECORD
  5
59
330
9
100
AcDbSymbolTableRecord
100
AcDbBlockTableRecord
  2
Chair
340
0
 70
0
280
1
281
0
  0
BLOCK_RECORD
  5
62
330
9
100
AcDbSymbolTableRecord
100
AcDbBlockTableRecord
  2
GFCHGFD
340
0
 70
0
280
1
281
0
  0
BLOCK_RECORD
  5
6F
330
9
100
AcDbSymbolTableRecord
100
AcDbBlockTableRecord
  2
12MM VC PLAN
340
0
 70
0
280
1
281
0
  0
BLOCK_RECORD
  5
91
330
9
100
AcDbSymbolTableRecord
100
AcDbBlockTableRecord
  2
rtf
340
0
 70
0
280
1
281
0
  0
BLOCK_RECORD
  5
9C
330
9
100
AcDbSymbolTableRecord
100
AcDbBlockTableRecord
  2
dsg
340
0
 70
0
280
1
281
0
  0
BLOCK_RECORD
  5
A5
330
9
100
AcDbSymbolTableRecord
100
AcDbBlockTableRecord
  2
blu zero rack details
340
0
 70
0
280
1
281
0
  0
BLOCK_RECORD
  5
AB
330
9
100
AcDbSymbolTableRecord
100
AcDbBlockTableRecord
  2
DGHRTGUJTW
340
0
 70
0
280
1
281
0
  0
BLOCK_RECORD
  5
BF
330
9
100
AcDbSymbolTableRecord
100
AcDbBlockTableRecord
  2
DFGHTHRTWE
340
0
 70
0
280
1
281
0
  0
BLOCK_RECORD
  5
DD
330
9
100
AcDbSymbolTableRecord
100
AcDbBlockTableRecord
  2
1010MM VC PLAN
340
0
 70
0
280
1
281
0
  0
BLOCK_RECORD
  5
FC
330
9
100
AcDbSymbolTableRecord
100
AcDbBlockTableRecord
  2
dfbdfhq
340
0
 70
0
280
1
281
0
  0
BLOCK_RECORD
  5
10D
330
9
100
AcDbSymbolTableRecord
100
AcDbBlockTableRecord
  2
ffgd
340
0
 70
0
280
1
281
0
  0
BLOCK_RECORD
  5
15D
330
9
100
AcDbSymbolTableRecord
100
AcDbBlockTableRecord
  2
GHMHHGD
340
0
 70
0
280
1
281
0
  0
BLOCK_RECORD
  5
168
330
9
100
AcDbSymbolTableRecord
100
AcDbBlockTableRecord
  2
49inch
340
0
 70
0
280
1
281
0
  0
BLOCK_RECORD
  5
17E
330
9
100
AcDbSymbolTableRecord
100
AcDbBlockTableRecord
  2
serrgea
340
0
 70
0
280
1
281
0
  0
BLOCK_RECORD
  5
1E6
330
9
100
AcDbSymbolTableRecord
100
AcDbBlockTableRecord
  2
chr
340
0
 70
0
280
1
281
0
  0
BLOCK_RECORD
  5
250
330
9
100
AcDbSymbolTableRecord
100
AcDbBlockTableRecord
  2
servgewrgtrs
340
0
 70
0
280
1
281
0
  0
BLOCK_RECORD
  5
262
330
9
100
AcDbSymbolTableRecord
100
AcDbBlockTableRecord
  2
D-Table-1200
340
0
 70
0
280
1
281
0
  0
BLOCK_RECORD
  5
282
330
9
100
AcDbSymbolTableRecord
100
AcDbBlockTableRecord
  2
R-Table-1200
340
0
 70
0
280
1
281
0
  0
BLOCK_RECORD
  5
28A
330
9
100
AcDbSymbolTableRecord
100
AcDbBlockTableRecord
  2
POS1500
340
0
 70
0
280
1
281
0
  0
BLOCK_RECORD
  5
3E7
330
9
100
AcDbSymbolTableRecord
100
AcDbBlockTableRecord
  2
A$Cf47e29e2
340
0
 70
0
280
1
281
0
  0
BLOCK_RECORD
  5
479
330
9
100
AcDbSymbolTableRecord
100
AcDbBlockTableRecord
  2
CLINIC - MOP CLOSET
340
0
 70
0
280
1
281
0
  0
BLOCK_RECORD
  5
48A
330
9
100
AcDbSymbolTableRecord
100
AcDbBlockTableRecord
  2
CLINIC - CABINET SINK
340
0
 70
0
280
1
281
0
  0
BLOCK_RECORD
  5
498
330
9
100
AcDbSymbolTableRecord
100
AcDbBlockTableRecord
  2
G-Door
340
0
 70
0
280
1
281
0
  0
BLOCK_RECORD
  5
4B4
330
9
100
AcDbSymbolTableRecord
100
AcDbBlockTableRecord
  2
A$C22e4fd2c
340
0
 70
0
280
1
281
0
  0
BLOCK_RECORD
  5
4CB
330
9
100
AcDbSymbolTableRecord
100
AcDbBlockTableRecord
  2
door
340
0
 70
0
280
1
281
0
  0
BLOCK_RECORD
  5
4E8
330
9
100
AcDbSymbolTableRecord
100
AcDbBlockTableRecord
  2
awefqwf
340
0
 70
0
280
1
281
0
  0
ENDTAB
  0
ENDSEC
  0
SECTION
  2
BLOCKS
  0
BLOCK
  5
18
330
17
100
AcDbEntity
  8
0
100
AcDbBlockBegin
  2
*Model_Space
 70
0
 10
0.0
 20
0.0
 30
0.0
  3
*Model_Space
  1

  0
ENDBLK
  5
19
330
17
100
AcDbEntity
  8
0
100
AcDbBlockEnd
  0
BLOCK
  5
1C
330
1B
100
AcDbEntity
  8
0
100
AcDbBlockBegin
  2
*Paper_Space
 70
0
 10
0.0
 20
0.0
 30
0.0
  3
*Paper_Space
  1

  0
ENDBLK
  5
1D
330
1B
100
AcDbEntity
  8
0
100
AcDbBlockEnd
  0
BLOCK
  5
52
330
51
100
AcDbEntity
  8
0
100
AcDbBlockBegin
  2
_ArchTick
 70
0
 10
0.0
 20
0.0
 30
0.0
  3
_ArchTick
  1

  0
LWPOLYLINE
  5
54
330
51
100
AcDbEntity
  8
0
100
AcDbPolyline
 90
2
 70
0
 10
-0.5
 20
-0.5
 10
0.5
 20
0.5
  0
ENDBLK
  5
53
330
51
100
AcDbEntity
  8
0
100
AcDbBlockEnd
  0
BLOCK
  5
56
330
55
100
AcDbEntity
  8
0
100
AcDbBlockBegin
  2
_Oblique
 70
0
 10
0.0
 20
0.0
 30
0.0
  3
_Oblique
  1

  0
LINE
  5
58
330
55
100
AcDbEntity
  8
0
  6
ByBlock
 62
0
100
AcDbLine
 10
-0.5
 20
-0.5
 30
0.0
 11
0.5
 21
0.5
 31
0.0
  0
ENDBLK
  5
57
330
55
100
AcDbEntity
  8
0
100
AcDbBlockEnd
  0
BLOCK
  5
5A
330
59
100
AcDbEntity
  8
0
100
AcDbBlockBegin
  2
Chair
 70
0
 10
0.0
 20
0.0
 30
0.0
  3
Chair
  1

  0
CIRCLE
  5
5C
330
59
100
AcDbEntity
  8
Floor-Unit
100
AcDbCircle
 10
587240.7880734095
 20
-21249.19291745771
 30
0.0
 40
250.0
  0
ARC
  5
5D
330
59
100
AcDbEntity
  8
Floor-Unit
100
AcDbCircle
 10
587240.7880734095
 20
-21249.19291745771
 30
0.0
 40
200.0
100
AcDbArc
 50
186.3793702084324
 51
353.6206297915686
  0
LINE
  5
5E
330
59
100
AcDbEntity
  8
Floor-Unit
100
AcDbLine
 10
587490.7880734095
 20
-21249.19291745766
 30
0.0
 11
587464.3948711595
 21
-21249.19291745766
 31
0.0
  0
LINE
  5
5F
330
59
100
AcDbEntity
  8
Floor-Unit
100
AcDbLine
 10
587017.1812756595
 20
-21249.19291745766
 30
0.0
 11
586990.7880734093
 21
-21249.19291745766
 31
0.0
  0
ARC
  5
60
330
59
100
AcDbEntity
  8
Floor-Unit
100
AcDbCircle
 10
587464.3948711595
 20
-21274.19291745767
 30
0.0
 40
25.0
100
AcDbArc
 50
90.0
 51
173.6206297915766
  0
ARC
  5
61
330
59
100
AcDbEntity
  8
Floor-Unit
100
AcDbCircle
 10
587017.1812756595
 20
-21274.19291745767
 30
0.0
 40
25.0
100
AcDbArc
 50
6.37937020842336
 51
90.0
  0
ENDBLK
  5
5B
330
59
100
AcDbEntity
  8
0
100
AcDbBlockEnd
  0
BLOCK
  5
63
330
62
100
AcDbEntity
  8
0
100
AcDbBlockBegin
  2
GFCHGFD
 70
0
 10
0.0
 20
0.0
 30
0.0
  3
GFCHGFD
  1

  0
LWPOLYLINE
  5
65
330
62
100
AcDbEntity
  8
LN-ELEVATION-1
100
AcDbPolyline
 90
8
 70
1
 10
147.8333966266364
 20
-144.7979760693852
 10
147.8333966266364
 20
-143.2979760693852
 10
152.3333966266364
 20
-143.2979760693852
 10
152.3333966266364
 20
-125.2979760693852
 10
130.8333966266364
 20
-125.2979760693852
 10
130.8333966266364
 20
-123.7979760693852
 10
153.8333966266364
 20
-123.7979760693852
 10
153.8333966266364
 20
-144.7979760693852
  0
LWPOLYLINE
  5
66
330
62
100
AcDbEntity
  8
LN-ELEVATION-1
100
AcDbPolyline
 90
8
 70
1
 10
-97.16660337336361
 20
-137.7979760693852
 10
-97.16660337336361
 20
-123.7979760693852
 10
-142.1666033733636
 20
-123.7979760693852
 10
-142.1666033733636
 20
-144.7979760693852
 10
-133.1666033733636
 20
-144.7979760693852
 10
-133.1666033733636
 20
-143.2979760693852
 10
-140.6666033733636
 20
-143.2979760693852
 10
-140.6666033733636
 20
-137.7979760693852
  0
LWPOLYLINE
  5
67
330
62
100
AcDbEntity
  8
LN-ELEVATION-1
100
AcDbPolyline
 90
8
 70
1
 10
85.83339662663639
 20
-137.7979760693852
 10
85.83339662663639
 20
-123.7979760693852
 10
130.8333966266364
 20
-123.7979760693852
 10
130.8333966266364
 20
-144.7979760693852
 10
121.8333966266364
 20
-144.7979760693852
 10
121.8333966266364
 20
-143.2979760693852
 10
129.3333966266364
 20
-143.2979760693852
 10
129.3333966266364
 20
-137.7979760693852
  0
LWPOLYLINE
  5
68
330
62
100
AcDbEntity
  8
LN-ELEVATION-2
100
AcDbPolyline
 90
4
 70
1
 10
-97.16660337336361
 20
-137.7979760693852
 10
85.83339662663639
 20
-137.7979760693852
 10
85.83339662663639
 20
-123.7979760693852
 10
-97.16660337336361
 20
-123.7979760693852
  0
LWPOLYLINE
  5
69
330
62
100
AcDbEntity
  8
Mirror
100
AcDbPolyline
 90
4
 70
1
 10
-140.6666033733636
 20
-137.7979760693852
 10
129.3333966266364
 20
-137.7979760693852
 10
129.3333966266364
 20
-143.2979760693852
 10
-140.6666033733636
 20
-143.2979760693852
  0
LINE
  5
6A
330
62
100
AcDbEntity
  8
LN-ELEVATION-4
100
AcDbLine
 10
121.8333966266364
 20
-144.7979760693852
 30
0.0
 11
-133.1666033733636
 21
-144.7979760693852
 31
0.0
  0
HATCH
  5
6B
330
62
100
AcDbEntity
  8
LN-HATCH
 62
7
100
AcDbHatch
 10
0.0
 20
0.0
 30
0.0
210
0.0
220
0.0
230
1.0
  2
ANSI31
 70
0
 71
0
 91
0
 75
0
 76
1
 98
0
  0
LWPOLYLINE
  5
6C
330
62
100
AcDbEntity
  8
LN-ELEVATION-1
100
AcDbPolyline
 90
4
 70
1
 10
155.8333966266364
 20
105.2020239306148
 10
137.8333966266364
 20
105.2020239306148
 10
137.8333966266364
 20
-123.7979760693852
 10
155.8333966266364
 20
-123.7979760693852
  0
LWPOLYLINE
  5
6D
330
62
100
AcDbEntity
  8
LN-ELEVATION-1
100
AcDbPolyline
 90
4
 70
1
 10
-144.1666033733636
 20
105.2020239306148
 10
-126.1666033733636
 20
105.2020239306148
 10
-126.1666033733636
 20
-123.7979760693852
 10
-144.1666033733636
 20
-123.7979760693852
  0
LWPOLYLINE
  5
6E
330
62
100
AcDbEntity
  8
LN-ELEVATION-1
100
AcDbPolyline
 90
4
 70
1
 10
-126.1666033733636
 20
99.20202393061481
 10
137.8333966266364
 20
99.20202393061481
 10
137.8333966266364
 20
105.2020239306148
 10
-126.1666033733636
 20
105.2020239306148
  0
ENDBLK
  5
64
330
62
100
AcDbEntity
  8
0
100
AcDbBlockEnd
  0
BLOCK
  5
70
330
6F
100
AcDbEntity
  8
0
100
AcDbBlockBegin
  2
12MM VC PLAN
 70
0
 10
0.0
 20
0.0
 30
0.0
  3
12MM VC PLAN
  1

  0
HATCH
  5
72
330
6F
100
AcDbEntity
  8
LN-HATCH
 62
7
100
AcDbHatch
 10
0.0
 20
0.0
 30
0.0
210
0.0
220
0.0
230
1.0
  2
ANSI31
 70
0
 71
0
 91
0
 75
0
 76
1
 98
0
  0
HATCH
  5
73
330
6F
100
AcDbEntity
  8
LN-HATCH
 62
7
100
AcDbHatch
 10
0.0
 20
0.0
 30
0.0
210
0.0
220
0.0
230
1.0
  2
ANSI31
 70
0
 71
0
 91
0
 75
0
 76
1
 98
0
  0
HATCH
  5
74
330
6F
100
AcDbEntity
  8
LN-HATCH
 62
7
100
AcDbHatch
 10
0.0
 20
0.0
 30
0.0
210
0.0
220
0.0
230
1.0
  2
ANSI31
 70
0
 71
0
 91
0
 75
0
 76
1
 98
0
  0
HATCH
  5
75
330
6F
100
AcDbEntity
  8
LN-HATCH
 62
7
100
AcDbHatch
 10
0.0
 20
0.0
 30
0.0
210
0.0
220
0.0
230
1.0
  2
ANSI31
 70
0
 71
0
 91
0
 75
0
 76
1
 98
0
  0
LWPOLYLINE
  5
76
330
6F
100
AcDbEntity
  8
LN-ELEVATION-1
100
AcDbPolyline
 90
8
 70
1
 10
-1200.0
 20
250.0
 10
-1200.0
 20
60.0
 10
-1194.0
 20
60.0
 10
-1194.0
 20
50.0
 10
-1200.0
 20
50.0
 10
-1200.0
 20
6.0
 10
-1182.0
 20
6.0
 10
-1182.0
 20
250.0
  0
LWPOLYLINE
  5
77
330
6F
100
AcDbEntity
  8
LN-ELEVATION-1
100
AcDbPolyline
 90
8
 70
1
 10
0.0
 20
250.0
 10
0.0
 20
60.0
 10
-6.0
 20
60.0
 10
-6.0
 20
50.0
 10
0.0
 20
50.0
 10
0.0
 20
6.0
 10
-18.0
 20
6.0
 10
-18.0
 20
250.0
  0
LWPOLYLINE
  5
78
330
6F
100
AcDbEntity
  8
LN-ELEVATION-1
100
AcDbPolyline
 90
4
 70
1
 10
-18.0
 20
238.0
 10
-1182.0
 20
238.0
 10
-1182.0
 20
244.0
 10
-18.0
 20
244.0
  0
LWPOLYLINE
  5
79
330
6F
100
AcDbEntity
  8
LN-ELEVATION-1
100
AcDbPolyline
 90
4
 70
1
 10
-1165.0
 20
6.0
 10
-1165.0
 20
0.0
 10
-1200.0
 20
0.0
 10
-1200.0
 20
6.0
  0
LWPOLYLINE
  5
7A
330
6F
100
AcDbEntity
  8
LN-ELEVATION-1
100
AcDbPolyline
 90
4
 70
1
 10
-35.0
 20
6.0
 10
-35.0
 20
0.0
 10
0.0
 20
0.0
 10
0.0
 20
6.0
  0
LINE
  5
7B
330
6F
100
AcDbEntity
  8
LN-ELEVATION-3
100
AcDbLine
 10
-35.0
 20
0.0
 30
0.0
 11
-1165.0
 21
0.0
 31
0.0
  0
LINE
  5
7C
330
6F
100
AcDbEntity
  8
LN-ELEVATION-3
100
AcDbLine
 10
-1165.0
 20
6.0
 30
0.0
 11
-35.0
 21
6.0
 31
0.0
  0
LINE
  5
7D
330
6F
100
AcDbEntity
  8
LN-ELEVATION-3
100
AcDbLine
 10
-1182.0
 20
250.0
 30
0.0
 11
-18.0
 21
250.0
 31
0.0
  0
LWPOLYLINE
  5
7E
330
6F
100
AcDbEntity
  8
LN-ELEVATION-3
100
AcDbPolyline
 90
4
 70
1
 10
-1165.000000000465
 20
226.0
 10
-35.0
 20
226.0
 10
-35.0
 20
18.0
 10
-1165.000000000465
 20
18.0
  0
LWPOLYLINE
  5
7F
330
6F
100
AcDbEntity
  8
LN-ELEVATION-3
100
AcDbPolyline
 90
4
 70
1
 10
-1165.000000000465
 20
226.0
 10
-983.3333333334886
 20
226.0
 10
-983.3333333334886
 20
162.0
 10
-1165.000000000465
 20
162.0
  0
LWPOLYLINE
  5
80
330
6F
100
AcDbEntity
  8
LN-ELEVATION-3
100
AcDbPolyline
 90
4
 70
1
 10
-975.3333333334886
 20
226.0
 10
-793.6666666665114
 20
226.0
 10
-793.6666666665114
 20
162.0
 10
-975.3333333334886
 20
162.0
  0
LWPOLYLINE
  5
81
330
6F
100
AcDbEntity
  8
LN-ELEVATION-3
100
AcDbPolyline
 90
4
 70
1
 10
-975.3333333334886
 20
154.0
 10
-793.6666666665114
 20
154.0
 10
-793.6666666665114
 20
90.0
 10
-975.3333333334886
 20
90.0
  0
LWPOLYLINE
  5
82
330
6F
100
AcDbEntity
  8
LN-ELEVATION-3
100
AcDbPolyline
 90
4
 70
1
 10
-1165.000000000465
 20
90.0
 10
-983.3333333334886
 20
90.0
 10
-983.3333333334886
 20
154.0
 10
-1165.000000000465
 20
154.0
  0
LWPOLYLINE
  5
83
330
6F
100
AcDbEntity
  8
LN-ELEVATION-3
100
AcDbPolyline
 90
4
 70
1
 10
-1165.000000000465
 20
82.0
 10
-983.3333333334886
 20
82.0
 10
-983.3333333334886
 20
18.0
 10
-1165.000000000465
 20
18.0
  0
LWPOLYLINE
  5
84
330
6F
100
AcDbEntity
  8
LN-ELEVATION-3
100
AcDbPolyline
 90
4
 70
1
 10
-975.3333333334886
 20
82.0
 10
-793.6666666665114
 20
82.0
 10
-793.6666666665114
 20
18.0
 10
-975.3333333334886
 20
18.0
  0
LWPOLYLINE
  5
85
330
6F
100
AcDbEntity
  8
LN-ELEVATION-3
100
AcDbPolyline
 90
4
 70
1
 10
-785.6666666665114
 20
226.0
 10
-603.9999999995343
 20
226.0
 10
-603.9999999995343
 20
162.0
 10
-785.6666666665114
 20
162.0
  0
LWPOLYLINE
  5
86
330
6F
100
AcDbEntity
  8
LN-ELEVATION-3
100
AcDbPolyline
 90
4
 70
1
 10
-785.6666666665114
 20
154.0
 10
-603.9999999995343
 20
154.0
 10
-603.9999999995343
 20
90.0
 10
-785.6666666665114
 20
90.0
  0
LWPOLYLINE
  5
87
330
6F
100
AcDbEntity
  8
LN-ELEVATION-3
100
AcDbPolyline
 90
4
 70
1
 10
-785.6666666665114
 20
82.0
 10
-603.9999999995343
 20
82.0
 10
-603.9999999995343
 20
18.0
 10
-785.6666666665114
 20
18.0
  0
LWPOLYLINE
  5
88
330
6F
100
AcDbEntity
  8
LN-ELEVATION-3
100
AcDbPolyline
 90
4
 70
1
 10
-595.9999999995343
 20
226.0
 10
-414.3333333325572
 20
226.0
 10
-414.3333333325572
 20
162.0
 10
-595.9999999995343
 20
162.0
  0
LWPOLYLINE
  5
89
330
6F
100
AcDbEntity
  8
LN-ELEVATION-3
100
AcDbPolyline
 90
4
 70
1
 10
-595.9999999995343
 20
154.0
 10
-414.3333333325572
 20
154.0
 10
-414.3333333325572
 20
90.0
 10
-595.9999999995343
 20
90.0
  0
LWPOLYLINE
  5
8A
330
6F
100
AcDbEntity
  8
LN-ELEVATION-3
100
AcDbPolyline
 90
4
 70
1
 10
-595.9999999995343
 20
82.0
 10
-414.3333333325572
 20
82.0
 10
-414.3333333325572
 20
18.0
 10
-595.9999999995343
 20
18.0
  0
LWPOLYLINE
  5
8B
330
6F
100
AcDbEntity
  8
LN-ELEVATION-3
100
AcDbPolyline
 90
4
 70
1
 10
-406.3333333325572
 20
226.0
 10
-224.6666666655801
 20
226.0
 10
-224.6666666655801
 20
162.0
 10
-406.3333333325572
 20
162.0
  0
LWPOLYLINE
  5
8C
330
6F
100
AcDbEntity
  8
LN-ELEVATION-3
100
AcDbPolyline
 90
4
 70
1
 10
-406.3333333325572
 20
154.0
 10
-224.6666666655801
 20
154.0
 10
-224.6666666655801
 20
90.0
 10
-406.3333333325572
 20
90.0
  0
LWPOLYLINE
  5
8D
330
6F
100
AcDbEntity
  8
LN-ELEVATION-3
100
AcDbPolyline
 90
4
 70
1
 10
-406.3333333325572
 20
82.0
 10
-224.6666666655801
 20
82.0
 10
-224.6666666655801
 20
18.0
 10
-406.3333333325572
 20
18.0
  0
LWPOLYLINE
  5
8E
330
6F
100
AcDbEntity
  8
LN-ELEVATION-3
100
AcDbPolyline
 90
4
 70
1
 10
-216.6666666655801
 20
226.0
 10
-34.99999999860302
 20
226.0
 10
-34.99999999860302
 20
162.0
 10
-216.6666666655801
 20
162.0
  0
LWPOLYLINE
  5
8F
330
6F
100
AcDbEntity
  8
LN-ELEVATION-3
100
AcDbPolyline
 90
4
 70
1
 10
-216.6666666655801
 20
154.0
 10
-34.99999999860302
 20
154.0
 10
-34.99999999860302
 20
90.0
 10
-216.6666666655801
 20
90.0
  0
LWPOLYLINE
  5
90
330
6F
100
AcDbEntity
  8
LN-ELEVATION-3
100
AcDbPolyline
 90
4
 70
1
 10
-216.6666666655801
 20
82.0
 10
-34.99999999860302
 20
82.0
 10
-34.99999999860302
 20
18.0
 10
-216.6666666655801
 20
18.0
  0
ENDBLK
  5
71
330
6F
100
AcDbEntity
  8
0
100
AcDbBlockEnd
  0
BLOCK
  5
92
330
91
100
AcDbEntity
  8
0
100
AcDbBlockBegin
  2
rtf
 70
0
 10
0.0
 20
0.0
 30
0.0
  3
rtf
  1

  0
ARC
  5
94
330
91
100
AcDbEntity
  8
0
  6
ByBlock
 62
0
100
AcDbCircle
 10
16412.5253540573
 20
-172805.1007600746
 30
0.0
 40
17.5
100
AcDbArc
 50
21.05058810897431
 51
340.9421780194656
  0
LINE
  5
95
330
91
100
AcDbEntity
  8
0
  6
ByBlock
 62
0
100
AcDbLine
 10
16412.5253540573
 20
-172798.8148984113
 30
0.0
 11
16452.40026456733
 21
-172798.8148984113
 31
0.0
  0
LINE
  5
96
330
91
100
AcDbEntity
  8
0
  6
ByBlock
 62
0
100
AcDbLine
 10
16412.5253540573
 20
-172810.8148984113
 30
0.0
 11
16452.40026456733
 21
-172810.8148984113
 31
0.0
  0
LINE
  5
97
330
91
100
AcDbEntity
  8
0
  6
ByBlock
 62
0
100
AcDbLine
 10
16412.5253540573
 20
-172810.8148984113
 30
0.0
 11
16412.5253540573
 21
-172798.8148984113
 31
0.0
  0
ARC
  5
98
330
91
100
AcDbEntity
  8
0
  6
ByBlock
 62
0
100
AcDbCircle
 10
16444.53660690578
 20
-172804.8148984114
 30
0.0
 40
9.891264419597855
100
AcDbArc
 50
322.656233941354
 51
37.34376605891414
  0
LINE
  5
99
330
91
100
AcDbEntity
  8
0
  6
ByBlock
 62
0
100
AcDbLine
 10
16425.26329468148
 20
-172793.1007600746
 30
0.0
 11
16535.26329468148
 21
-172793.1007600746
 31
0.0
  0
LINE
  5
9A
330
91
100
AcDbEntity
  8
0
  6
ByBlock
 62
0
100
AcDbLine
 10
16425.26329468148
 20
-172817.1007600746
 30
0.0
 11
16535.26329468148
 21
-172817.1007600746
 31
0.0
  0
LINE
  5
9B
330
91
100
AcDbEntity
  8
0
  6
ByBlock
 62
0
100
AcDbLine
 10
16535.26329468148
 20
-172793.1007600746
 30
0.0
 11
16535.26329468148
 21
-172817.1007600746
 31
0.0
  0
ENDBLK
  5
93
330
91
100
AcDbEntity
  8
0
100
AcDbBlockEnd
  0
BLOCK
  5
9D
330
9C
100
AcDbEntity
  8
0
100
AcDbBlockBegin
  2
dsg
 70
0
 10
0.0
 20
0.0
 30
0.0
  3
dsg
  1

  0
CIRCLE
  5
9F
330
9C
100
AcDbEntity
  8
0
  6
ByBlock
 62
0
100
AcDbCircle
 10
11491.5035008227
 20
-171102.5847399924
 30
0.0
 40
155.0
  0
CIRCLE
  5
A0
330
9C
100
AcDbEntity
  8
0
  6
ByBlock
 62
0
100
AcDbCircle
 10
11491.5035008227
 20
-171102.5847399924
 30
0.0
 40
143.0
  0
CIRCLE
  5
A1
330
9C
100
AcDbEntity
  8
0
  6
ByBlock
 62
0
100
AcDbCircle
 10
11491.5035008227
 20
-171102.5847399924
 30
0.0
 40
25.0
  0
INSERT
  5
A2
330
9C
100
AcDbEntity
  8
0
  6
ByBlock
 62
0
100
AcDbBlockReference
  2
rtf
 10
-5117.472106590168
 20
1702.9323767405
 30
0.0
  0
CIRCLE
  5
A4
330
9C
100
AcDbEntity
  8
0
  6
ByBlock
 62
0
100
AcDbCircle
 10
11491.5035008227
 20
-171102.5847399924
 30
0.0
 40
20.0
  0
ENDBLK
  5
9E
330
9C
100
AcDbEntity
  8
0
100
AcDbBlockEnd
  0
BLOCK
  5
A6
330
A5
100
AcDbEntity
  8
0
100
AcDbBlockBegin
  2
blu zero rack details
 70
0
 10
0.0
 20
0.0
 30
0.0
  3
blu zero rack details
  1

  0
LWPOLYLINE
  5
A8
330
A5
100
AcDbEntity
  8
LENS_FURNITURE
 62
1
100
AcDbPolyline
 90
4
 70
1
 10
86106.6987006863
 20
120883.4167564928
 10
86106.6987006863
 20
120433.4167564928
 10
86056.69870068632
 20
120433.4167564928
 10
86056.69870068632
 20
120883.4167564928
  0
LWPOLYLINE
  5
A9
330
A5
100
AcDbEntity
  8
LENS_FURNITURE
 62
1
100
AcDbPolyline
 90
4
 70
1
 10
86206.6987006863
 20
120883.4167564928
 10
86206.6987006863
 20
120433.4167564928
 10
85906.69870068632
 20
120433.4167564928
 10
85906.69870068632
 20
120883.4167564928
  0
LWPOLYLINE
  5
AA
330
A5
100
AcDbEntity
  8
LENS_FURNITURE
  6
D10_DASHED
 62
1
100
AcDbPolyline
 90
4
 70
1
 10
86085.69870068633
 20
120858.4167564928
 10
86085.69870068633
 20
120458.4167564928
 10
86077.6987006863
 20
120458.4167564928
 10
86077.6987006863
 20
120858.4167564928
  0
ENDBLK
  5
A7
330
A5
100
AcDbEntity
  8
0
100
AcDbBlockEnd
  0
BLOCK
  5
AC
330
AB
100
AcDbEntity
  8
0
100
AcDbBlockBegin
  2
DGHRTGUJTW
 70
0
 10
0.0
 20
0.0
 30
0.0
  3
DGHRTGUJTW
  1

  0
HATCH
  5
AE
330
AB
100
AcDbEntity
  8
LN-HATCH
 62
7
100
AcDbHatch
 10
0.0
 20
0.0
 30
0.0
210
0.0
220
0.0
230
1.0
  2
ANSI31
 70
0
 71
0
 91
0
 75
0
 76
1
 98
0
  0
HATCH
  5
AF
330
AB
100
AcDbEntity
  8
LN-HATCH
 62
7
100
AcDbHatch
 10
0.0
 20
0.0
 30
0.0
210
0.0
220
0.0
230
1.0
  2
ANSI31
 70
0
 71
0
 91
0
 75
0
 76
1
 98
0
  0
HATCH
  5
B0
330
AB
100
AcDbEntity
  8
LN-HATCH
 62
7
100
AcDbHatch
 10
0.0
 20
0.0
 30
0.0
210
0.0
220
0.0
230
1.0
  2
ANSI31
 70
0
 71
0
 91
0
 75
0
 76
1
 98
0
  0
HATCH
  5
B1
330
AB
100
AcDbEntity
  8
LN-HATCH
 62
7
100
AcDbHatch
 10
0.0
 20
0.0
 30
0.0
210
0.0
220
0.0
230
1.0
  2
ANSI31
 70
0
 71
0
 91
0
 75
0
 76
1
 98
0
  0
HATCH
  5
B2
330
AB
100
AcDbEntity
  8
LN-HATCH
 62
7
100
AcDbHatch
 10
0.0
 20
0.0
 30
0.0
210
0.0
220
0.0
230
1.0
  2
ANSI31
 70
0
 71
0
 91
0
 75
0
 76
1
 98
0
  0
LWPOLYLINE
  5
B3
330
AB
100
AcDbEntity
  8
LN-ELEVATION-1
100
AcDbPolyline
 90
4
 70
1
 10
-18.0
 20
0.0
 10
0.0
 20
0.0
 10
0.0
 20
-240.0
 10
-18.0
 20
-240.0
  0
LWPOLYLINE
  5
B4
330
AB
100
AcDbEntity
  8
LN-ELEVATION-1
100
AcDbPolyline
 90
4
 70
1
 10
-600.0000000009313
 20
0.0
 10
-582.0000000009313
 20
0.0
 10
-582.0000000009313
 20
-240.0
 10
-600.0000000009313
 20
-240.0
  0
LWPOLYLINE
  5
B5
330
AB
100
AcDbEntity
  8
LN-ELEVATION-1
100
AcDbPolyline
 90
4
 70
1
 10
-582.0000000009313
 20
-40.0
 10
-18.0
 20
-40.0
 10
-18.0
 20
-34.0
 10
-582.0000000009313
 20
-34.0
  0
LWPOLYLINE
  5
B6
330
AB
100
AcDbEntity
  8
LN-ELEVATION-1
100
AcDbPolyline
 90
4
 70
1
 10
-600.0000000009313
 20
-250.0
 10
-565.0000000009312
 20
-250.0
 10
-565.0000000009312
 20
-240.0
 10
-600.0000000009313
 20
-240.0
  0
LWPOLYLINE
  5
B7
330
AB
100
AcDbEntity
  8
LN-ELEVATION-1
100
AcDbPolyline
 90
4
 70
1
 10
-35.0
 20
-250.0
 10
0.0
 20
-250.0
 10
0.0
 20
-240.0
 10
-35.0
 20
-240.0
  0
LINE
  5
B8
330
AB
100
AcDbEntity
  8
HIDDEN LINE
  6
ACAD_ISO03W100
100
AcDbLine
 10
-565.0000000009312
 20
-250.0
 30
0.0
 11
-35.0
 21
-250.0
 31
0.0
  0
LINE
  5
B9
330
AB
100
AcDbEntity
  8
HIDDEN LINE
  6
ACAD_ISO03W100
100
AcDbLine
 10
-35.0
 20
-240.0
 30
0.0
 11
-565.0000000009312
 21
-240.0
 31
0.0
  0
LINE
  5
BA
330
AB
100
AcDbEntity
  8
LN-ELEVATION-4
100
AcDbLine
 10
-18.0
 20
0.0
 30
0.0
 11
-582.0000000009313
 21
0.0
 31
0.0
  0
HATCH
  5
BB
330
AB
100
AcDbEntity
  8
LN-HATCH
 62
7
100
AcDbHatch
 10
0.0
 20
0.0
 30
0.0
210
0.0
220
0.0
230
1.0
  2
ANSI31
 70
0
 71
0
 91
0
 75
0
 76
1
 98
0
  0
HATCH
  5
BC
330
AB
100
AcDbEntity
  8
LN-HATCH
 62
7
100
AcDbHatch
 10
0.0
 20
0.0
 30
0.0
210
0.0
220
0.0
230
1.0
  2
ANSI31
 70
0
 71
0
 91
0
 75
0
 76
1
 98
0
  0
LWPOLYLINE
  5
BD
330
AB
100
AcDbEntity
  8
LN-ELEVATION-1
100
AcDbPolyline
 90
4
 70
1
 10
-402.0000000004656
 20
-40.0
 10
-384.0000000004657
 20
-40.0
 10
-384.0000000004657
 20
-240.0
 10
-402.0000000004656
 20
-240.0
  0
LWPOLYLINE
  5
BE
330
AB
100
AcDbEntity
  8
LN-ELEVATION-1
100
AcDbPolyline
 90
4
 70
1
 10
-216.0000000004657
 20
-40.0
 10
-198.0000000004656
 20
-40.0
 10
-198.0000000004656
 20
-240.0
 10
-216.0000000004657
 20
-240.0
  0
ENDBLK
  5
AD
330
AB
100
AcDbEntity
  8
0
100
AcDbBlockEnd
  0
BLOCK
  5
C0
330
BF
100
AcDbEntity
  8
0
100
AcDbBlockBegin
  2
DFGHTHRTWE
 70
0
 10
0.0
 20
0.0
 30
0.0
  3
DFGHTHRTWE
  1

  0
LWPOLYLINE
  5
C2
330
BF
100
AcDbEntity
  8
LN-ELEVATION-1
100
AcDbPolyline
 90
8
 70
1
 10
130.0
 20
-225.0
 10
-130.0
 20
-225.0
 10
-150.0
 20
-205.0
 10
-150.0
 20
55.0
 10
-130.0
 20
75.0
 10
130.0
 20
75.0
 10
150.0
 20
55.0
 10
150.0
 20
-205.0
  0
LWPOLYLINE
  5
C3
330
BF
100
AcDbEntity
  8
LN-ELEVATION-3
  6
ACAD_ISO03W100
100
AcDbPolyline
 90
4
 70
1
 10
100.0
 20
-175.0
 10
-100.0
 20
-175.0
 10
-100.0
 20
25.0
 10
100.0
 20
25.0
  0
LWPOLYLINE
  5
C4
330
BF
100
AcDbEntity
  8
LN-ELEVATION-3
  6
ACAD_ISO03W100
100
AcDbPolyline
 90
4
 70
1
 10
75.0
 20
-150.0
 10
-75.0
 20
-150.0
 10
-75.0
 20
0.0
 10
75.0
 20
0.0
  0
LWPOLYLINE
  5
C5
330
BF
100
AcDbEntity
  8
LN-ELEVATION-3
  6
ACAD_ISO03W100
100
AcDbPolyline
 90
4
 70
0
 10
132.2008663183078
 20
74.87853584764525
 10
124.696699141059
 20
67.3743686703965
 10
142.3743686708621
 20
49.69669914105907
 10
149.8785358476452
 20
57.20086631807498
  0
LWPOLYLINE
  5
C6
330
BF
100
AcDbEntity
  8
LN-ELEVATION-5
100
AcDbPolyline
 90
4
 70
0
 10
149.8785358476452
 20
57.20086631807498
 10
160.0520382001995
 20
67.37436867062934
 10
142.3743686708621
 20
85.05203819996677
 10
132.2008663183078
 20
74.87853584787806
  0
LWPOLYLINE
  5
C7
330
BF
100
AcDbEntity
  8
LN-ELEVATION-3
  6
ACAD_ISO03W100
100
AcDbPolyline
 90
4
 70
0
 10
-132.2008663183078
 20
74.87853584764525
 10
-124.696699141059
 20
67.3743686703965
 10
-142.3743686708621
 20
49.69669914105907
 10
-149.8785358476452
 20
57.20086631807498
  0
LWPOLYLINE
  5
C8
330
BF
100
AcDbEntity
  8
LN-ELEVATION-5
100
AcDbPolyline
 90
4
 70
0
 10
-149.8785358476452
 20
57.20086631807498
 10
-160.0520382001995
 20
67.37436867062934
 10
-142.3743686708621
 20
85.05203819996677
 10
-132.2008663183078
 20
74.87853584787806
  0
LWPOLYLINE
  5
C9
330
BF
100
AcDbEntity
  8
LN-ELEVATION-3
  6
ACAD_ISO03W100
100
AcDbPolyline
 90
4
 70
0
 10
132.2008663183078
 20
-224.8785358476453
 10
124.696699141059
 20
-217.3743686703965
 10
142.3743686708621
 20
-199.6966991410591
 10
149.8785358476452
 20
-207.200866318075
  0
LWPOLYLINE
  5
CA
330
BF
100
AcDbEntity
  8
LN-ELEVATION-5
100
AcDbPolyline
 90
4
 70
0
 10
149.8785358476452
 20
-207.200866318075
 10
160.0520382001995
 20
-217.3743686706294
 10
142.3743686708621
 20
-235.0520381999668
 10
132.2008663183078
 20
-224.8785358478781
  0
LWPOLYLINE
  5
CB
330
BF
100
AcDbEntity
  8
LN-ELEVATION-5
100
AcDbPolyline
 90
4
 70
0
 10
-149.8785358476452
 20
-207.200866318075
 10
-160.0520382001995
 20
-217.3743686706294
 10
-142.3743686708621
 20
-235.0520381999668
 10
-132.2008663183078
 20
-224.8785358478781
  0
LWPOLYLINE
  5
CC
330
BF
100
AcDbEntity
  8
LN-ELEVATION-3
  6
ACAD_ISO03W100
100
AcDbPolyline
 90
4
 70
0
 10
-132.2008663183078
 20
-224.8785358476453
 10
-124.696699141059
 20
-217.3743686703965
 10
-142.3743686708621
 20
-199.6966991410591
 10
-149.8785358476452
 20
-207.200866318075
  0
LINE
  5
CD
330
BF
100
AcDbEntity
  8
LN-ELEVATION-3
  6
ACAD_ISO03W100
100
AcDbLine
 10
82.3223304701969
 20
25.0
 30
0.0
 11
124.6966991401277
 21
67.374368671095
 31
0.0
  0
LINE
  5
CE
330
BF
100
AcDbEntity
  8
LN-ELEVATION-3
  6
ACAD_ISO03W100
100
AcDbLine
 10
100.0
 20
7.322330470196902
 30
0.0
 11
142.3743686703965
 21
49.69669914152472
 31
0.0
  0
LINE
  5
CF
330
BF
100
AcDbEntity
  8
LN-ELEVATION-3
  6
ACAD_ISO03W100
100
AcDbLine
 10
-82.3223304701969
 20
25.0
 30
0.0
 11
-124.6966991401277
 21
67.374368671095
 31
0.0
  0
LINE
  5
D0
330
BF
100
AcDbEntity
  8
LN-ELEVATION-3
  6
ACAD_ISO03W100
100
AcDbLine
 10
-100.0
 20
7.322330470196902
 30
0.0
 11
-142.3743686703965
 21
49.69669914152472
 31
0.0
  0
LINE
  5
D1
330
BF
100
AcDbEntity
  8
LN-ELEVATION-3
  6
ACAD_ISO03W100
100
AcDbLine
 10
82.3223304701969
 20
-175.0
 30
0.0
 11
124.6966991401277
 21
-217.374368671095
 31
0.0
  0
LINE
  5
D2
330
BF
100
AcDbEntity
  8
LN-ELEVATION-3
  6
ACAD_ISO03W100
100
AcDbLine
 10
100.0
 20
-157.3223304701969
 30
0.0
 11
142.3743686703965
 21
-199.6966991415247
 31
0.0
  0
LINE
  5
D3
330
BF
100
AcDbEntity
  8
LN-ELEVATION-3
  6
ACAD_ISO03W100
100
AcDbLine
 10
-82.3223304701969
 20
-175.0
 30
0.0
 11
-124.6966991401277
 21
-217.374368671095
 31
0.0
  0
LINE
  5
D4
330
BF
100
AcDbEntity
  8
LN-ELEVATION-3
  6
ACAD_ISO03W100
100
AcDbLine
 10
-100.0
 20
-157.3223304701969
 30
0.0
 11
-142.3743686703965
 21
-199.6966991415247
 31
0.0
  0
LINE
  5
D5
330
BF
100
AcDbEntity
  8
LN-ELEVATION-3
  6
ACAD_ISO03W100
100
AcDbLine
 10
142.3743686708621
 20
-199.6966991410591
 30
0.0
 11
142.3743686708621
 21
49.69669914105907
 31
0.0
  0
LINE
  5
D6
330
BF
100
AcDbEntity
  8
LN-ELEVATION-3
  6
ACAD_ISO03W100
100
AcDbLine
 10
117.3743686703965
 20
-174.6966991408262
 30
0.0
 11
117.3743686703965
 21
24.69669914152473
 31
0.0
  0
LINE
  5
D7
330
BF
100
AcDbEntity
  8
LN-ELEVATION-3
  6
ACAD_ISO03W100
100
AcDbLine
 10
124.696699141059
 20
67.3743686703965
 30
0.0
 11
-124.6966991401277
 21
67.374368671095
 31
0.0
  0
LINE
  5
D8
330
BF
100
AcDbEntity
  8
LN-ELEVATION-3
  6
ACAD_ISO03W100
100
AcDbLine
 10
99.69669914059341
 20
42.3743686703965
 30
0.0
 11
-99.69669913966207
 21
42.374368671095
 31
0.0
  0
LINE
  5
D9
330
BF
100
AcDbEntity
  8
LN-ELEVATION-3
  6
ACAD_ISO03W100
100
AcDbLine
 10
124.696699141059
 20
-217.3743686703965
 30
0.0
 11
-124.6966991401277
 21
-217.374368671095
 31
0.0
  0
LINE
  5
DA
330
BF
100
AcDbEntity
  8
LN-ELEVATION-3
  6
ACAD_ISO03W100
100
AcDbLine
 10
99.69669914059341
 20
-192.3743686703965
 30
0.0
 11
-99.69669913966207
 21
-192.374368671095
 31
0.0
  0
LINE
  5
DB
330
BF
100
AcDbEntity
  8
LN-ELEVATION-3
  6
ACAD_ISO03W100
100
AcDbLine
 10
-142.3743686708621
 20
-199.6966991410591
 30
0.0
 11
-142.3743686708621
 21
49.69669914105907
 31
0.0
  0
LINE
  5
DC
330
BF
100
AcDbEntity
  8
LN-ELEVATION-3
  6
ACAD_ISO03W100
100
AcDbLine
 10
-117.3743686703965
 20
-174.6966991408262
 30
0.0
 11
-117.3743686703965
 21
24.69669914152473
 31
0.0
  0
ENDBLK
  5
C1
330
BF
100
AcDbEntity
  8
0
100
AcDbBlockEnd
  0
BLOCK
  5
DE
330
DD
100
AcDbEntity
  8
0
100
AcDbBlockBegin
  2
1010MM VC PLAN
 70
0
 10
0.0
 20
0.0
 30
0.0
  3
1010MM VC PLAN
  1

  0
HATCH
  5
E0
330
DD
100
AcDbEntity
  8
LN-HATCH
 62
7
100
AcDbHatch
 10
0.0
 20
0.0
 30
0.0
210
0.0
220
0.0
230
1.0
  2
ANSI31
 70
0
 71
0
 91
0
 75
0
 76
1
 98
0
  0
HATCH
  5
E1
330
DD
100
AcDbEntity
  8
LN-HATCH
 62
7
100
AcDbHatch
 10
0.0
 20
0.0
 30
0.0
210
0.0
220
0.0
230
1.0
  2
ANSI31
 70
0
 71
0
 91
0
 75
0
 76
1
 98
0
  0
HATCH
  5
E2
330
DD
100
AcDbEntity
  8
LN-HATCH
 62
7
100
AcDbHatch
 10
0.0
 20
0.0
 30
0.0
210
0.0
220
0.0
230
1.0
  2
ANSI31
 70
0
 71
0
 91
0
 75
0
 76
1
 98
0
  0
HATCH
  5
E3
330
DD
100
AcDbEntity
  8
LN-HATCH
 62
7
100
AcDbHatch
 10
0.0
 20
0.0
 30
0.0
210
0.0
220
0.0
230
1.0
  2
ANSI31
 70
0
 71
0
 91
0
 75
0
 76
1
 98
0
  0
LWPOLYLINE
  5
E4
330
DD
100
AcDbEntity
  8
LN-ELEVATION-1
100
AcDbPolyline
 90
8
 70
1
 10
-505.166666666977
 20
24.0
 10
-505.166666666977
 20
-166.0
 10
-499.1666666669771
 20
-166.0
 10
-499.1666666669771
 20
-176.0
 10
-505.166666666977
 20
-176.0
 10
-505.166666666977
 20
-220.0
 10
-487.1666666669772
 20
-220.0
 10
-487.1666666669772
 20
24.0
  0
LWPOLYLINE
  5
E5
330
DD
100
AcDbEntity
  8
LN-ELEVATION-1
100
AcDbPolyline
 90
8
 70
1
 10
504.8333333330228
 20
24.0
 10
504.8333333330228
 20
-166.0
 10
498.8333333330228
 20
-166.0
 10
498.8333333330228
 20
-176.0
 10
504.8333333330228
 20
-176.0
 10
504.8333333330228
 20
-220.0
 10
486.8333333330228
 20
-220.0
 10
486.8333333330228
 20
24.0
  0
LWPOLYLINE
  5
E6
330
DD
100
AcDbEntity
  8
LN-ELEVATION-1
100
AcDbPolyline
 90
4
 70
1
 10
486.8333333330228
 20
12.0
 10
-487.1666666669772
 20
12.0
 10
-487.1666666669772
 20
18.0
 10
486.8333333330228
 20
18.0
  0
LWPOLYLINE
  5
E7
330
DD
100
AcDbEntity
  8
LN-ELEVATION-1
100
AcDbPolyline
 90
4
 70
1
 10
-470.1666666669772
 20
-220.0
 10
-470.1666666669772
 20
-226.0
 10
-505.166666666977
 20
-226.0
 10
-505.166666666977
 20
-220.0
  0
LWPOLYLINE
  5
E8
330
DD
100
AcDbEntity
  8
LN-ELEVATION-1
100
AcDbPolyline
 90
4
 70
1
 10
469.8333333330228
 20
-220.0
 10
469.8333333330228
 20
-226.0
 10
504.8333333330228
 20
-226.0
 10
504.8333333330228
 20
-220.0
  0
LINE
  5
E9
330
DD
100
AcDbEntity
  8
LN-ELEVATION-3
100
AcDbLine
 10
469.8333333330228
 20
-226.0
 30
0.0
 11
-470.1666666669772
 21
-226.0
 31
0.0
  0
LINE
  5
EA
330
DD
100
AcDbEntity
  8
LN-ELEVATION-3
100
AcDbLine
 10
-470.1666666669772
 20
-220.0
 30
0.0
 11
469.8333333330228
 21
-220.0
 31
0.0
  0
LINE
  5
EB
330
DD
100
AcDbEntity
  8
LN-ELEVATION-3
100
AcDbLine
 10
-487.1666666669772
 20
24.0
 30
0.0
 11
486.8333333330228
 21
24.0
 31
0.0
  0
LWPOLYLINE
  5
EC
330
DD
100
AcDbEntity
  8
LN-ELEVATION-3
100
AcDbPolyline
 90
4
 70
1
 10
-470.1666666674428
 20
0.0
 10
-288.5000000004657
 20
0.0
 10
-288.5000000004657
 20
-64.0
 10
-470.1666666674428
 20
-64.0
  0
LWPOLYLINE
  5
ED
330
DD
100
AcDbEntity
  8
LN-ELEVATION-3
100
AcDbPolyline
 90
4
 70
1
 10
-280.5000000004657
 20
0.0
 10
-98.83333333348855
 20
0.0
 10
-98.83333333348855
 20
-64.0
 10
-280.5000000004657
 20
-64.0
  0
LWPOLYLINE
  5
EE
330
DD
100
AcDbEntity
  8
LN-ELEVATION-3
100
AcDbPolyline
 90
4
 70
1
 10
-280.5000000004657
 20
-72.0
 10
-98.83333333348855
 20
-72.0
 10
-98.83333333348855
 20
-136.0
 10
-280.5000000004657
 20
-136.0
  0
LWPOLYLINE
  5
EF
330
DD
100
AcDbEntity
  8
LN-ELEVATION-3
100
AcDbPolyline
 90
4
 70
1
 10
-470.1666666674428
 20
-136.0
 10
-288.5000000004657
 20
-136.0
 10
-288.5000000004657
 20
-72.0
 10
-470.1666666674428
 20
-72.0
  0
LWPOLYLINE
  5
F0
330
DD
100
AcDbEntity
  8
LN-ELEVATION-3
100
AcDbPolyline
 90
4
 70
1
 10
-470.1666666674428
 20
-144.0
 10
-288.5000000004657
 20
-144.0
 10
-288.5000000004657
 20
-208.0
 10
-470.1666666674428
 20
-208.0
  0
LWPOLYLINE
  5
F1
330
DD
100
AcDbEntity
  8
LN-ELEVATION-3
100
AcDbPolyline
 90
4
 70
1
 10
-280.5000000004657
 20
-144.0
 10
-98.83333333348855
 20
-144.0
 10
-98.83333333348855
 20
-208.0
 10
-280.5000000004657
 20
-208.0
  0
LWPOLYLINE
  5
F2
330
DD
100
AcDbEntity
  8
LN-ELEVATION-3
100
AcDbPolyline
 90
4
 70
1
 10
-90.83333333348855
 20
0.0
 10
90.83333333348855
 20
0.0
 10
90.83333333348855
 20
-64.0
 10
-90.83333333348855
 20
-64.0
  0
LWPOLYLINE
  5
F3
330
DD
100
AcDbEntity
  8
LN-ELEVATION-3
100
AcDbPolyline
 90
4
 70
1
 10
-90.83333333348855
 20
-72.0
 10
90.83333333348855
 20
-72.0
 10
90.83333333348855
 20
-136.0
 10
-90.83333333348855
 20
-136.0
  0
LWPOLYLINE
  5
F4
330
DD
100
AcDbEntity
  8
LN-ELEVATION-3
100
AcDbPolyline
 90
4
 70
1
 10
-90.83333333348855
 20
-144.0
 10
90.83333333348855
 20
-144.0
 10
90.83333333348855
 20
-208.0
 10
-90.83333333348855
 20
-208.0
  0
LWPOLYLINE
  5
F5
330
DD
100
AcDbEntity
  8
LN-ELEVATION-3
100
AcDbPolyline
 90
4
 70
1
 10
98.83333333348855
 20
0.0
 10
280.5000000004657
 20
0.0
 10
280.5000000004657
 20
-64.0
 10
98.83333333348855
 20
-64.0
  0
LWPOLYLINE
  5
F6
330
DD
100
AcDbEntity
  8
LN-ELEVATION-3
100
AcDbPolyline
 90
4
 70
1
 10
98.83333333348855
 20
-72.0
 10
280.5000000004657
 20
-72.0
 10
280.5000000004657
 20
-136.0
 10
98.83333333348855
 20
-136.0
  0
LWPOLYLINE
  5
F7
330
DD
100
AcDbEntity
  8
LN-ELEVATION-3
100
AcDbPolyline
 90
4
 70
1
 10
98.83333333348855
 20
-144.0
 10
280.5000000004657
 20
-144.0
 10
280.5000000004657
 20
-208.0
 10
98.83333333348855
 20
-208.0
  0
LWPOLYLINE
  5
F8
330
DD
100
AcDbEntity
  8
LN-ELEVATION-3
100
AcDbPolyline
 90
4
 70
1
 10
288.5000000004657
 20
0.0
 10
470.1666666674428
 20
0.0
 10
470.1666666674428
 20
-64.0
 10
288.5000000004657
 20
-64.0
  0
LWPOLYLINE
  5
F9
330
DD
100
AcDbEntity
  8
LN-ELEVATION-3
100
AcDbPolyline
 90
4
 70
1
 10
288.5000000004657
 20
-72.0
 10
470.1666666674428
 20
-72.0
 10
470.1666666674428
 20
-136.0
 10
288.5000000004657
 20
-136.0
  0
LWPOLYLINE
  5
FA
330
DD
100
AcDbEntity
  8
LN-ELEVATION-3
100
AcDbPolyline
 90
4
 70
1
 10
288.5000000004657
 20
-144.0
 10
470.1666666674428
 20
-144.0
 10
470.1666666674428
 20
-208.0
 10
288.5000000004657
 20
-208.0
  0
LWPOLYLINE
  5
FB
330
DD
100
AcDbEntity
  8
LN-ELEVATION-2
100
AcDbPolyline
 90
4
 70
1
 10
470.1666666674428
 20
0.0
 10
-470.1666666674428
 20
0.0
 10
-470.1666666674428
 20
-208.0
 10
470.1666666674428
 20
-208.0
  0
ENDBLK
  5
DF
330
DD
100
AcDbEntity
  8
0
100
AcDbBlockEnd
  0
BLOCK
  5
FD
330
FC
100
AcDbEntity
  8
0
100
AcDbBlockBegin
  2
dfbdfhq
 70
0
 10
0.0
 20
0.0
 30
0.0
  3
dfbdfhq
  1

  0
HATCH
  5
FF
330
FC
100
AcDbEntity
  8
LN-HATCH
 62
7
100
AcDbHatch
 10
0.0
 20
0.0
 30
0.0
210
0.0
220
0.0
230
1.0
  2
ANSI31
 70
0
 71
0
 91
0
 75
0
 76
1
 98
0
  0
HATCH
  5
100
330
FC
100
AcDbEntity
  8
LN-HATCH
 62
7
100
AcDbHatch
 10
0.0
 20
0.0
 30
0.0
210
0.0
220
0.0
230
1.0
  2
ANSI31
 70
0
 71
0
 91
0
 75
0
 76
1
 98
0
  0
HATCH
  5
101
330
FC
100
AcDbEntity
  8
LN-HATCH
 62
7
100
AcDbHatch
 10
0.0
 20
0.0
 30
0.0
210
0.0
220
0.0
230
1.0
  2
ANSI31
 70
0
 71
0
 91
0
 75
0
 76
1
 98
0
  0
HATCH
  5
102
330
FC
100
AcDbEntity
  8
LN-HATCH
 62
7
100
AcDbHatch
 10
0.0
 20
0.0
 30
0.0
210
0.0
220
0.0
230
1.0
  2
ANSI31
 70
0
 71
0
 91
0
 75
0
 76
1
 98
0
  0
HATCH
  5
103
330
FC
100
AcDbEntity
  8
LN-HATCH
 62
7
100
AcDbHatch
 10
0.0
 20
0.0
 30
0.0
210
0.0
220
0.0
230
1.0
  2
ANSI31
 70
0
 71
0
 91
0
 75
0
 76
1
 98
0
  0
LWPOLYLINE
  5
104
330
FC
100
AcDbEntity
  8
LN-ELEVATION-1
100
AcDbPolyline
 90
8
 70
1
 10
-911.7948143622632
 20
1.45519e-11
 10
-911.7948143622632
 20
-189.9999999999854
 10
-905.7948143622637
 20
-189.9999999999854
 10
-905.7948143622637
 20
-199.9999999999854
 10
-911.7948143622632
 20
-199.9999999999854
 10
-911.7948143622632
 20
-243.9999999999855
 10
-886.7948143622632
 20
-243.9999999999855
 10
-886.7948143622632
 20
1.45519e-11
  0
LWPOLYLINE
  5
105
330
FC
100
AcDbEntity
  8
LN-ELEVATION-1
100
AcDbPolyline
 90
8
 70
1
 10
-11.79481436226342
 20
1.45519e-11
 10
-11.79481436226342
 20
-189.9999999999854
 10
-17.79481436226342
 20
-189.9999999999854
 10
-17.79481436226342
 20
-199.9999999999854
 10
-11.79481436226342
 20
-199.9999999999854
 10
-11.79481436226342
 20
-243.9999999999855
 10
-36.79481436226343
 20
-243.9999999999855
 10
-36.79481436226343
 20
1.45519e-11
  0
LWPOLYLINE
  5
106
330
FC
100
AcDbEntity
  8
LN-ELEVATION-1
100
AcDbPolyline
 90
4
 70
1
 10
-36.79481436226343
 20
-39.99999999998546
 10
-886.7948143622632
 20
-39.99999999998546
 10
-886.7948143622632
 20
-33.99999999998545
 10
-36.79481436226343
 20
-33.99999999998545
  0
LWPOLYLINE
  5
107
330
FC
100
AcDbEntity
  8
LN-ELEVATION-1
100
AcDbPolyline
 90
4
 70
1
 10
-876.7948143622632
 20
-243.9999999999855
 10
-876.7948143622632
 20
-249.9999999999854
 10
-911.7948143622632
 20
-249.9999999999854
 10
-911.7948143622632
 20
-243.9999999999855
  0
LWPOLYLINE
  5
108
330
FC
100
AcDbEntity
  8
LN-ELEVATION-1
100
AcDbPolyline
 90
4
 70
1
 10
-46.79481436226342
 20
-243.9999999999855
 10
-46.79481436226342
 20
-249.9999999999854
 10
-11.79481436226342
 20
-249.9999999999854
 10
-11.79481436226342
 20
-243.9999999999855
  0
LINE
  5
109
330
FC
100
AcDbEntity
  8
LN-ELEVATION-3
100
AcDbLine
 10
-46.79481436226342
 20
-249.9999999999854
 30
0.0
 11
-876.7948143622632
 21
-249.9999999999854
 31
0.0
  0
LINE
  5
10A
330
FC
100
AcDbEntity
  8
LN-ELEVATION-3
100
AcDbLine
 10
-876.7948143622632
 20
-243.9999999999855
 30
0.0
 11
-46.79481436226342
 21
-243.9999999999855
 31
0.0
  0
LWPOLYLINE
  5
10B
330
FC
100
AcDbEntity
  8
LN-ELEVATION-4
  6
ACAD_ISO03W100
100
AcDbPolyline
 90
4
 70
1
 10
-886.7948143622632
 20
-219.9999999999854
 10
-36.79481436226343
 20
-219.9999999999854
 10
-36.79481436226343
 20
-231.9999999999855
 10
-886.7948143622632
 20
-231.9999999999855
  0
LINE
  5
10C
330
FC
100
AcDbEntity
  8
LN-ELEVATION-3
100
AcDbLine
 10
-886.7948143622632
 20
1.45519e-11
 30
0.0
 11
-36.79481436226343
 21
1.45519e-11
 31
0.0
  0
ENDBLK
  5
FE
330
FC
100
AcDbEntity
  8
0
100
AcDbBlockEnd
  0
BLOCK
  5
10E
330
10D
100
AcDbEntity
  8
0
100
AcDbBlockBegin
  2
ffgd
 70
0
 10
0.0
 20
0.0
 30
0.0
  3
ffgd
  1

  0
LWPOLYLINE
  5
110
330
10D
100
AcDbEntity
  8
LN-ELEVATION-5
  6
ACAD_ISO03W100
100
AcDbPolyline
 90
4
 70
1
 10
140.0
 20
-41.46233547315932
 10
140.0
 20
-67.14025533781387
 10
-160.0
 20
-67.14025533781387
 10
-160.0
 20
-41.46233547315932
  0
LWPOLYLINE
  5
111
330
10D
100
AcDbEntity
  8
LN-ELEVATION-5
  6
ACAD_ISO03W100
100
AcDbPolyline
 90
4
 70
0
 10
140.0
 20
-67.14025533781387
 10
140.0
 20
-159.8660769073758
 10
-160.0
 20
-159.8660769073758
 10
-160.0
 20
-67.14025533781387
  0
LWPOLYLINE
  5
112
330
10D
100
AcDbEntity
  8
LN-ELEVATION-5
  6
ACAD_ISO03W100
100
AcDbPolyline
 90
4
 70
1
 10
140.0
 20
72.9897628070321
 10
140.0
 20
47.31184294237755
 10
-160.0
 20
47.31184294237755
 10
-160.0
 20
72.9897628070321
  0
LWPOLYLINE
  5
113
330
10D
100
AcDbEntity
  8
LN-ELEVATION-5
  6
ACAD_ISO03W100
100
AcDbPolyline
 90
4
 70
0
 10
140.0
 20
72.9897628070321
 10
140.0
 20
165.715584376594
 10
-160.0
 20
165.715584376594
 10
-160.0
 20
72.9897628070321
  0
LWPOLYLINE
  5
114
330
10D
100
AcDbEntity
  8
LN-ELEVATION-4
  6
ACAD_ISO03W100
100
AcDbPolyline
 90
4
 70
1
 10
0.0
 20
47.31184294237755
 10
0.0
 20
-41.46233547315932
 10
-20.0
 20
-41.46233547315932
 10
-20.0
 20
47.31184294237755
  0
LINE
  5
115
330
10D
100
AcDbEntity
  8
LN-ELEVATION-5
  6
ACAD_ISO03W100
100
AcDbLine
 10
139.8999999999068
 20
165.715584376594
 30
0.0
 11
139.8999999999068
 21
47.31184294237755
 31
0.0
  0
LINE
  5
116
330
10D
100
AcDbEntity
  8
LN-ELEVATION-5
  6
ACAD_ISO03W100
100
AcDbLine
 10
139.8999999999068
 20
-41.46233547315932
 30
0.0
 11
139.8999999999068
 21
-159.8660769073758
 31
0.0
  0
LINE
  5
117
330
10D
100
AcDbEntity
  8
LN-ELEVATION-5
  6
ACAD_ISO03W100
100
AcDbLine
 10
139.6999999997206
 20
165.715584376594
 30
0.0
 11
139.6999999997206
 21
47.31184294237755
 31
0.0
  0
LINE
  5
118
330
10D
100
AcDbEntity
  8
LN-ELEVATION-5
  6
ACAD_ISO03W100
100
AcDbLine
 10
139.6999999997206
 20
-41.46233547315932
 30
0.0
 11
139.6999999997206
 21
-159.8660769073758
 31
0.0
  0
LINE
  5
119
330
10D
100
AcDbEntity
  8
LN-ELEVATION-5
  6
ACAD_ISO03W100
100
AcDbLine
 10
139.3999999999068
 20
165.715584376594
 30
0.0
 11
139.3999999999068
 21
47.31184294237755
 31
0.0
  0
LINE
  5
11A
330
10D
100
AcDbEntity
  8
LN-ELEVATION-5
  6
ACAD_ISO03W100
100
AcDbLine
 10
139.3999999999068
 20
-41.46233547315932
 30
0.0
 11
139.3999999999068
 21
-159.8660769073758
 31
0.0
  0
LINE
  5
11B
330
10D
100
AcDbEntity
  8
LN-ELEVATION-5
  6
ACAD_ISO03W100
100
AcDbLine
 10
139.0
 20
165.715584376594
 30
0.0
 11
139.0
 21
47.31184294237755
 31
0.0
  0
LINE
  5
11C
330
10D
100
AcDbEntity
  8
LN-ELEVATION-5
  6
ACAD_ISO03W100
100
AcDbLine
 10
139.0
 20
-41.46233547315932
 30
0.0
 11
139.0
 21
-159.8660769073758
 31
0.0
  0
LINE
  5
11D
330
10D
100
AcDbEntity
  8
LN-ELEVATION-5
  6
ACAD_ISO03W100
100
AcDbLine
 10
138.5
 20
165.715584376594
 30
0.0
 11
138.5
 21
47.31184294237755
 31
0.0
  0
LINE
  5
11E
330
10D
100
AcDbEntity
  8
LN-ELEVATION-5
  6
ACAD_ISO03W100
100
AcDbLine
 10
138.5
 20
-41.46233547315932
 30
0.0
 11
138.5
 21
-159.8660769073758
 31
0.0
  0
LINE
  5
11F
330
10D
100
AcDbEntity
  8
LN-ELEVATION-5
  6
ACAD_ISO03W100
100
AcDbLine
 10
137.8999999999068
 20
165.715584376594
 30
0.0
 11
137.8999999999068
 21
47.31184294237755
 31
0.0
  0
LINE
  5
120
330
10D
100
AcDbEntity
  8
LN-ELEVATION-5
  6
ACAD_ISO03W100
100
AcDbLine
 10
137.8999999999068
 20
-41.46233547315932
 30
0.0
 11
137.8999999999068
 21
-159.8660769073758
 31
0.0
  0
LINE
  5
121
330
10D
100
AcDbEntity
  8
LN-ELEVATION-5
  6
ACAD_ISO03W100
100
AcDbLine
 10
137.1000000000931
 20
165.715584376594
 30
0.0
 11
137.1000000000931
 21
47.31184294237755
 31
0.0
  0
LINE
  5
122
330
10D
100
AcDbEntity
  8
LN-ELEVATION-5
  6
ACAD_ISO03W100
100
AcDbLine
 10
137.1000000000931
 20
-41.46233547315932
 30
0.0
 11
137.1000000000931
 21
-159.8660769073758
 31
0.0
  0
LINE
  5
123
330
10D
100
AcDbEntity
  8
LN-ELEVATION-5
  6
ACAD_ISO03W100
100
AcDbLine
 10
136.1000000000931
 20
165.715584376594
 30
0.0
 11
136.1000000000931
 21
47.31184294237755
 31
0.0
  0
LINE
  5
124
330
10D
100
AcDbEntity
  8
LN-ELEVATION-5
  6
ACAD_ISO03W100
100
AcDbLine
 10
136.1000000000931
 20
-41.46233547315932
 30
0.0
 11
136.1000000000931
 21
-159.8660769073758
 31
0.0
  0
LINE
  5
125
330
10D
100
AcDbEntity
  8
LN-ELEVATION-5
  6
ACAD_ISO03W100
100
AcDbLine
 10
134.1000000000931
 20
165.715584376594
 30
0.0
 11
134.1000000000931
 21
47.31184294237755
 31
0.0
  0
LINE
  5
126
330
10D
100
AcDbEntity
  8
LN-ELEVATION-5
  6
ACAD_ISO03W100
100
AcDbLine
 10
134.1000000000931
 20
-41.46233547315932
 30
0.0
 11
134.1000000000931
 21
-159.8660769073758
 31
0.0
  0
LINE
  5
127
330
10D
100
AcDbEntity
  8
LN-ELEVATION-5
  6
ACAD_ISO03W100
100
AcDbLine
 10
131.1000000000931
 20
165.715584376594
 30
0.0
 11
131.1000000000931
 21
47.31184294237755
 31
0.0
  0
LINE
  5
128
330
10D
100
AcDbEntity
  8
LN-ELEVATION-5
  6
ACAD_ISO03W100
100
AcDbLine
 10
131.1000000000931
 20
-41.46233547315932
 30
0.0
 11
131.1000000000931
 21
-159.8660769073758
 31
0.0
  0
LINE
  5
129
330
10D
100
AcDbEntity
  8
LN-ELEVATION-5
  6
ACAD_ISO03W100
100
AcDbLine
 10
126.1000000000931
 20
165.715584376594
 30
0.0
 11
126.1000000000931
 21
47.31184294237755
 31
0.0
  0
LINE
  5
12A
330
10D
100
AcDbEntity
  8
LN-ELEVATION-5
  6
ACAD_ISO03W100
100
AcDbLine
 10
126.1000000000931
 20
-41.46233547315932
 30
0.0
 11
126.1000000000931
 21
-159.8660769073758
 31
0.0
  0
LINE
  5
12B
330
10D
100
AcDbEntity
  8
LN-ELEVATION-5
  6
ACAD_ISO03W100
100
AcDbLine
 10
121.1000000000931
 20
165.715584376594
 30
0.0
 11
121.1000000000931
 21
47.31184294237755
 31
0.0
  0
LINE
  5
12C
330
10D
100
AcDbEntity
  8
LN-ELEVATION-5
  6
ACAD_ISO03W100
100
AcDbLine
 10
121.1000000000931
 20
-41.46233547315932
 30
0.0
 11
121.1000000000931
 21
-159.8660769073758
 31
0.0
  0
LINE
  5
12D
330
10D
100
AcDbEntity
  8
LN-ELEVATION-5
  6
ACAD_ISO03W100
100
AcDbLine
 10
115.1000000000931
 20
165.715584376594
 30
0.0
 11
115.1000000000931
 21
47.31184294237755
 31
0.0
  0
LINE
  5
12E
330
10D
100
AcDbEntity
  8
LN-ELEVATION-5
  6
ACAD_ISO03W100
100
AcDbLine
 10
115.1000000000931
 20
-41.46233547315932
 30
0.0
 11
115.1000000000931
 21
-159.8660769073758
 31
0.0
  0
LINE
  5
12F
330
10D
100
AcDbEntity
  8
LN-ELEVATION-5
  6
ACAD_ISO03W100
100
AcDbLine
 10
108.1000000000931
 20
165.715584376594
 30
0.0
 11
108.1000000000931
 21
47.31184294237755
 31
0.0
  0
LINE
  5
130
330
10D
100
AcDbEntity
  8
LN-ELEVATION-5
  6
ACAD_ISO03W100
100
AcDbLine
 10
108.1000000000931
 20
-41.46233547315932
 30
0.0
 11
108.1000000000931
 21
-159.8660769073758
 31
0.0
  0
LINE
  5
131
330
10D
100
AcDbEntity
  8
LN-ELEVATION-5
  6
ACAD_ISO03W100
100
AcDbLine
 10
100.1000000000931
 20
165.715584376594
 30
0.0
 11
100.1000000000931
 21
47.31184294237755
 31
0.0
  0
LINE
  5
132
330
10D
100
AcDbEntity
  8
LN-ELEVATION-5
  6
ACAD_ISO03W100
100
AcDbLine
 10
100.1000000000931
 20
-41.46233547315932
 30
0.0
 11
100.1000000000931
 21
-159.8660769073758
 31
0.0
  0
LINE
  5
133
330
10D
100
AcDbEntity
  8
LN-ELEVATION-5
  6
ACAD_ISO03W100
100
AcDbLine
 10
91.10000000009312
 20
165.715584376594
 30
0.0
 11
91.10000000009312
 21
47.31184294237755
 31
0.0
  0
LINE
  5
134
330
10D
100
AcDbEntity
  8
LN-ELEVATION-5
  6
ACAD_ISO03W100
100
AcDbLine
 10
91.10000000009312
 20
-41.46233547315932
 30
0.0
 11
91.10000000009312
 21
-159.8660769073758
 31
0.0
  0
LINE
  5
135
330
10D
100
AcDbEntity
  8
LN-ELEVATION-5
  6
ACAD_ISO03W100
100
AcDbLine
 10
82.10000000009315
 20
165.715584376594
 30
0.0
 11
82.10000000009315
 21
47.31184294237755
 31
0.0
  0
LINE
  5
136
330
10D
100
AcDbEntity
  8
LN-ELEVATION-5
  6
ACAD_ISO03W100
100
AcDbLine
 10
82.10000000009315
 20
-41.46233547315932
 30
0.0
 11
82.10000000009315
 21
-159.8660769073758
 31
0.0
  0
LINE
  5
137
330
10D
100
AcDbEntity
  8
LN-ELEVATION-5
  6
ACAD_ISO03W100
100
AcDbLine
 10
65.0
 20
165.715584376594
 30
0.0
 11
65.0
 21
47.31184294237755
 31
0.0
  0
LINE
  5
138
330
10D
100
AcDbEntity
  8
LN-ELEVATION-5
  6
ACAD_ISO03W100
100
AcDbLine
 10
65.0
 20
-41.46233547315932
 30
0.0
 11
65.0
 21
-159.8660769073758
 31
0.0
  0
LINE
  5
139
330
10D
100
AcDbEntity
  8
LN-ELEVATION-5
  6
ACAD_ISO03W100
100
AcDbLine
 10
-159.8999999999068
 20
165.715584376594
 30
0.0
 11
-159.8999999999068
 21
47.31184294237755
 31
0.0
  0
LINE
  5
13A
330
10D
100
AcDbEntity
  8
LN-ELEVATION-5
  6
ACAD_ISO03W100
100
AcDbLine
 10
-159.8999999999068
 20
-41.46233547315932
 30
0.0
 11
-159.8999999999068
 21
-159.8660769073758
 31
0.0
  0
LINE
  5
13B
330
10D
100
AcDbEntity
  8
LN-ELEVATION-5
  6
ACAD_ISO03W100
100
AcDbLine
 10
-159.6999999997206
 20
165.715584376594
 30
0.0
 11
-159.6999999997206
 21
47.31184294237755
 31
0.0
  0
LINE
  5
13C
330
10D
100
AcDbEntity
  8
LN-ELEVATION-5
  6
ACAD_ISO03W100
100
AcDbLine
 10
-159.6999999997206
 20
-41.46233547315932
 30
0.0
 11
-159.6999999997206
 21
-159.8660769073758
 31
0.0
  0
LINE
  5
13D
330
10D
100
AcDbEntity
  8
LN-ELEVATION-5
  6
ACAD_ISO03W100
100
AcDbLine
 10
-159.3999999999068
 20
165.715584376594
 30
0.0
 11
-159.3999999999068
 21
47.31184294237755
 31
0.0
  0
LINE
  5
13E
330
10D
100
AcDbEntity
  8
LN-ELEVATION-5
  6
ACAD_ISO03W100
100
AcDbLine
 10
-159.3999999999068
 20
-41.46233547315932
 30
0.0
 11
-159.3999999999068
 21
-159.8660769073758
 31
0.0
  0
LINE
  5
13F
330
10D
100
AcDbEntity
  8
LN-ELEVATION-5
  6
ACAD_ISO03W100
100
AcDbLine
 10
-159.0
 20
165.715584376594
 30
0.0
 11
-159.0
 21
47.31184294237755
 31
0.0
  0
LINE
  5
140
330
10D
100
AcDbEntity
  8
LN-ELEVATION-5
  6
ACAD_ISO03W100
100
AcDbLine
 10
-159.0
 20
-41.46233547315932
 30
0.0
 11
-159.0
 21
-159.8660769073758
 31
0.0
  0
LINE
  5
141
330
10D
100
AcDbEntity
  8
LN-ELEVATION-5
  6
ACAD_ISO03W100
100
AcDbLine
 10
-158.5
 20
165.715584376594
 30
0.0
 11
-158.5
 21
47.31184294237755
 31
0.0
  0
LINE
  5
142
330
10D
100
AcDbEntity
  8
LN-ELEVATION-5
  6
ACAD_ISO03W100
100
AcDbLine
 10
-158.5
 20
-41.46233547315932
 30
0.0
 11
-158.5
 21
-159.8660769073758
 31
0.0
  0
LINE
  5
143
330
10D
100
AcDbEntity
  8
LN-ELEVATION-5
  6
ACAD_ISO03W100
100
AcDbLine
 10
-157.8999999999068
 20
165.715584376594
 30
0.0
 11
-157.8999999999068
 21
47.31184294237755
 31
0.0
  0
LINE
  5
144
330
10D
100
AcDbEntity
  8
LN-ELEVATION-5
  6
ACAD_ISO03W100
100
AcDbLine
 10
-157.8999999999068
 20
-41.46233547315932
 30
0.0
 11
-157.8999999999068
 21
-159.8660769073758
 31
0.0
  0
LINE
  5
145
330
10D
100
AcDbEntity
  8
LN-ELEVATION-5
  6
ACAD_ISO03W100
100
AcDbLine
 10
-157.1000000000931
 20
165.715584376594
 30
0.0
 11
-157.1000000000931
 21
47.31184294237755
 31
0.0
  0
LINE
  5
146
330
10D
100
AcDbEntity
  8
LN-ELEVATION-5
  6
ACAD_ISO03W100
100
AcDbLine
 10
-157.1000000000931
 20
-41.46233547315932
 30
0.0
 11
-157.1000000000931
 21
-159.8660769073758
 31
0.0
  0
LINE
  5
147
330
10D
100
AcDbEntity
  8
LN-ELEVATION-5
  6
ACAD_ISO03W100
100
AcDbLine
 10
-156.1000000000931
 20
165.715584376594
 30
0.0
 11
-156.1000000000931
 21
47.31184294237755
 31
0.0
  0
LINE
  5
148
330
10D
100
AcDbEntity
  8
LN-ELEVATION-5
  6
ACAD_ISO03W100
100
AcDbLine
 10
-156.1000000000931
 20
-41.46233547315932
 30
0.0
 11
-156.1000000000931
 21
-159.8660769073758
 31
0.0
  0
LINE
  5
149
330
10D
100
AcDbEntity
  8
LN-ELEVATION-5
  6
ACAD_ISO03W100
100
AcDbLine
 10
-154.1000000000931
 20
165.715584376594
 30
0.0
 11
-154.1000000000931
 21
47.31184294237755
 31
0.0
  0
LINE
  5
14A
330
10D
100
AcDbEntity
  8
LN-ELEVATION-5
  6
ACAD_ISO03W100
100
AcDbLine
 10
-154.1000000000931
 20
-41.46233547315932
 30
0.0
 11
-154.1000000000931
 21
-159.8660769073758
 31
0.0
  0
LINE
  5
14B
330
10D
100
AcDbEntity
  8
LN-ELEVATION-5
  6
ACAD_ISO03W100
100
AcDbLine
 10
-151.1000000000931
 20
165.715584376594
 30
0.0
 11
-151.1000000000931
 21
47.31184294237755
 31
0.0
  0
LINE
  5
14C
330
10D
100
AcDbEntity
  8
LN-ELEVATION-5
  6
ACAD_ISO03W100
100
AcDbLine
 10
-151.1000000000931
 20
-41.46233547315932
 30
0.0
 11
-151.1000000000931
 21
-159.8660769073758
 31
0.0
  0
LINE
  5
14D
330
10D
100
AcDbEntity
  8
LN-ELEVATION-5
  6
ACAD_ISO03W100
100
AcDbLine
 10
-146.1000000000931
 20
165.715584376594
 30
0.0
 11
-146.1000000000931
 21
47.31184294237755
 31
0.0
  0
LINE
  5
14E
330
10D
100
AcDbEntity
  8
LN-ELEVATION-5
  6
ACAD_ISO03W100
100
AcDbLine
 10
-146.1000000000931
 20
-41.46233547315932
 30
0.0
 11
-146.1000000000931
 21
-159.8660769073758
 31
0.0
  0
LINE
  5
14F
330
10D
100
AcDbEntity
  8
LN-ELEVATION-5
  6
ACAD_ISO03W100
100
AcDbLine
 10
-141.1000000000931
 20
165.715584376594
 30
0.0
 11
-141.1000000000931
 21
47.31184294237755
 31
0.0
  0
LINE
  5
150
330
10D
100
AcDbEntity
  8
LN-ELEVATION-5
  6
ACAD_ISO03W100
100
AcDbLine
 10
-141.1000000000931
 20
-41.46233547315932
 30
0.0
 11
-141.1000000000931
 21
-159.8660769073758
 31
0.0
  0
LINE
  5
151
330
10D
100
AcDbEntity
  8
LN-ELEVATION-5
  6
ACAD_ISO03W100
100
AcDbLine
 10
-135.1000000000931
 20
165.715584376594
 30
0.0
 11
-135.1000000000931
 21
47.31184294237755
 31
0.0
  0
LINE
  5
152
330
10D
100
AcDbEntity
  8
LN-ELEVATION-5
  6
ACAD_ISO03W100
100
AcDbLine
 10
-135.1000000000931
 20
-41.46233547315932
 30
0.0
 11
-135.1000000000931
 21
-159.8660769073758
 31
0.0
  0
LINE
  5
153
330
10D
100
AcDbEntity
  8
LN-ELEVATION-5
  6
ACAD_ISO03W100
100
AcDbLine
 10
-128.1000000000931
 20
165.715584376594
 30
0.0
 11
-128.1000000000931
 21
47.31184294237755
 31
0.0
  0
LINE
  5
154
330
10D
100
AcDbEntity
  8
LN-ELEVATION-5
  6
ACAD_ISO03W100
100
AcDbLine
 10
-128.1000000000931
 20
-41.46233547315932
 30
0.0
 11
-128.1000000000931
 21
-159.8660769073758
 31
0.0
  0
LINE
  5
155
330
10D
100
AcDbEntity
  8
LN-ELEVATION-5
  6
ACAD_ISO03W100
100
AcDbLine
 10
-120.1000000000931
 20
165.715584376594
 30
0.0
 11
-120.1000000000931
 21
47.31184294237755
 31
0.0
  0
LINE
  5
156
330
10D
100
AcDbEntity
  8
LN-ELEVATION-5
  6
ACAD_ISO03W100
100
AcDbLine
 10
-120.1000000000931
 20
-41.46233547315932
 30
0.0
 11
-120.1000000000931
 21
-159.8660769073758
 31
0.0
  0
LINE
  5
157
330
10D
100
AcDbEntity
  8
LN-ELEVATION-5
  6
ACAD_ISO03W100
100
AcDbLine
 10
-111.1000000000931
 20
165.715584376594
 30
0.0
 11
-111.1000000000931
 21
47.31184294237755
 31
0.0
  0
LINE
  5
158
330
10D
100
AcDbEntity
  8
LN-ELEVATION-5
  6
ACAD_ISO03W100
100
AcDbLine
 10
-111.1000000000931
 20
-41.46233547315932
 30
0.0
 11
-111.1000000000931
 21
-159.8660769073758
 31
0.0
  0
LINE
  5
159
330
10D
100
AcDbEntity
  8
LN-ELEVATION-5
  6
ACAD_ISO03W100
100
AcDbLine
 10
-102.1000000000931
 20
165.715584376594
 30
0.0
 11
-102.1000000000931
 21
47.31184294237755
 31
0.0
  0
LINE
  5
15A
330
10D
100
AcDbEntity
  8
LN-ELEVATION-5
  6
ACAD_ISO03W100
100
AcDbLine
 10
-102.1000000000931
 20
-41.46233547315932
 30
0.0
 11
-102.1000000000931
 21
-159.8660769073758
 31
0.0
  0
LINE
  5
15B
330
10D
100
AcDbEntity
  8
LN-ELEVATION-5
  6
ACAD_ISO03W100
100
AcDbLine
 10
-85.0
 20
165.715584376594
 30
0.0
 11
-85.0
 21
47.31184294237755
 31
0.0
  0
LINE
  5
15C
330
10D
100
AcDbEntity
  8
LN-ELEVATION-5
  6
ACAD_ISO03W100
100
AcDbLine
 10
-85.0
 20
-41.46233547315932
 30
0.0
 11
-85.0
 21
-159.8660769073758
 31
0.0
  0
ENDBLK
  5
10F
330
10D
100
AcDbEntity
  8
0
100
AcDbBlockEnd
  0
BLOCK
  5
15E
330
15D
100
AcDbEntity
  8
0
100
AcDbBlockBegin
  2
GHMHHGD
 70
0
 10
0.0
 20
0.0
 30
0.0
  3
GHMHHGD
  1

  0
LINE
  5
160
330
15D
100
AcDbEntity
  8
LENS_PARTITION
100
AcDbLine
 10
204.8214114671573
 20
201.0215792264789
 30
0.0
 11
0.0
 21
204.0690645407885
 31
0.0
  0
LINE
  5
161
330
15D
100
AcDbEntity
  8
LENS_PARTITION
100
AcDbLine
 10
166.6686484739184
 20
201.3390256501734
 30
0.0
 11
166.6686484739184
 21
231.5916885714978
 31
0.0
  0
LINE
  5
162
330
15D
100
AcDbEntity
  8
LENS_PARTITION
100
AcDbLine
 10
204.8214114671573
 20
-245.9309354638681
 30
0.0
 11
-6.99339434505e-05
 21
-245.9309354638681
 31
0.0
  0
LINE
  5
163
330
15D
100
AcDbEntity
  8
LENS_PARTITION
100
AcDbLine
 10
-6.99339434505e-05
 20
-245.9309354638681
 30
0.0
 11
0.0
 21
-147.1700459131971
 31
0.0
  0
LINE
  5
164
330
15D
100
AcDbEntity
  8
LENS_PARTITION
100
AcDbLine
 10
166.6686484739184
 20
-245.9309354638681
 30
0.0
 11
166.6686484739184
 21
-276.5010448088869
 31
0.0
  0
LINE
  5
165
330
15D
100
AcDbEntity
  8
LENS_PARTITION
100
AcDbLine
 10
0.0
 20
-204.0690645407885
 30
0.0
 11
0.0
 21
204.0690645407885
 31
0.0
  0
ARC
  5
166
330
15D
100
AcDbEntity
  8
LENS_PARTITION
100
AcDbCircle
 10
204.8214114671573
 20
-22.45467811822891
 30
0.0
 40
223.4762573451853
100
AcDbArc
 50
270.0
 51
90.0
  0
ARC
  5
167
330
15D
100
AcDbEntity
  8
LENS_PARTITION
100
AcDbCircle
 10
204.8214114671573
 20
-22.45467811822891
 30
0.0
 40
256.8952894712889
100
AcDbArc
 50
261.4591307892534
 51
98.54086921074658
  0
ENDBLK
  5
15F
330
15D
100
AcDbEntity
  8
0
100
AcDbBlockEnd
  0
BLOCK
  5
169
330
168
100
AcDbEntity
  8
0
100
AcDbBlockBegin
  2
49inch
 70
0
 10
0.0
 20
0.0
 30
0.0
  3
49inch
  1

  0
LWPOLYLINE
  5
16B
330
168
100
AcDbEntity
  8
TV
100
AcDbPolyline
 90
4
 70
1
 10
-441.9745548460049
 20
84.64543509040959
 10
-403.7247552647603
 20
84.64560162648559
 10
-403.7249218007781
 20
122.8954012074973
 10
-441.9747213820228
 20
122.8952346716541
  0
LWPOLYLINE
  5
16C
330
168
100
AcDbEntity
  8
TV
100
AcDbPolyline
 90
4
 70
1
 10
-438.1495915414998
 20
88.4704317022115
 10
-407.5497518765623
 20
88.4705649309326
 10
-407.5498851053415
 20
119.0704045959282
 10
-438.1497247702791
 20
119.0702713672072
  0
LWPOLYLINE
  5
16D
330
168
100
AcDbEntity
  8
TV
100
AcDbPolyline
 90
4
 70
1
 10
442.4821857656933
 20
84.64938493305817
 10
404.2323861843906
 20
84.64921839698218
 10
404.2322196483728
 20
122.8990179782267
 10
442.4820192296755
 20
122.8991845140699
  0
LWPOLYLINE
  5
16E
330
168
100
AcDbEntity
  8
TV
100
AcDbPolyline
 90
4
 70
1
 10
438.6571891538915
 20
88.47434823750518
 10
408.057349488954
 20
88.47421500878409
 10
408.0572162601747
 20
119.0740546737797
 10
438.6570559251121
 20
119.0741879025008
  0
LINE
  5
16F
330
168
100
AcDbEntity
  8
TV
100
AcDbLine
 10
-407.5498851053415
 20
119.0704045959282
 30
0.0
 11
-438.1495915414998
 21
88.4704317022115
 31
0.0
  0
LINE
  5
170
330
168
100
AcDbEntity
  8
TV
100
AcDbLine
 10
408.0572162601747
 20
119.0740546737797
 30
0.0
 11
438.6571891538915
 21
88.47434823750518
 31
0.0
  0
LINE
  5
171
330
168
100
AcDbEntity
  8
TV
100
AcDbLine
 10
438.6570559251121
 20
119.0741879025008
 30
0.0
 11
408.057349488954
 21
88.47421500878409
 31
0.0
  0
LINE
  5
172
330
168
100
AcDbEntity
  8
TV
100
AcDbLine
 10
-394.0564618644422
 20
84.6456316204276
 30
0.0
 11
-394.0563768135616
 21
65.1112566459924
 31
0.0
  0
LINE
  5
173
330
168
100
AcDbEntity
  8
TV
100
AcDbLine
 10
-394.0564618644422
 20
84.6456316204276
 30
0.0
 11
-452.6595867879803
 21
84.64537646784449
 31
0.0
  0
LINE
  5
174
330
168
100
AcDbEntity
  8
TV
100
AcDbLine
 10
452.658934745239
 20
65.11504216608591
 30
0.0
 11
452.6588496943587
 21
84.64941714028828
 31
0.0
  0
LINE
  5
175
330
168
100
AcDbEntity
  8
TV
100
AcDbLine
 10
394.0557247708785
 20
84.64916198793799
 30
0.0
 11
394.0558098217589
 21
65.11478701350279
 31
0.0
  0
LINE
  5
176
330
168
100
AcDbEntity
  8
TV
100
AcDbLine
 10
-530.7970016348407
 20
65.11066129012032
 30
0.0
 11
530.7964346432709
 21
65.11538236937486
 31
0.0
  0
LWPOLYLINE
  5
177
330
168
100
AcDbEntity
  8
TV
100
AcDbPolyline
 90
4
 70
1
 10
555.2384489498216
 20
0.0024669566191733
 10
555.2383782878751
 20
16.23202716489322
 10
-555.2385196117102
 20
16.22709325165488
 10
-555.2384489497634
 20
-0.0024669566191733
  0
LINE
  5
178
330
168
100
AcDbEntity
  8
TV
100
AcDbLine
 10
555.2383782878751
 20
16.23202716489322
 30
0.0
 11
555.238271870883
 21
40.6737579756882
 31
0.0
  0
LINE
  5
179
330
168
100
AcDbEntity
  8
TV
100
AcDbLine
 10
-555.2385196117102
 20
16.22709325165488
 30
0.0
 11
-555.2386260287021
 21
40.66882406268269
 31
0.0
  0
LINE
  5
17A
330
168
100
AcDbEntity
  8
TV
100
AcDbLine
 10
555.238271870883
 20
40.6737579756882
 30
0.0
 11
530.7964346432709
 21
65.11538236937486
 31
0.0
  0
LINE
  5
17B
330
168
100
AcDbEntity
  8
TV
100
AcDbLine
 10
-555.2386260287021
 20
40.66882406268269
 30
0.0
 11
-530.7970016348407
 21
65.11066129012032
 31
0.0
  0
LINE
  5
17C
330
168
100
AcDbEntity
  8
TV
100
AcDbLine
 10
-452.6595017371001
 20
65.11100149340928
 30
0.0
 11
-452.6595867879803
 21
84.64537646784449
 31
0.0
  0
LINE
  5
17D
330
168
100
AcDbEntity
  8
TV
100
AcDbLine
 10
452.6588496943587
 20
84.64941714028828
 30
0.0
 11
394.0557247708785
 21
84.64916198793799
 31
0.0
  0
ENDBLK
  5
16A
330
168
100
AcDbEntity
  8
0
100
AcDbBlockEnd
  0
BLOCK
  5
17F
330
17E
100
AcDbEntity
  8
0
100
AcDbBlockBegin
  2
serrgea
 70
0
 10
0.0
 20
0.0
 30
0.0
  3
serrgea
  1

  0
LWPOLYLINE
  5
181
330
17E
100
AcDbEntity
  8
LENS_FURNITURE
100
AcDbPolyline
 90
23
 70
0
 10
-214.8885873835534
 20
-191.212950848625
 10
-208.0954235149548
 20
-190.2177158369122
 10
-187.3872308451682
 20
-187.2867943767269
 10
-166.6425158092752
 20
-184.6571825983374
 10
-145.861278405413
 20
-182.3380111009828
 10
-125.0435183960944
 20
-180.3292798809416
 10
-104.189236019738
 20
-178.630988943798
 10
-83.32582299225032
 20
-177.2340076865875
 10
-62.43501872569322
 20
-176.1565973040633
 10
-41.5350830918178
 20
-175.3804966070602
 10
-20.61688663251698
 20
-174.9239667828879
 10
0.3013098267838359
 20
-174.7687466442294
 10
21.21037563495338
 20
-174.9330973802643
 10
42.12857209425419
 20
-175.3987577999542
 10
63.02850725129246
 20
-176.1839890924711
 10
83.91931199468672
 20
-177.2705300723719
 10
104.7827250221744
 20
-178.6675113277197
 10
125.627876508981
 20
-180.3840634614826
 10
146.4456365182996
 20
-182.401925275175
 10
167.2268739212304
 20
-184.7302273717723
 10
187.9715891964733
 20
-187.3598391482955
 10
208.6797818653285
 20
-190.3090218013749
 10
214.9159793369472
 20
-191.212950848625
  0
LWPOLYLINE
  5
182
330
17E
100
AcDbEntity
  8
LENS_FURNITURE
100
AcDbPolyline
 90
54
 70
0
 10
214.9159793369472
 20
-191.212950848625
 10
228.0001238677651
 20
-191.212950848625
 10
228.2466500252485
 20
-191.212950848625
 10
228.4840455306694
 20
-191.2038202531112
 10
228.7214412745088
 20
-191.1855590602172
 10
228.9679671935737
 20
-191.1672978673232
 10
229.4427582053468
 20
-191.1125142905075
 10
229.6801537107676
 20
-191.0759919047232
 10
229.9175492171198
 20
-191.0303389196997
 10
230.6297357343137
 20
-190.8659881836647
 10
230.8580008260906
 20
-190.8020740094725
 10
231.0953960940242
 20
-190.7290292397665
 10
231.3236611867324
 20
-190.6468538708177
 10
231.5427953898907
 20
-190.5646785037315
 10
231.7710602441803
 20
-190.4733725374098
 10
231.9901946857572
 20
-190.3820665748062
 10
232.2184595391154
 20
-190.281630012967
 10
232.4284633295611
 20
-190.1811934511279
 10
232.6475975327194
 20
-190.0716262937712
 10
233.0676048742607
 20
-189.8342307861676
 10
233.2776086647064
 20
-189.7064024359206
 10
233.4784818030894
 20
-189.5785740856736
 10
233.8802280798554
 20
-189.304656192282
 10
234.2637132927775
 20
-189.0124771060036
 10
234.6289372025058
 20
-188.7020368268277
 10
234.8115490386263
 20
-188.5376860908
 10
234.9850302226841
 20
-188.373335354765
 10
235.1585114076733
 20
-188.1998540213535
 10
235.3228624165058
 20
-188.0263726898047
 10
235.4872131887823
 20
-187.8437607608794
 10
235.7976534292102
 20
-187.4785369030287
 10
236.0898326039314
 20
-187.0950518522877
 10
236.3637504773214
 20
-186.6933056067864
 10
236.4915786432102
 20
-186.4924324849708
 10
236.6194070475176
 20
-186.2824287676376
 10
236.8568025529385
 20
-185.862421329246
 10
236.9663698934019
 20
-185.643287016399
 10
237.0668063424528
 20
-185.4332832971995
 10
237.1672427933663
 20
-185.205018386976
 10
237.2585488297045
 20
-184.9858840704037
 10
237.3498546294868
 20
-184.7576191601765
 10
237.4320302531123
 20
-184.5384848454669
 10
237.5142053999007
 20
-184.3010893378668
 10
237.5872501349077
 20
-184.072824425777
 10
237.6511644553393
 20
-183.8445595155499
 10
237.8155152276158
 20
-183.1323729927389
 10
237.8611680073664
 20
-182.8949774832763
 10
237.8976906128228
 20
-182.6575819775353
 10
237.9524740446359
 20
-182.182790960469
 10
237.9707353468984
 20
-181.9362648573478
 10
237.9889966500923
 20
-181.6988693497478
 10
237.9981270637363
 20
-181.4614738421442
 10
237.9981270637363
 20
-181.2149477390267
 10
237.9981270637363
 20
-181.1145111771839
  0
LWPOLYLINE
  5
183
330
17E
100
AcDbEntity
  8
LENS_FURNITURE
100
AcDbPolyline
 90
54
 70
0
 10
-237.9889966510236
 20
-181.1145111771839
 10
-237.9889966510236
 20
-181.2149477390267
 10
-237.9889966510236
 20
-181.4614738421442
 10
-237.9707353487611
 20
-181.9362648573478
 10
-237.9433436319232
 20
-182.182790960469
 10
-237.8885597232729
 20
-182.6575819775353
 10
-237.852037595585
 20
-182.8949774832763
 10
-237.7607315583154
 20
-183.3697685003426
 10
-237.7059478880838
 20
-183.6071640060836
 10
-237.6420338051393
 20
-183.8445595155499
 10
-237.578119722195
 20
-184.072824425777
 10
-237.5050749881193
 20
-184.3010893378668
 10
-237.4228993635625
 20
-184.5384848454669
 10
-237.3407242167741
 20
-184.7576191601765
 10
-237.2585488306358
 20
-184.9858840704037
 10
-237.158112142235
 20
-185.205018386976
 10
-237.0576754538342
 20
-185.4332832971995
 10
-236.957239003852
 20
-185.643287016399
 10
-236.8476719018072
 20
-185.862421329246
 10
-236.4915786441415
 20
-186.4924324849708
 10
-236.3546195887029
 20
-186.6933056067864
 10
-236.2267911843956
 20
-186.8941787286057
 10
-236.0807017153129
 20
-187.0950518522877
 10
-235.7885227780789
 20
-187.4785369030287
 10
-235.4780822992325
 20
-187.8437607608794
 10
-235.3137317663059
 20
-188.0263726898047
 10
-235.1493809949606
 20
-188.1998540213535
 10
-234.9758995715529
 20
-188.373335354765
 10
-234.802418387495
 20
-188.5376860908
 10
-234.6198063138873
 20
-188.7020368268277
 10
-234.2545824032277
 20
-189.0124771060036
 10
-233.8710974287242
 20
-189.304656192282
 10
-233.4693511519581
 20
-189.5785740856736
 10
-233.2684780135751
 20
-189.7064024359206
 10
-233.0584744624793
 20
-189.8342307861676
 10
-232.6384671200067
 20
-190.0716262937712
 10
-232.4284630920738
 20
-190.1811934511279
 10
-231.9901946857572
 20
-190.3820665748062
 10
-231.7619298314676
 20
-190.4733725374098
 10
-231.5427951514721
 20
-190.5646785037315
 10
-231.0862656813115
 20
-190.7290292397665
 10
-230.848869937472
 20
-190.8020740094725
 10
-230.6206050831824
 20
-190.8659881836647
 10
-230.3832095768303
 20
-190.9207717642057
 10
-230.1549444850534
 20
-190.975555342884
 10
-229.9175492171198
 20
-191.0303389196997
 10
-229.6801537116989
 20
-191.0759919047232
 10
-229.4336275542155
 20
-191.1125142905075
 10
-228.9588365424425
 20
-191.1672978673232
 10
-228.721440798603
 20
-191.1855590602172
 10
-228.4749148804694
 20
-191.2038202531112
 10
-228.2375196125358
 20
-191.212950848625
 10
-227.9909932166338
 20
-191.212950848625
 10
-214.8885873835534
 20
-191.212950848625
  0
LWPOLYLINE
  5
184
330
17E
100
AcDbEntity
  8
LENS_FURNITURE
100
AcDbPolyline
 90
88
 70
0
 10
-316.5121258571744
 20
-89.88159145249666
 10
-318.5117263533175
 20
-89.88159145249666
 10
-318.8039055299014
 20
-90.30159888716298
 10
-319.0869540534913
 20
-90.7216063255546
 10
-319.3608719268814
 20
-91.14161376208357
 10
-319.9087079111487
 20
-91.9998898280319
 10
-320.1643644813448
 20
-92.43815845745485
 10
-320.4291517026722
 20
-92.87642708687783
 10
-320.9222037782893
 20
-93.75296434571646
 10
-321.16873017326
 20
-94.20036357251956
 10
-321.4061254411936
 20
-94.64776279745274
 10
-321.6343905339018
 20
-95.0951620242522
 10
-321.8626553881914
 20
-95.55169184842815
 10
-322.3009240329266
 20
-96.46475149119215
 10
-322.5109278224409
 20
-96.93041190902295
 10
-322.7209313744679
 20
-97.38694173319892
 10
-322.9218047512695
 20
-97.85260215288872
 10
-323.1135472385213
 20
-98.32739316809602
 10
-323.3052894873545
 20
-98.79305358592683
 10
-323.4879015609622
 20
-99.26784460113049
 10
-323.8348641684279
 20
-100.2174266315414
 10
-324.0083455909044
 20
-100.7013482441252
 10
-324.1635657120496
 20
-101.1761392593325
 10
-324.4740059515461
 20
-102.1439824845001
 10
-324.6200954206288
 20
-102.6279040952213
 10
-324.7570544760674
 20
-103.1209563033189
 10
-324.8940135315061
 20
-103.6048779159027
 10
-325.0218416973948
 20
-104.0979301240004
 10
-325.2592374421656
 20
-105.0840345401993
 10
-325.4783716443926
 20
-106.0701389563983
 10
-325.5696774432436
 20
-106.5723217618724
 10
-325.6701141316444
 20
-107.0653739699701
 10
-325.9166402891278
 20
-108.5719223845371
 10
-326.1083827763796
 20
-110.0784707972416
 10
-326.16316644568
 20
-110.5806536027194
 10
-326.208819463849
 20
-111.0828364063345
 10
-326.2453415933996
 20
-111.5941498091852
 10
-326.2818641988561
 20
-112.0963326128003
 10
-326.3092559147626
 20
-112.6076460137919
 10
-326.3366476297378
 20
-113.1098288192661
 10
-326.3549089329317
 20
-113.6120116247439
 10
-326.3640393465757
 20
-114.1233250257355
 10
-326.3731702361256
 20
-114.6255078312097
 10
-326.3731702361256
 20
-115.1368212322049
 10
-326.3640393465757
 20
-115.6481346331929
 10
-326.3549089329317
 20
-116.1503174386707
 10
-326.3366476297378
 20
-116.6616308396624
 10
-326.2818641988561
 20
-117.665996446889
 10
-326.2453415933996
 20
-118.1773098478807
 10
-326.208819463849
 20
-118.6794926533548
 10
-326.16316644568
 20
-119.1816754588326
 10
-326.1083827763796
 20
-119.6929888598242
 10
-325.9166402891278
 20
-121.1995372743913
 10
-325.834464664571
 20
-121.7017200798655
 10
-325.7522895168513
 20
-122.1947722861005
 10
-325.6701141316444
 20
-122.6969550915819
 10
-325.5696774432436
 20
-123.1991378951934
 10
-325.4783716443926
 20
-123.6921901051537
 10
-325.3688043039292
 20
-124.1943729087688
 10
-325.2592374421656
 20
-124.6874251187291
 10
-325.0218416973948
 20
-125.6735295349281
 10
-324.8940135315061
 20
-126.1574511456492
 10
-324.7570544760674
 20
-126.6505033537469
 10
-324.6200954206288
 20
-127.1344249663307
 10
-324.4740059515461
 20
-127.6183465789145
 10
-324.0083455909044
 20
-129.0701114129406
 10
-323.8348641684279
 20
-129.5449024281479
 10
-323.66138298437
 20
-130.0288240407317
 10
-323.4879015609622
 20
-130.4944844585588
 10
-323.3052894873545
 20
-130.9692754756252
 10
-323.1135472385213
 20
-131.4440664908325
 10
-322.9218047512695
 20
-131.9097269105259
 10
-322.7209313744679
 20
-132.3753873283531
 10
-322.5109278224409
 20
-132.8410477480429
 10
-322.3009240329266
 20
-133.2975775703598
 10
-321.8626553881914
 20
-134.2106372149865
 10
-321.6343905339018
 20
-134.6671670372998
 10
-321.4061254411936
 20
-135.1145662622366
 10
-321.16873017326
 20
-135.5619654890324
 10
-320.6756778601557
 20
-136.4567639407687
 10
-320.4291517026722
 20
-136.895032570188
 10
-320.1643644813448
 20
-137.3333012014736
 10
-319.9087079111487
 20
-137.7624392335165
 10
-319.3608719268814
 20
-138.6207152994684
 10
-319.0869540534913
 20
-139.0407227359974
 10
-318.8039055299014
 20
-139.4698607699029
 10
-318.5117263533175
 20
-139.8807376109143
 10
-316.5121258571744
 20
-139.8807376109143
  0
LWPOLYLINE
  5
185
330
17E
100
AcDbEntity
  8
LENS_FURNITURE
100
AcDbPolyline
 90
87
 70
0
 10
316.4756037285552
 20
-139.6889950846125
 10
318.4752042246982
 20
-139.6889950846125
 10
318.7673834003508
 20
-139.278118243601
 10
319.0504319239408
 20
-138.8581108070721
 10
319.5982674323023
 20
-137.9998347411201
 10
320.1278421133757
 20
-137.1415586751682
 10
320.6391554921865
 20
-136.2650214163295
 10
320.88568164967
 20
-135.8176221895301
 10
321.1322078062222
 20
-135.3793535601071
 10
321.369603311643
 20
-134.9319543333113
 10
321.5978681668639
 20
-134.4754245109943
 10
321.8261332586408
 20
-134.0280252860611
 10
322.0452674617991
 20
-133.5714954618815
 10
322.264401903376
 20
-133.1058350459207
 10
322.4744054544717
 20
-132.6493052217411
 10
322.6844092449173
 20
-132.1836448020512
 10
322.8852821448818
 20
-131.7179843823614
 10
323.0770248705521
 20
-131.2523239645306
 10
323.2687673578039
 20
-130.7775329493233
 10
323.4513794314116
 20
-130.3118725296335
 10
323.7983420398086
 20
-129.3622904992226
 10
323.9718232238665
 20
-128.8783688885014
 10
324.1270433440805
 20
-128.4035778714315
 10
324.437483583577
 20
-127.4357346499892
 10
324.5835732910782
 20
-126.9426824400289
 10
324.8574909251183
 20
-125.9748392167239
 10
324.9853195678443
 20
-125.4817870104889
 10
325.2227148357779
 20
-124.4956825924237
 10
325.33228217531
 20
-124.002630384326
 10
325.4327186252922
 20
-123.5004475788519
 10
325.533155313693
 20
-123.0073953707542
 10
325.6335917636752
 20
-122.5052125652764
 10
325.7157671498135
 20
-122.0121603571751
 10
325.7979425359518
 20
-121.5099775535636
 10
325.9440320041031
 20
-120.5056119444744
 10
326.0718604084104
 20
-119.5012463335224
 10
326.1175134265795
 20
-118.9990635299073
 10
326.1722968583927
 20
-118.4877501289156
 10
326.2453415924683
 20
-117.4833845179637
 10
326.272733785212
 20
-116.972071116972
 10
326.3001255011186
 20
-116.4698883114979
 10
326.3183865658939
 20
-115.9585749105026
 10
326.3275172170251
 20
-115.4563921087538
 10
326.3366476297378
 20
-114.9450787058995
 10
326.3366476297378
 20
-114.4428959022843
 10
326.3275172170251
 20
-113.9315825012963
 10
326.3183865658939
 20
-113.4293996958186
 10
326.3001255011186
 20
-112.9180862948269
 10
326.272733785212
 20
-112.4159034893528
 10
326.2453415924683
 20
-111.9045900883575
 10
326.1722968583927
 20
-110.9002244774092
 10
326.1175134265795
 20
-110.3889110764139
 10
326.0718604084104
 20
-109.8867282728024
 10
325.9440320041031
 20
-108.8823626637095
 10
325.7979425359518
 20
-107.8779970546238
 10
325.7157671498135
 20
-107.375814249146
 10
325.6335917636752
 20
-106.8827620410447
 10
325.4327186252922
 20
-105.8783964300964
 10
325.33228217531
 20
-105.3853442219952
 10
325.2227148357779
 20
-104.8922920157602
 10
324.9853195678443
 20
-103.9061875976986
 10
324.8574909251183
 20
-103.4131353896009
 10
324.7205323465168
 20
-102.9292137770171
 10
324.5835732910782
 20
-102.4361615689195
 10
324.437483583577
 20
-101.9522399563357
 10
324.1270433440805
 20
-100.9843967348934
 10
323.9718232238665
 20
-100.5096057178234
 10
323.7983420398086
 20
-100.0256841071023
 10
323.4513794314116
 20
-99.07610207668768
 10
323.2687673578039
 20
-98.60131106148401
 10
322.8852821448818
 20
-97.6699902239634
 10
322.6844092449173
 20
-97.20432980427358
 10
322.264401903376
 20
-96.27300896675297
 10
321.8261332586408
 20
-95.3599493202637
 10
321.5978681668639
 20
-94.91255009532688
 10
321.369603311643
 20
-94.45602027301356
 10
321.1322078062222
 20
-94.00862104807675
 10
320.88568164967
 20
-93.56122182127729
 10
320.6391554921865
 20
-93.12295318999531
 10
320.1278421133757
 20
-92.24641593115302
 10
319.8630548920482
 20
-91.81727789910656
 10
319.5982674323023
 20
-91.37900926782459
 10
319.3243497973308
 20
-90.95900183315825
 10
319.0504319239408
 20
-90.52986380111543
 10
318.7673834003508
 20
-90.1098563627238
 10
318.4752042246982
 20
-89.68984892619483
 10
316.4756037285552
 20
-89.68984892619483
  0
LWPOLYLINE
  5
186
330
17E
100
AcDbEntity
  8
LENS_FURNITURE
100
AcDbPolyline
 90
6
 70
0
 10
-261.5185434352607
 20
-90.37464366059793
 10
-261.5185434352607
 20
-77.38180491289677
 10
-316.5121258571744
 20
-77.38180491289677
 10
-316.5121258571744
 20
-90.37464366059793
 10
-261.5185434352607
 20
-90.37464366059793
 10
-261.5185434352607
 20
-193.5595141381127
  0
LWPOLYLINE
  5
187
330
17E
100
AcDbEntity
  8
LENS_FURNITURE
100
AcDbPolyline
 90
6
 70
0
 10
316.4756037285552
 20
-90.18290113615512
 10
316.4756037285552
 20
-77.1900623847323
 10
261.4820213057101
 20
-77.1900623847323
 10
261.4820213057101
 20
-90.18290113615512
 10
316.4756037285552
 20
-90.18290113615512
 10
316.4756037285552
 20
-193.3677716118072
  0
LWPOLYLINE
  5
188
330
17E
100
AcDbEntity
  8
LENS_FURNITURE
100
AcDbPolyline
 90
3
 70
0
 10
-261.5185434352607
 20
-145.8795394770495
 10
-249.5209397431463
 20
-145.8795394770495
 10
-248.5165740512311
 20
-144.8843044653331
  0
LWPOLYLINE
  5
189
330
17E
100
AcDbEntity
  8
LENS_FURNITURE
100
AcDbPolyline
 90
3
 70
0
 10
-248.5165740512311
 20
-114.8811645298447
 10
-249.5209397431463
 20
-113.8859295162692
 10
-261.5185434352607
 20
-113.8859295162692
  0
LWPOLYLINE
  5
18A
330
17E
100
AcDbEntity
  8
LENS_FURNITURE
100
AcDbPolyline
 90
3
 70
0
 10
261.4820213057101
 20
-113.69418699183
 10
249.4752867240459
 20
-113.69418699183
 10
248.4800519216806
 20
-114.6894220054018
  0
LWPOLYLINE
  5
18B
330
17E
100
AcDbEntity
  8
LENS_FURNITURE
100
AcDbPolyline
 90
3
 70
0
 10
248.4800519216806
 20
-144.6925619371686
 10
249.4752867240459
 20
-145.6969275481242
 10
261.4820213057101
 20
-145.6969275481242
  0
LWPOLYLINE
  5
18C
330
17E
100
AcDbEntity
  8
LENS_FURNITURE
100
AcDbPolyline
 90
6
 70
0
 10
-248.5165740512311
 20
-165.2090121621877
 10
-248.5165740512311
 20
-170.9430267323114
 10
-242.5177723243832
 20
-170.9430267323114
 10
-242.5177723243832
 20
-165.2090121621877
 10
-248.5165740512311
 20
-165.2090121621877
 10
-248.5165740512311
 20
-144.6377783603529
  0
LWPOLYLINE
  5
18D
330
17E
100
AcDbEntity
  8
LENS_FURNITURE
100
AcDbPolyline
 90
6
 70
0
 10
242.4812499564141
 20
-166.268161349959
 10
242.4812499564141
 20
-170.8151983802017
 10
248.4800519216806
 20
-170.8151983802017
 10
248.4800519216806
 20
-166.268161349959
 10
242.4812499564141
 20
-166.268161349959
 10
242.4812499564141
 20
-144.6743007461409
  0
LWPOLYLINE
  5
18E
330
17E
100
AcDbEntity
  8
LENS_FURNITURE
100
AcDbPolyline
 90
2
 70
0
 10
261.4820213057101
 20
-186.5928690468099
 10
248.4800519216806
 20
-186.5928690468099
  0
LWPOLYLINE
  5
18F
330
17E
100
AcDbEntity
  8
LENS_FURNITURE
100
AcDbPolyline
 90
12
 70
0
 10
-199.019610626623
 20
-586.3029898233726
 10
-199.0652636457234
 20
-586.3029898233726
 10
-205.8401664495468
 20
-585.8373294055418
 10
-212.3868039213121
 20
-584.4768705341157
 10
-218.3490835186094
 20
-582.4133557372588
 10
-224.0283145923168
 20
-579.5920014344301
 10
-228.6757880188525
 20
-576.5515128150254
 10
-232.9854297274724
 20
-572.9814496036015
 10
-236.8750636186451
 20
-568.9548565698641
 10
-240.9016565643251
 20
-563.6043270504852
 10
-240.8833955004811
 20
-563.631718838893
 10
-240.8759349911303
 20
-563.6385058310374
  0
LWPOLYLINE
  5
190
330
17E
100
AcDbEntity
  8
LENS_FURNITURE
100
AcDbPolyline
 90
2
 70
0
 10
198.9739580843597
 20
-586.3029898233726
 10
-199.019610626623
 20
-586.3029898233726
  0
LWPOLYLINE
  5
191
330
17E
100
AcDbEntity
  8
LENS_FURNITURE
100
AcDbPolyline
 90
11
 70
0
 10
248.4800519216806
 20
-304.9071378404551
 10
248.6717944089323
 20
-305.4001900485527
 10
248.7174474271014
 20
-305.5736713819642
 10
248.7722308579833
 20
-305.7380221179956
 10
248.808753464371
 20
-305.9115034514034
 10
248.8544062450528
 20
-306.0849847829522
 10
248.9365816302598
 20
-306.605428781324
 10
248.9548429325223
 20
-306.7789101128692
 10
248.9731039972976
 20
-307.1258727778259
 10
248.9822346484289
 20
-307.3084847067512
 10
248.9822346484289
 20
-536.3038436649548
  0
LWPOLYLINE
  5
192
330
17E
100
AcDbEntity
  8
LENS_FURNITURE
100
AcDbPolyline
 90
30
 70
0
 10
-249.018757016398
 20
-536.3038436649548
 10
-249.018757016398
 20
-332.3080577878245
 10
-249.0096263643354
 20
-332.1163152596564
 10
-249.0004957132041
 20
-331.9337033307311
 10
-248.9913650620729
 20
-331.7419608062919
 10
-248.9731039982289
 20
-331.5593488773666
 10
-248.9457120429725
 20
-331.3767369484413
 10
-248.9091899152845
 20
-331.1849944240021
 10
-248.8726673088968
 20
-331.0023824950767
 10
-248.8270142907277
 20
-330.8197705661514
 10
-248.7813612725586
 20
-330.6462892327399
 10
-248.7265778407454
 20
-330.4636773038146
 10
-248.5987494364381
 20
-330.1167146388543
 10
-248.4526599682868
 20
-329.7697519738977
 10
-248.3704845821485
 20
-329.5962706404898
 10
-248.2883091960102
 20
-329.4319199044549
 10
-248.197003159672
 20
-329.2675691684199
 10
-247.996130021289
 20
-328.9571288892475
 10
-247.8865629192442
 20
-328.8019087487301
 10
-247.7769958171994
 20
-328.6558192055891
 10
-247.6582980649546
 20
-328.5005990687969
 10
-247.5396003117785
 20
-328.3636401211698
 10
-247.2839437425137
 20
-328.0897222259227
 10
-247.1469846861437
 20
-327.9527632801582
 10
-247.0100256307051
 20
-327.8340655272878
 10
-246.8730668127537
 20
-327.7062371770408
 10
-246.7269773446024
 20
-327.5875394223076
 10
-246.5808876380324
 20
-327.477972264951
 10
-246.2887086998671
 20
-327.6514535983624
 10
-245.4760854952037
 20
-328.2814647522246
  0
LWPOLYLINE
  5
193
330
17E
100
AcDbEntity
  8
LENS_FURNITURE
100
AcDbPolyline
 90
18
 70
0
 10
-236.0167873939499
 20
-187.0859212530486
 10
-236.5554929655045
 20
-187.0859212530486
 10
-237.1033284720033
 20
-187.0767906575311
 10
-238.1807388998568
 20
-187.0950518522877
 10
-238.7285746447742
 20
-187.1041824478016
 10
-239.2672799788416
 20
-187.1224436406919
 10
-239.8151157237589
 20
-187.149835430966
 10
-240.353821056895
 20
-187.1772272193702
 10
-241.4312312453985
 20
-187.2502719909426
 10
-241.9790672296658
 20
-187.2959249741034
 10
-242.5177723243832
 20
-187.3415779554052
 10
-242.5177723243832
 20
-321.5796069587959
 10
-242.1982014328242
 20
-323.6065993698721
 10
-241.2668804740533
 20
-325.8162037117291
 10
-239.7694627055898
 20
-328.1171140161896
 10
-237.7150785401464
 20
-330.5275914780068
 10
-236.0167873939499
 20
-332.2258824188757
 10
-236.0167873939499
 20
-187.1863578148841
  0
LWPOLYLINE
  5
194
330
17E
100
AcDbEntity
  8
LENS_FURNITURE
100
AcDbPolyline
 90
37
 70
0
 10
-249.0110479705036
 20
-332.2998411622684
 10
-236.0167873939499
 20
-332.2258824188757
 10
-236.0441795866937
 20
-332.2167518214992
 10
-236.4459256250411
 20
-332.0980540686287
 10
-238.0985635137185
 20
-331.5958712650172
 10
-240.7007836643606
 20
-330.7102034069321
 10
-242.8282123263926
 20
-329.8519273409838
 10
-244.4351976728067
 20
-329.0301736626789
 10
-245.4760854952037
 20
-328.2814647522246
 10
-245.3117349613458
 20
-328.1262446117034
 10
-245.1473841900006
 20
-327.9618938756757
 10
-244.8369437120855
 20
-327.6331924054684
 10
-244.5447645355016
 20
-327.2862297405118
 10
-244.3986750673503
 20
-327.1036178115864
 10
-244.2617160119116
 20
-326.9210058807985
 10
-244.1338878460229
 20
-326.7383939518731
 10
-244.0060594417155
 20
-326.5466514274304
 10
-243.8873616885394
 20
-326.3549089011285
 10
-243.6499661831185
 20
-325.9531626574935
 10
-243.5495297331363
 20
-325.7522895356742
 10
-243.4399626310915
 20
-325.5514164157212
 10
-243.3486565947533
 20
-325.3414126946591
 10
-243.2573505574837
 20
-325.1405395728434
 10
-243.1660445202142
 20
-324.9214052599928
 10
-243.0838691350073
 20
-324.7114015408006
 10
-243.0108244000003
 20
-324.4922672242247
 10
-242.9377796659246
 20
-324.2822635068951
 10
-242.8099515000358
 20
-323.8439948793348
 10
-242.7551675923169
 20
-323.615729965386
 10
-242.709514811635
 20
-323.3965956525353
 10
-242.6638617925346
 20
-323.1683307404491
 10
-242.6273394264281
 20
-322.9491964276022
 10
-242.5908170584589
 20
-322.7209315136497
 10
-242.5634253434837
 20
-322.4926666034225
 10
-242.5269027370959
 20
-322.0361367811129
 10
-242.5177723243832
 20
-321.8078718690231
 10
-242.5177723243832
 20
-321.5796069587959
  0
LWPOLYLINE
  5
195
330
17E
100
AcDbEntity
  8
LENS_FURNITURE
100
AcDbPolyline
 90
48
 70
0
 10
237.9981270637363
 20
-134.5210774941588
 10
238.5094404425472
 20
-135.1693498409149
 10
240.2259926516563
 20
-138.2007078629394
 10
241.4860151540488
 20
-141.5242449712459
 10
242.2255933862179
 20
-144.9390880440114
 10
242.4812499564141
 20
-148.5000206599216
 10
242.4812499564141
 20
-187.3415779554052
 10
242.4812499564141
 20
-296.5800338795889
 10
242.1525484137237
 20
-298.6618098693398
 10
241.2303583454341
 20
-300.816630632522
 10
239.6964179705828
 20
-303.1723245156609
 10
237.6785561721772
 20
-305.5280184006624
 10
235.9802652643994
 20
-307.2263093396687
 10
236.0076569803059
 20
-307.2171787441548
 10
236.409403257072
 20
-307.0984809894217
 10
238.0529104946181
 20
-306.5962981839439
 10
240.6642612963915
 20
-305.7106303295877
 10
242.791690196842
 20
-304.8523542636394
 10
244.3986750673503
 20
-304.0306005816092
 10
245.4395631272346
 20
-303.2818916730175
 10
245.2752123549581
 20
-303.1266715343591
 10
245.1108618229628
 20
-302.9623207983277
 10
244.8004215825349
 20
-302.6336193243988
 10
244.5082424068823
 20
-302.2866566594384
 10
244.3621529377997
 20
-302.1040447305131
 10
244.2251938823611
 20
-301.9214328015878
 10
244.0973654780537
 20
-301.7388208726625
 10
243.841708669439
 20
-301.3553358237841
 10
243.732141806744
 20
-301.1544627019648
 10
243.6134438151494
 20
-300.9535895782828
 10
243.5038767140359
 20
-300.7527164564672
 10
243.4034400247037
 20
-300.5518433346515
 10
243.3121342267841
 20
-300.3418396173147
 10
243.211697537452
 20
-300.140966495499
 10
243.1295223906636
 20
-299.9218321789231
 10
243.0473470054567
 20
-299.7118284615936
 10
242.974302271381
 20
-299.4926941468802
 10
242.901257536374
 20
-299.2826904295507
 10
242.7734288936481
 20
-298.8444217982651
 10
242.7186454627663
 20
-298.6161568880416
 10
242.6729924436659
 20
-298.3970225733283
 10
242.6273394245654
 20
-298.1687576612385
 10
242.5908170584589
 20
-297.9496233465324
 10
242.5542946904898
 20
-297.7213584363053
 10
242.5269029755146
 20
-297.4930935242155
 10
242.4903806075454
 20
-297.0365637019022
 10
242.4812499564141
 20
-296.808298789816
 10
242.4812499564141
 20
-296.5800338795889
  0
LWPOLYLINE
  5
196
330
17E
100
AcDbEntity
  8
LENS_FURNITURE
100
AcDbPolyline
 90
41
 70
0
 10
-237.9889966510236
 20
-178.8044702753468
 10
-238.1990002021193
 20
-178.9688210113781
 10
-238.3907426893711
 20
-179.124041150033
 10
-238.5916158277542
 20
-179.2883918860679
 10
-238.7833583150059
 20
-179.4618732176168
 10
-238.965970389545
 20
-179.6353545510246
 10
-239.1577128767967
 20
-179.8088358844361
 10
-239.3311940617859
 20
-179.9914478133614
 10
-239.5046754833311
 20
-180.1831903396633
 10
-239.6781566683203
 20
-180.3658022685886
 10
-239.8516380917281
 20
-180.5666753904079
 10
-240.0068584494293
 20
-180.758417914847
 10
-240.1712089832872
 20
-180.9592910366664
 10
-240.3264291025698
 20
-181.1692947539995
 10
-240.4725188091397
 20
-181.3701678758152
 10
-240.6186082782224
 20
-181.5801715968773
 10
-240.8925261516124
 20
-182.018440224434
 10
-241.1481827218086
 20
-182.456708855716
 10
-241.2668804740533
 20
-182.6849737659431
 10
-241.3764478135854
 20
-182.9132386761703
 10
-241.4860146772117
 20
-183.1506341856329
 10
-241.595582017675
 20
-183.3788990958601
 10
-241.6960187051445
 20
-183.6162946034601
 10
-241.7873245049268
 20
-183.8536901110638
 10
-241.8694998901337
 20
-184.0910856186674
 10
-241.960805926472
 20
-184.3376117236475
 10
-242.0338506614789
 20
-184.5750072312512
 10
-242.1068953955546
 20
-184.8215333343687
 10
-242.170809478499
 20
-185.0680594393488
 10
-242.234723799862
 20
-185.3237161398465
 10
-242.2895072316751
 20
-185.5702422448266
 10
-242.3351602498442
 20
-185.8167683479478
 10
-242.3808132689446
 20
-186.0724250503044
 10
-242.4538580030203
 20
-186.5837384512924
 10
-242.4812497189269
 20
-186.8302645544136
 10
-242.5177723243832
 20
-187.3415779554052
 10
-242.5177723243832
 20
-148.5000206599216
 10
-242.1890707816928
 20
-144.4734276243216
 10
-241.1755746752024
 20
-140.4468345905843
 10
-239.5229367874563
 20
-136.7489430289133
 10
-237.9889966510236
 20
-134.5393386870491
  0
SPLINE
  5
197
330
17E
100
AcDbEntity
  8
LENS_FURNITURE
100
AcDbSpline
 70
0
 71
3
 72
8
 73
0
 74
4
 40
0.0
 40
0.0
 40
0.0
 40
0.0
 40
1.0
 40
1.0
 40
1.0
 40
1.0
 11
-147.2034760545939
 21
-49.4513103716381
 31
0.0
 11
-173.1287086978555
 21
-49.45009326299623
 31
0.0
 11
-194.7533706836402
 21
-53.23791481000444
 31
0.0
 11
-197.0128746861592
 21
-58.17475344066406
 31
0.0
  0
LWPOLYLINE
  5
198
330
17E
100
AcDbEntity
  8
LENS_FURNITURE
100
AcDbPolyline
 90
30
 70
0
 10
-246.5808876380324
 20
-327.477972264951
 10
-246.1974026635289
 20
-327.1857931786726
 10
-245.8321787528694
 20
-326.8753528995003
 10
-245.485216146335
 20
-326.5466514274304
 10
-245.1565146036446
 20
-326.199688760611
 10
-244.9921638313681
 20
-326.0170768316857
 10
-244.6817235918715
 20
-325.6518529756977
 10
-244.5356341227889
 20
-325.4601104493922
 10
-244.3986750673503
 20
-325.2683679249531
 10
-244.2617160119116
 20
-325.0674948031374
 10
-244.1247571948916
 20
-324.8757522768319
 10
-243.9969290290028
 20
-324.6657485576361
 10
-243.8782312758267
 20
-324.4648754358204
 10
-243.6408355310559
 20
-324.0448679992915
 10
-243.5312684308737
 20
-323.8257336864408
 10
-243.4308317415416
 20
-323.615729965386
 10
-243.3303952915594
 20
-323.3965956525353
 10
-243.2390892542898
 20
-323.1774613378257
 10
-243.0747387213632
 20
-322.7209315136497
 10
-242.9286492522806
 20
-322.264401693199
 10
-242.8008206095547
 20
-321.8078718690231
 10
-242.7460371786728
 20
-321.5704763632821
 10
-242.7003841605038
 20
-321.3330808538158
 10
-242.6547311414033
 20
-321.1048159435886
 10
-242.6182087743655
 20
-320.867420434126
 10
-242.5908170584589
 20
-320.630024928385
 10
-242.5634253434837
 20
-320.3834988234048
 10
-242.5269027370959
 20
-319.9087078081975
 10
-242.5177723243832
 20
-319.6713123005939
 10
-242.5177723243832
 20
-319.4339167929939
  0
LWPOLYLINE
  5
199
330
17E
100
AcDbEntity
  8
LENS_FURNITURE
100
AcDbPolyline
 90
2
 70
0
 10
147.2126064673066
 20
-49.4513103716381
 10
-147.2126064673066
 20
-49.4513103716381
  0
SPLINE
  5
19A
330
17E
100
AcDbEntity
  8
LENS_FURNITURE
100
AcDbSpline
 70
0
 71
3
 72
8
 73
0
 74
4
 40
0.0
 40
0.0
 40
0.0
 40
0.0
 40
1.0
 40
1.0
 40
1.0
 40
1.0
 11
197.0291410200298
 21
-58.17102998248447
 31
0.0
 11
194.7703407872468
 21
-53.23791481000444
 31
0.0
 11
173.1456790398806
 21
-49.45009326299623
 31
0.0
 11
147.2207775395363
 21
-49.45009326299623
 31
0.0
  0
LWPOLYLINE
  5
19B
330
17E
100
AcDbEntity
  8
LENS_FURNITURE
100
AcDbPolyline
 90
20
 70
0
 10
-147.2126064673066
 20
-49.4513103716381
 10
-147.2126064673066
 20
0.0
 10
-151.567900955677
 20
-0.0273917902704852
 10
-155.8866730779409
 20
-0.1278283502470003
 10
-160.1506617683917
 20
-0.2921790862819762
 10
-164.3050831183791
 20
-0.5204439983717748
 10
-168.340806717053
 20
-0.812623084650113
 10
-172.2121795425191
 20
-1.159585749606776
 10
-175.8826794680208
 20
-1.570462588759255
 10
-179.3431753665209
 20
-2.026992412935214
 10
-182.5662759970873
 20
-2.538305813926854
 10
-185.5063281022012
 20
-3.104402793596818
 10
-188.1633316837251
 20
-3.69789156353363
 10
-190.5098947873339
 20
-4.337033312913263
 10
-192.5186261739582
 20
-5.012697451798885
 10
-194.1895253648981
 20
-5.715753377229702
 10
-195.5043312981725
 20
-6.437070499279798
 10
-196.4447824312374
 20
-7.176648810498591
 10
-197.0200101304799
 20
-7.925357719090243
 10
-197.0200101304799
 20
-58.18016057986461
  0
LWPOLYLINE
  5
19C
330
17E
100
AcDbEntity
  8
LENS_FURNITURE
100
AcDbPolyline
 90
2
 70
0
 10
-147.2126064673066
 20
0.0
 10
147.2126064673066
 20
0.0
  0
LWPOLYLINE
  5
19D
330
17E
100
AcDbEntity
  8
LENS_FURNITURE
100
AcDbPolyline
 90
2
 70
0
 10
197.0291410200298
 20
-58.18016057986461
 10
237.8063845764846
 20
-149.330904935603
  0
LWPOLYLINE
  5
19E
330
17E
100
AcDbEntity
  8
LENS_FURNITURE
100
AcDbPolyline
 90
6
 70
0
 10
-197.0200101304799
 20
-7.925357719090243
 10
-237.8063845764846
 20
-88.87722584154834
 10
-237.8063845764846
 20
-149.330904935603
 10
-237.9889966510236
 20
-150.1617892112808
 10
-237.9889966510236
 20
-181.1145111771839
 10
-237.9889966510236
 20
-181.1692947539995
  0
LWPOLYLINE
  5
19F
330
17E
100
AcDbEntity
  8
LENS_FURNITURE
100
AcDbPolyline
 90
2
 70
0
 10
-318.5117263533175
 20
-139.8807376109143
 10
-318.5117263533175
 20
-89.88159145249666
  0
LWPOLYLINE
  5
1A0
330
17E
100
AcDbEntity
  8
LENS_FURNITURE
100
AcDbPolyline
 90
2
 70
0
 10
318.4752042246982
 20
-89.68984892619483
 10
318.4752042246982
 20
-139.6889950846125
  0
LWPOLYLINE
  5
1A1
330
17E
100
AcDbEntity
  8
LENS_FURNITURE
100
AcDbPolyline
 90
81
 70
0
 10
-316.5121258571744
 20
-492.3765441461037
 10
-316.5121258571744
 20
-225.3887733609918
 10
-311.5176895856857
 20
-225.3887733609918
 10
-311.5176895856857
 20
-472.3805379213153
 10
-311.5085589345544
 20
-472.5448886573503
 10
-311.5085589345544
 20
-472.7183699907619
 10
-311.4902978707105
 20
-472.891851322307
 10
-311.4720365675166
 20
-473.0562020583383
 10
-311.4446448516101
 20
-473.2296833917498
 10
-311.3716001175344
 20
-473.5583848638161
 10
-311.325947098434
 20
-473.731866195365
 10
-311.2802940802648
 20
-473.8870863358824
 10
-311.1707267407328
 20
-474.2157878079487
 10
-311.0976820057258
 20
-474.3710079484663
 10
-311.0337681612
 20
-474.5262280871211
 10
-310.9515925366431
 20
-474.6814482257759
 10
-310.8785478025675
 20
-474.8275377689169
 10
-310.6046299301088
 20
-475.2658064002026
 10
-310.5041934801266
 20
-475.4027653459634
 10
-310.3946263790131
 20
-475.5305936962104
 10
-310.2850590385497
 20
-475.6675526438375
 10
-310.1663612853736
 20
-475.7953809940845
 10
-309.9289657799527
 20
-476.0327765016882
 10
-309.8011373756453
 20
-476.1514742545586
 10
-309.6733092097565
 20
-476.2610414119117
 10
-309.2624322809279
 20
-476.5623510955702
 10
-309.1163428127766
 20
-476.6536570600364
 10
-308.9702533446252
 20
-476.735832427119
 10
-308.81503322348
 20
-476.8180077960677
 10
-308.5045927455649
 20
-476.9640973373461
 10
-308.1941525060683
 20
-477.0919256894558
 10
-308.0298017337918
 20
-477.1467092681341
 10
-307.70110042952
 20
-477.2380152325967
 10
-307.5367496581748
 20
-477.2745376183811
 10
-307.3632682356983
 20
-477.3019294067889
 10
-307.1989174634218
 20
-477.3293211970594
 10
-307.0254362802952
 20
-477.3567129873263
 10
-306.8610852696001
 20
-477.3658435828438
 10
-306.6876040855423
 20
-477.3749741802239
 10
-306.5141226630658
 20
-477.3749741802239
 10
-271.5165466303006
 20
-477.3749741802239
 10
-271.3430652078241
 20
-477.3749741802239
 10
-271.1787144355476
 20
-477.3658435828438
 10
-271.0052332514897
 20
-477.3567129873263
 10
-270.8317518290132
 20
-477.3293211970594
 10
-270.5030502863228
 20
-477.2745376183811
 10
-270.3295691013336
 20
-477.2380152325967
 10
-270.0008675586432
 20
-477.1467092681341
 10
-269.8456474384293
 20
-477.0919256894558
 10
-269.6812969055027
 20
-477.0280115152636
 10
-269.5260765478015
 20
-476.9640973373461
 10
-269.2156360689551
 20
-476.8180077960677
 10
-269.0695465998724
 20
-476.735832427119
 10
-268.9143264796585
 20
-476.6536570600364
 10
-268.7773676626384
 20
-476.5623510955702
 10
-268.6312779560685
 20
-476.4619145355936
 10
-268.3573600826785
 20
-476.2610414119117
 10
-268.2295319167897
 20
-476.1514742545586
 10
-268.1017035134137
 20
-476.0327765016882
 10
-267.8643080070615
 20
-475.7953809940845
 10
-267.7456102538854
 20
-475.6675526438375
 10
-267.6360429143533
 20
-475.5305936962104
 10
-267.5356064643711
 20
-475.4027653459634
 10
-267.4351700134575
 20
-475.2658064002026
 10
-267.3347333259881
 20
-475.1197168570615
 10
-267.2434272877872
 20
-474.9736273139205
 10
-267.0790767557919
 20
-474.6814482257759
 10
-266.9969013696536
 20
-474.5262280871211
 10
-266.8690729653463
 20
-474.2157878079487
 10
-266.8051586439833
 20
-474.0514370719174
 10
-266.7503752131015
 20
-473.8870863358824
 10
-266.7047221940011
 20
-473.731866195365
 10
-266.6590691749007
 20
-473.5583848638161
 10
-266.586024440825
 20
-473.2296833917498
 10
-266.5586327258497
 20
-473.0562020583383
 10
-266.5403714226559
 20
-472.891851322307
 10
-266.5221103578806
 20
-472.5448886573503
 10
-266.5129797067493
 20
-472.3805379213153
 10
-266.5129797067493
 20
-225.3887733609918
 10
-261.5185434352607
 20
-225.3887733609918
 10
-261.5185434352607
 20
-492.3765441461037
  0
LWPOLYLINE
  5
1A2
330
17E
100
AcDbEntity
  8
LENS_FURNITURE
100
AcDbPolyline
 90
4
 70
0
 10
-316.5121258571744
 20
-225.3887733609918
 10
-316.5121258571744
 20
-193.5595141381127
 10
-311.5176895856857
 20
-193.5595141381127
 10
-311.5176895856857
 20
-225.3887733609918
  0
LWPOLYLINE
  5
1A3
330
17E
100
AcDbEntity
  8
LENS_FURNITURE
100
AcDbPolyline
 90
4
 70
1
 10
-261.5185434352607
 20
-492.3765441461037
 10
-316.5121258571744
 20
-492.3765441461037
 10
-316.5121258571744
 20
-502.3745472575683
 10
-261.5185434352607
 20
-502.3745472575683
  0
LWPOLYLINE
  5
1A4
330
17E
100
AcDbEntity
  8
LENS_FURNITURE
100
AcDbPolyline
 90
4
 70
0
 10
-266.5129797067493
 20
-225.3887733609918
 10
-266.5129797067493
 20
-193.5595141381127
 10
-261.5185434352607
 20
-193.5595141381127
 10
-261.5185434352607
 20
-225.3887733609918
  0
LWPOLYLINE
  5
1A5
330
17E
100
AcDbEntity
  8
LENS_FURNITURE
100
AcDbPolyline
 90
4
 70
0
 10
-266.5129797067493
 20
-193.5595141381127
 10
-266.5129797067493
 20
-138.9220249831269
 10
-311.5176895856857
 20
-138.9220249831269
 10
-311.5176895856857
 20
-193.5595141381127
  0
LWPOLYLINE
  5
1A6
330
17E
100
AcDbEntity
  8
LENS_FURNITURE
100
AcDbPolyline
 90
2
 70
0
 10
-316.5121258571744
 20
-90.37464366059793
 10
-316.5121258571744
 20
-193.5595141381127
  0
LWPOLYLINE
  5
1A7
330
17E
100
AcDbEntity
  8
LENS_FURNITURE
100
AcDbPolyline
 90
2
 70
0
 10
-266.5129797067493
 20
-265.307741038996
 10
-311.5176895856857
 20
-265.307741038996
  0
LWPOLYLINE
  5
1A8
330
17E
100
AcDbEntity
  8
LENS_FURNITURE
100
AcDbPolyline
 90
2
 70
0
 10
-266.5129797067493
 20
-227.8722955943813
 10
-311.5176895856857
 20
-227.8722955943813
  0
LWPOLYLINE
  5
1A9
330
17E
100
AcDbEntity
  8
LENS_FURNITURE
100
AcDbPolyline
 90
2
 70
0
 10
-266.5129797067493
 20
-160.7350198997883
 10
-311.5176895856857
 20
-160.7350198997883
  0
LWPOLYLINE
  5
1AA
330
17E
100
AcDbEntity
  8
LENS_FURNITURE
100
AcDbPolyline
 90
2
 70
0
 10
-266.5129797067493
 20
-146.7560767358882
 10
-311.5176895856857
 20
-146.7560767358882
  0
LWPOLYLINE
  5
1AB
330
17E
100
AcDbEntity
  8
LENS_FURNITURE
100
AcDbPolyline
 90
4
 70
1
 10
316.4756037285552
 20
-193.3677716118072
 10
311.4811672177166
 20
-193.3677716118072
 10
311.4811672177166
 20
-225.1970308365526
 10
316.4756037285552
 20
-225.1970308365526
  0
LWPOLYLINE
  5
1AC
330
17E
100
AcDbEntity
  8
LENS_FURNITURE
100
AcDbPolyline
 90
6
 70
0
 10
316.4756037285552
 20
-225.1970308365526
 10
316.4756037285552
 20
-492.1848016198018
 10
261.4820213057101
 20
-492.1848016198018
 10
261.4820213057101
 20
-502.1919353286429
 10
316.4756037285552
 20
-502.1919353286429
 10
316.4756037285552
 20
-492.1848016198018
  0
LWPOLYLINE
  5
1AD
330
17E
100
AcDbEntity
  8
LENS_FURNITURE
100
AcDbPolyline
 90
83
 70
0
 10
261.4820213057101
 20
-492.1848016198018
 10
261.4820213057101
 20
-225.1970308365526
 10
266.4764573387802
 20
-225.1970308365526
 10
266.4764573387802
 20
-472.1887953968762
 10
266.4855879899114
 20
-472.3622767284251
 10
266.494718641974
 20
-472.5266274644564
 10
266.5038492931053
 20
-472.7001087978679
 10
266.5221103578806
 20
-472.873590129413
 10
266.5495023112744
 20
-473.037940865448
 10
266.586024440825
 20
-473.2022916014829
 10
266.6225470462814
 20
-473.3757729348908
 10
266.7138530835509
 20
-473.7044744069571
 10
266.768636515364
 20
-473.8596945474746
 10
266.8234199462458
 20
-474.024045283506
 10
266.8964646812528
 20
-474.1792654203018
 10
266.9603790026158
 20
-474.3344855608192
 10
267.0425543878228
 20
-474.4897057013368
 10
267.1247297730297
 20
-474.6357952444777
 10
267.2069051591679
 20
-474.7910153849952
 10
267.2982111964375
 20
-474.927974330756
 10
267.3895172327757
 20
-475.0740638739007
 10
267.4990840964019
 20
-475.2110228196616
 10
267.5995207848028
 20
-475.347981767285
 10
267.7090881243348
 20
-475.4758101175321
 10
267.8277858775109
 20
-475.6036384696417
 10
268.0651811454445
 20
-475.8410339753827
 10
268.1930095497519
 20
-475.9597317301158
 10
268.3208379540592
 20
-476.0692988856098
 10
268.5947558265179
 20
-476.2701720074292
 10
268.7408452946693
 20
-476.3706085692684
 10
268.8778043501079
 20
-476.4619145355936
 10
269.0238938191906
 20
-476.5440899026798
 10
269.334334298037
 20
-476.7084406387148
 10
269.7999946577474
 20
-476.9001831631539
 10
269.9643451906741
 20
-476.9549667418323
 10
270.2930467333644
 20
-477.0462727062913
 10
270.457397505641
 20
-477.0827950920793
 10
270.6308789281175
 20
-477.1193174778637
 10
270.7952296994626
 20
-477.1375786726203
 10
270.9687108844519
 20
-477.1649704610244
 10
271.1330614164471
 20
-477.1741010584009
 10
271.4800242623314
 20
-477.1923622512986
 10
306.4776005335152
 20
-477.1923622512986
 10
306.6510819559917
 20
-477.1832316539184
 10
306.8154327273369
 20
-477.1741010584009
 10
306.9889139123261
 20
-477.1649704610244
 10
307.1623953348026
 20
-477.1375786726203
 10
307.3267461061478
 20
-477.1193174778637
 10
307.4910966390744
 20
-477.0827950920793
 10
307.6645778231323
 20
-477.0462727062913
 10
307.9932793658227
 20
-476.9549667418323
 10
308.1484994869679
 20
-476.9001831631539
 10
308.3128502573818
 20
-476.8362689889618
 10
308.6232907362282
 20
-476.7084406387148
 10
308.7785106180236
 20
-476.626265271625
 10
308.9246003255248
 20
-476.5440899026798
 10
309.0798204448074
 20
-476.4619145355936
 10
309.2167792618275
 20
-476.3706085692684
 10
309.3628689693287
 20
-476.2701720074292
 10
309.6367868427187
 20
-476.0692988856098
 10
309.7646152470261
 20
-475.9597317301158
 10
309.8924434129149
 20
-475.8410339753827
 10
310.129839155823
 20
-475.6036384696417
 10
310.2485369089991
 20
-475.4758101175321
 10
310.3581040110439
 20
-475.347981767285
 10
310.5589769110084
 20
-475.0740638739007
 10
310.6594138378278
 20
-474.927974330756
 10
310.7507196366787
 20
-474.7910153849952
 10
310.8328950218856
 20
-474.6357952444777
 10
310.9150704080239
 20
-474.4897057013368
 10
310.9972455557436
 20
-474.3344855608192
 10
311.1250741984695
 20
-474.024045283506
 10
311.1889880429953
 20
-473.8596945474746
 10
311.2437719507143
 20
-473.7044744069571
 10
311.3350777495652
 20
-473.3757729348908
 10
311.3716001166031
 20
-473.2022916014829
 10
311.4081224836409
 20
-473.037940865448
 10
311.435514437966
 20
-472.873590129413
 10
311.4537755027413
 20
-472.7001087978679
 10
311.4629061538726
 20
-472.5266274644564
 10
311.4720368050039
 20
-472.3622767284251
 10
311.4811672177166
 20
-472.1887953968762
 10
311.4811672177166
 20
-225.1970308365526
  0
LWPOLYLINE
  5
1AE
330
17E
100
AcDbEntity
  8
LENS_FURNITURE
100
AcDbPolyline
 90
4
 70
0
 10
261.4820213057101
 20
-225.1970308365526
 10
261.4820213057101
 20
-193.3677716118072
 10
266.4764573387802
 20
-193.3677716118072
 10
266.4764573387802
 20
-225.1970308365526
  0
LWPOLYLINE
  5
1AF
330
17E
100
AcDbEntity
  8
LENS_FURNITURE
100
AcDbPolyline
 90
4
 70
0
 10
311.4811672177166
 20
-193.3677716118072
 10
311.4811672177166
 20
-138.7302824568214
 10
266.4764573387802
 20
-138.7302824568214
 10
266.4764573387802
 20
-193.3677716118072
  0
LWPOLYLINE
  5
1B0
330
17E
100
AcDbEntity
  8
LENS_FURNITURE
100
AcDbPolyline
 90
2
 70
0
 10
261.4820213057101
 20
-90.18290113615512
 10
261.4820213057101
 20
-193.3677716118072
  0
LWPOLYLINE
  5
1B1
330
17E
100
AcDbEntity
  8
LENS_FURNITURE
100
AcDbPolyline
 90
2
 70
0
 10
311.4811672177166
 20
-227.6805530699385
 10
266.4764573387802
 20
-227.6805530699385
  0
LWPOLYLINE
  5
1B2
330
17E
100
AcDbEntity
  8
LENS_FURNITURE
100
AcDbPolyline
 90
2
 70
0
 10
311.4811672177166
 20
-265.1251291100707
 10
266.4764573387802
 20
-265.1251291100707
  0
LWPOLYLINE
  5
1B3
330
17E
100
AcDbEntity
  8
LENS_FURNITURE
100
AcDbPolyline
 90
2
 70
0
 10
311.4811672177166
 20
-160.5432773753491
 10
266.4764573387802
 20
-160.5432773753491
  0
LWPOLYLINE
  5
1B4
330
17E
100
AcDbEntity
  8
LENS_FURNITURE
100
AcDbPolyline
 90
2
 70
0
 10
311.4811672177166
 20
-146.564334211449
 10
266.4764573387802
 20
-146.564334211449
  0
LWPOLYLINE
  5
1B5
330
17E
100
AcDbEntity
  8
LENS_FURNITURE
100
AcDbPolyline
 90
2
 70
0
 10
-249.5209397431463
 20
-145.8795394770495
 10
-249.5209397431463
 20
-113.8859295162692
  0
LWPOLYLINE
  5
1B6
330
17E
100
AcDbEntity
  8
LENS_FURNITURE
100
AcDbPolyline
 90
2
 70
0
 10
249.4752867240459
 20
-113.69418699183
 10
249.4752867240459
 20
-145.6969275481242
  0
LWPOLYLINE
  5
1B7
330
17E
100
AcDbEntity
  8
LENS_FURNITURE
100
AcDbPolyline
 90
4
 70
1
 10
248.4800519216806
 20
-122.9252200036681
 10
242.4812499564141
 20
-122.9252200036681
 10
242.4812499564141
 20
-144.6743007461409
 10
248.4800519216806
 20
-144.6743007461409
  0
LWPOLYLINE
  5
1B8
330
17E
100
AcDbEntity
  8
LENS_FURNITURE
100
AcDbPolyline
 90
4
 70
1
 10
-248.5165740512311
 20
-144.6377783603529
 10
-242.5177723243832
 20
-144.6377783603529
 10
-242.5177723243832
 20
-122.9252200036681
 10
-248.5165740512311
 20
-122.9252200036681
  0
LWPOLYLINE
  5
1B9
330
17E
100
AcDbEntity
  8
LENS_FURNITURE
100
AcDbPolyline
 90
4
 70
0
 10
242.4812499564141
 20
-122.9252200036681
 10
242.4812499564141
 20
-103.8970570021847
 10
248.4800519216806
 20
-103.8970570021847
 10
248.4800519216806
 20
-122.9252200036681
  0
LWPOLYLINE
  5
1BA
330
17E
100
AcDbEntity
  8
LENS_FURNITURE
100
AcDbPolyline
 90
4
 70
0
 10
-242.5177723243832
 20
-122.9252200036681
 10
-242.5177723243832
 20
-103.8970570021847
 10
-248.5165740512311
 20
-103.8970570021847
 10
-248.5165740512311
 20
-122.9252200036681
  0
LWPOLYLINE
  5
1BB
330
17E
100
AcDbEntity
  8
LENS_FURNITURE
100
AcDbPolyline
 90
21
 70
0
 10
242.4812499564141
 20
-131.2797157548011
 10
242.4173358734697
 20
-131.1153650187698
 10
242.3808132680133
 20
-131.0697120356053
 10
242.3625519648194
 20
-131.0605814400915
 10
242.3625519648194
 20
-131.0514508445776
 10
242.1890707807615
 20
-130.9692754756252
 10
241.9790672287345
 20
-130.9692754756252
 10
241.9790672287345
 20
-103.4040047940871
 10
242.0338506605476
 20
-103.4040047940871
 10
242.0795036796481
 20
-103.4131353896009
 10
242.1342873498797
 20
-103.4313965824913
 10
242.2255933862179
 20
-103.4679189682792
 10
242.2712464053184
 20
-103.4953107566835
 10
242.3077685339376
 20
-103.5318331443341
 10
242.3534215521067
 20
-103.5683555301184
 10
242.3808132680133
 20
-103.6048779159027
 10
242.4355971757322
 20
-103.696183880369
 10
242.4538580030203
 20
-103.7418368616672
 10
242.4629888925701
 20
-103.7966204403419
 10
242.4721193052828
 20
-103.8422734216437
 10
242.4812499564141
 20
-103.8970570021847
  0
LWPOLYLINE
  5
1BC
330
17E
100
AcDbEntity
  8
LENS_FURNITURE
100
AcDbPolyline
 90
45
 70
0
 10
248.4800519216806
 20
-103.8970570021847
 10
248.4526599673554
 20
-103.3218294251383
 10
248.4252682514489
 20
-103.1300868988328
 10
248.3978765355423
 20
-102.9474749699075
 10
248.3704848196357
 20
-102.7557324454683
 10
248.3339622141794
 20
-102.573120516543
 10
248.2883091960102
 20
-102.3813779902411
 10
248.1239584237337
 20
-101.8335422053278
 10
248.0600443407893
 20
-101.6509302764025
 10
247.913954872638
 20
-101.3039676095795
 10
247.831779487431
 20
-101.1304862780307
 10
247.7404736885801
 20
-100.9570049446229
 10
247.6491676513106
 20
-100.7926542085915
 10
247.557861614041
 20
-100.6191728770427
 10
247.4574249256402
 20
-100.4639527365216
 10
247.347858062014
 20
-100.2996020004902
 10
247.1287233829498
 20
-99.98916172131794
 10
247.0100258681923
 20
-99.84307217817695
 10
246.8821974638849
 20
-99.69698263317333
 10
246.7543690595776
 20
-99.56002368927147
 10
246.6265408936888
 20
-99.41393414613412
 10
246.4895818382502
 20
-99.28610579402448
 10
246.051313193515
 20
-98.90262074327985
 10
245.905223486945
 20
-98.79305358592683
 10
245.7500036051497
 20
-98.67435583305632
 10
245.5947832465172
 20
-98.56478867569967
 10
245.2660819422454
 20
-98.36391555388036
 10
245.1017311709001
 20
-98.27260958755505
 10
244.9282497484237
 20
-98.18130362495504
 10
244.7547685634345
 20
-98.09912825600622
 10
244.4078059569001
 20
-97.95303871286887
 10
244.2251938823611
 20
-97.87999394129656
 10
244.0517124589533
 20
-97.81607976710438
 10
243.8691003853455
 20
-97.76129618656341
 10
243.6773581365123
 20
-97.70651260975137
 10
243.4947460629046
 20
-97.6608596265869
 10
243.3121342267841
 20
-97.62433724266157
 10
243.1203917395324
 20
-97.58781485501822
 10
242.9286492522806
 20
-97.56042306474411
 10
242.7460371777415
 20
-97.53303127633991
 10
242.5542946904898
 20
-97.51477008344592
 10
242.1708097159863
 20
-97.49650889055192
 10
241.9790672287345
 20
-97.49650889055192
 10
241.9790672287345
 20
-103.4040047940871
 10
237.9981270637363
 20
-103.4040047940871
  0
LWPOLYLINE
  5
1BD
330
17E
100
AcDbEntity
  8
LENS_FURNITURE
100
AcDbPolyline
 90
48
 70
0
 10
-237.9889966510236
 20
-103.4040047940871
 10
-242.0155893582851
 20
-103.4040047940871
 10
-242.0155893582851
 20
-97.49650889055192
 10
-242.2073320839554
 20
-97.49650889055192
 10
-242.5908170584589
 20
-97.51477008344592
 10
-242.7825595457107
 20
-97.53303127633991
 10
-242.974302271381
 20
-97.56042306474411
 10
-243.1569141075015
 20
-97.58781485501822
 10
-243.3486565947533
 20
-97.62433724266157
 10
-243.5312684308737
 20
-97.6608596265869
 10
-243.7230109171942
 20
-97.70651260975137
 10
-244.0882348269224
 20
-97.81607976710438
 10
-244.2617160119116
 20
-97.87999394129656
 10
-244.4443280864507
 20
-97.95303871286887
 10
-244.791290692985
 20
-98.09912825600622
 10
-244.9647721163929
 20
-98.18130362495504
 10
-245.1382533004507
 20
-98.27260958755505
 10
-245.302604071796
 20
-98.36391555388036
 10
-245.6313056144864
 20
-98.56478867569967
 10
-245.7865257347003
 20
-98.67435583305632
 10
-245.9417460933328
 20
-98.79305358592683
 10
-246.0878355614841
 20
-98.90262074327985
 10
-246.243055681698
 20
-99.03044909538949
 10
-246.380014738068
 20
-99.15827744377748
 10
-246.5261042062193
 20
-99.28610579402448
 10
-246.6630630232394
 20
-99.41393414613412
 10
-246.7908911891282
 20
-99.56002368927147
 10
-246.9187198318541
 20
-99.69698263317333
 10
-247.0465479977429
 20
-99.84307217817695
 10
-247.1652459893376
 20
-99.98916172131794
 10
-247.3843801915645
 20
-100.2996020004902
 10
-247.4939472936094
 20
-100.4639527365216
 10
-247.5943837435916
 20
-100.6191728770427
 10
-247.6948204319924
 20
-100.7926542085915
 10
-247.7861262308433
 20
-100.9570049446229
 10
-247.9504772406071
 20
-101.3039676095795
 10
-248.0965667087585
 20
-101.6509302764025
 10
-248.2243948746472
 20
-102.0161541342531
 10
-248.2791787832975
 20
-102.1987660613158
 10
-248.324831802398
 20
-102.3813779902411
 10
-248.3704845821485
 20
-102.573120516543
 10
-248.4070069491863
 20
-102.7557324454683
 10
-248.4343986650929
 20
-102.9474749699075
 10
-248.461790619418
 20
-103.1300868988328
 10
-248.4891823343933
 20
-103.3218294251383
 10
-248.4983129864559
 20
-103.5135719514437
 10
-248.5165740512311
 20
-103.7053144777455
 10
-248.5165740512311
 20
-103.8970570021847
  0
LWPOLYLINE
  5
1BE
330
17E
100
AcDbEntity
  8
LENS_FURNITURE
100
AcDbPolyline
 90
19
 70
0
 10
-242.5177723243832
 20
-131.288846350315
 10
-242.4812497189269
 20
-131.142756807174
 10
-242.3716828562319
 20
-131.0240590524408
 10
-242.2073320839554
 20
-130.9692754756252
 10
-242.0155893582851
 20
-130.9692754756252
 10
-242.0155893582851
 20
-103.4040047940871
 10
-242.0703730285168
 20
-103.4040047940871
 10
-242.1160260476172
 20
-103.4131353896009
 10
-242.170809478499
 20
-103.4313965824913
 10
-242.2621155157685
 20
-103.4679189682792
 10
-242.3077685348689
 20
-103.4953107566835
 10
-242.3534215530381
 20
-103.5318331443341
 10
-242.3899436816573
 20
-103.5683555301184
 10
-242.417335874401
 20
-103.6048779159027
 10
-242.4721193052828
 20
-103.696183880369
 10
-242.4903806084767
 20
-103.7418368616672
 10
-242.508641673252
 20
-103.7966204403419
 10
-242.5177723243832
 20
-103.8422734216437
 10
-242.5177723243832
 20
-103.8970570021847
  0
LWPOLYLINE
  5
1BF
330
17E
100
AcDbEntity
  8
LENS_FURNITURE
100
AcDbPolyline
 90
4
 70
0
 10
-242.0155893582851
 20
-130.9692754756252
 10
-240.6733917100355
 20
-131.0057978595505
 10
-239.3311940617859
 20
-131.0240590524408
 10
-237.9889966510236
 20
-131.0514508445776
  0
LWPOLYLINE
  5
1C0
330
17E
100
AcDbEntity
  8
LENS_FURNITURE
100
AcDbPolyline
 90
3
 70
0
 10
237.9981270637363
 20
-131.0423202471975
 10
239.3311942983419
 20
-131.0240590524408
 10
241.9790672287345
 20
-130.9692754756252
  0
LWPOLYLINE
  5
1C1
330
17E
100
AcDbEntity
  8
LENS_FURNITURE
100
AcDbPolyline
 90
2
 70
0
 10
241.9790672287345
 20
-97.49650889055192
 10
237.9981270637363
 20
-97.49650889055192
  0
LWPOLYLINE
  5
1C2
330
17E
100
AcDbEntity
  8
LENS_FURNITURE
100
AcDbPolyline
 90
2
 70
0
 10
-237.9889966510236
 20
-97.49650889055192
 10
-242.0155893582851
 20
-97.49650889055192
  0
LWPOLYLINE
  5
1C3
330
17E
100
AcDbEntity
  8
LENS_FURNITURE
100
AcDbPolyline
 90
2
 70
0
 10
248.4800519216806
 20
-166.268161349959
 10
248.4800519216806
 20
-144.6743007461409
  0
LWPOLYLINE
  5
1C4
330
17E
100
AcDbEntity
  8
LENS_FURNITURE
100
AcDbPolyline
 90
2
 70
0
 10
-242.5177723243832
 20
-144.6377783603529
 10
-242.5177723243832
 20
-165.2090121621877
  0
LWPOLYLINE
  5
1C5
330
17E
100
AcDbEntity
  8
LENS_FURNITURE
100
AcDbPolyline
 90
4
 70
0
 10
248.4800519216806
 20
-304.9345296307219
 10
248.4800519216806
 20
-231.1045267382215
 10
242.4812499564141
 20
-231.1045267382215
 10
242.4812499564141
 20
-296.7535152111377
  0
LWPOLYLINE
  5
1C6
330
17E
100
AcDbEntity
  8
LENS_FURNITURE
100
AcDbPolyline
 90
5
 70
0
 10
-248.5165740512311
 20
-329.9067109215248
 10
-248.5165740512311
 20
-327.7884125459896
 10
-248.5165740512311
 20
-231.1867021053076
 10
-242.5177723243832
 20
-231.1867021053076
 10
-242.5177723243832
 20
-319.2513048640685
  0
LWPOLYLINE
  5
1C7
330
17E
100
AcDbEntity
  8
LENS_FURNITURE
100
AcDbPolyline
 90
2
 70
0
 10
242.4812499564141
 20
-231.1045267382215
 10
242.4812499564141
 20
-170.8151983802017
  0
LWPOLYLINE
  5
1C8
330
17E
100
AcDbEntity
  8
LENS_FURNITURE
100
AcDbPolyline
 90
2
 70
0
 10
248.4800519216806
 20
-231.1045267382215
 10
248.4800519216806
 20
-170.8151983802017
  0
LWPOLYLINE
  5
1C9
330
17E
100
AcDbEntity
  8
LENS_FURNITURE
100
AcDbPolyline
 90
2
 70
0
 10
-248.5165740512311
 20
-170.9430267323114
 10
-248.5165740512311
 20
-231.1867021053076
  0
LWPOLYLINE
  5
1CA
330
17E
100
AcDbEntity
  8
LENS_FURNITURE
100
AcDbPolyline
 90
2
 70
0
 10
-242.5177723243832
 20
-170.9430267323114
 10
-242.5177723243832
 20
-231.1867021053076
  0
LWPOLYLINE
  5
1CB
330
17E
100
AcDbEntity
  8
LENS_FURNITURE
100
AcDbPolyline
 90
5
 70
0
 10
241.9790672287345
 20
-156.8727776039486
 10
242.1708097159863
 20
-157.12843430258
 10
242.3351602498442
 20
-157.3749604075637
 10
242.4447275893763
 20
-157.6214865106813
 10
242.4812499564141
 20
-157.8771432130379
  0
LWPOLYLINE
  5
1CC
330
17E
100
AcDbEntity
  8
LENS_FURNITURE
100
AcDbPolyline
 90
7
 70
0
 10
-242.5177723243832
 20
-157.9684491756379
 10
-242.4538580030203
 20
-157.5849641267559
 10
-242.417335874401
 20
-157.4845275649168
 10
-242.4082049839199
 20
-157.4571357746463
 10
-242.3990745712071
 20
-157.4388745817559
 10
-242.2255931487307
 20
-157.2106096715288
 10
-242.0155893582851
 20
-156.9640835665486
  0
LWPOLYLINE
  5
1CD
330
17E
100
AcDbEntity
  8
LENS_FURNITURE
100
AcDbPolyline
 90
3
 70
0
 10
248.9822346484289
 20
-307.2993541112373
 10
235.9802652643994
 20
-307.2263093396687
 10
235.9802652643994
 20
-187.2411413935624
  0
LWPOLYLINE
  5
1CE
330
17E
100
AcDbEntity
  8
LENS_FURNITURE
100
AcDbPolyline
 90
3
 70
0
 10
246.5169735541567
 20
-302.4875297812614
 10
246.1608802955598
 20
-302.7066640978301
 10
245.4395631272346
 20
-303.2818916730175
  0
LWPOLYLINE
  5
1CF
330
17E
100
AcDbEntity
  8
LENS_FURNITURE
100
AcDbPolyline
 90
33
 70
0
 10
235.9802652643994
 20
-187.0859212530486
 10
242.4812499564141
 20
-187.3415779554052
 10
242.4629888925701
 20
-187.0859212530486
 10
242.4447275893763
 20
-186.8393951499274
 10
242.3899441584945
 20
-186.3280817489358
 10
242.3534215521067
 20
-186.0815556458183
 10
242.3077685339376
 20
-185.8258989434616
 10
242.2621155157685
 20
-185.5793728403441
 10
242.2073320839554
 20
-185.332846735364
 10
242.1525484137237
 20
-185.077190036729
 10
242.0886343307793
 20
-184.8397945272627
 10
242.0155893582851
 20
-184.5932684241452
 10
241.9334142105654
 20
-184.3467423210277
 10
241.8603694764897
 20
-184.1093468115614
 10
241.677757402882
 20
-183.6345557982167
 10
241.4768842635676
 20
-183.1597647811504
 10
241.2577500604093
 20
-182.7032349588335
 10
241.1390523072332
 20
-182.4749700486099
 10
240.883395737037
 20
-182.0367014173243
 10
240.7464366815984
 20
-181.8175671026147
 10
240.6094776261598
 20
-181.6075633852815
 10
240.3172984505072
 20
-181.1875559468899
 10
240.1712089814246
 20
-180.9866828250742
 10
240.0068584494293
 20
-180.7858097051175
 10
239.8516380907968
 20
-180.5940671788157
 10
239.6781569067389
 20
-180.3931940569964
 10
239.5138058960438
 20
-180.2105821280711
 10
239.3403247119859
 20
-180.0188396036319
 10
239.1577128767967
 20
-179.8453582702204
 10
238.9751008022577
 20
-179.6627463412951
 10
238.7833583150059
 20
-179.4892650097463
 10
238.3998733405024
 20
-179.1605635376836
 10
237.9981270637363
 20
-178.850123256645
  0
LWPOLYLINE
  5
1D0
330
17E
100
AcDbEntity
  8
LENS_FURNITURE
100
AcDbPolyline
 90
2
 70
0
 10
-248.5165740512311
 20
-327.7884125459896
 10
-246.9643728509545
 20
-327.7884125459896
  0
LWPOLYLINE
  5
1D1
330
17E
100
AcDbEntity
  8
LENS_FURNITURE
100
AcDbPolyline
 90
47
 70
0
 10
-187.5150592494756
 20
-586.2847286304786
 10
-187.5150592494756
 20
-643.2961728633563
 10
-187.3781004324555
 20
-645.1679451339114
 10
-186.9398317886516
 20
-647.0305868108117
 10
-186.2550367489457
 20
-648.756269540092
 10
-185.3602386340499
 20
-650.3358627243651
 10
-184.2736975550651
 20
-651.77849696474
 10
-183.0045446408912
 20
-653.0933028530015
 10
-181.525387937203
 20
-654.3168027768006
 10
-179.7631829464808
 20
-655.4946497193014
 10
-177.6174927428364
 20
-656.6542354689082
 10
-175.006142180413
 20
-657.7772988308716
 10
-172.0569594223052
 20
-658.7999256347175
 10
-168.9982095640153
 20
-659.6673322961796
 10
-165.8481536675244
 20
-660.3977800118809
 10
-162.58853090927
 20
-661.0277911676058
 10
-159.2193408105522
 20
-661.5573657614877
 10
-155.7405836097896
 20
-662.0047649882908
 10
-152.1796507854014
 20
-662.360858250624
 10
-148.5365430517122
 20
-662.6439067395258
 10
-144.8295207582414
 20
-662.8447798632078
 10
-141.0859763361513
 20
-662.9634776142157
 10
-137.5159128606319
 20
-663.0
 10
137.4793907310813
 20
-663.0
 10
139.4607304017991
 20
-662.9817388071097
 10
143.2134054750204
 20
-662.8995634400235
 10
146.9204275291413
 20
-662.7352127039921
 10
150.581796804443
 20
-662.4978171963885
 10
154.1518600415438
 20
-662.1691157243185
 10
157.6306172423064
 20
-661.7673694806872
 10
160.9998071026057
 20
-661.283447869966
 10
164.2411687970161
 20
-660.7173508884297
 10
167.3455716744065
 20
-660.0599479461634
 10
170.3221463859081
 20
-659.3021084383289
 10
173.1708924546838
 20
-658.4255711794867
 10
175.9100711839273
 20
-657.4029443775034
 10
178.5853358302265
 20
-656.1429220679202
 10
180.703634317033
 20
-654.873769159094
 10
182.4110561143607
 20
-653.5863550610993
 10
183.8262984976172
 20
-652.2350267870497
 10
185.0224064392969
 20
-650.7741313556471
 10
185.9993801778182
 20
-649.2036687668877
 10
186.7389584109187
 20
-647.5053778260188
 10
187.2411413770169
 20
-645.71578092255
 10
187.4694064687937
 20
-643.8622698430263
 10
187.4785368824377
 20
-643.2961728633563
 10
187.4785368824377
 20
-586.2847286304786
  0
LWPOLYLINE
  5
1D2
330
17E
100
AcDbEntity
  8
LENS_FURNITURE
100
AcDbPolyline
 90
15
 70
0
 10
167.4825307298451
 20
-639.2239268464544
 10
166.7886052774265
 20
-639.4704529514346
 10
165.3368407655507
 20
-639.926982771889
 10
163.5746352989226
 20
-640.3926431915788
 10
161.5202513709664
 20
-640.8583036112686
 10
159.2010797448456
 20
-641.3057028362055
 10
156.6353821996599
 20
-641.7165796753579
 10
153.8505502138287
 20
-642.0818035350712
 10
150.8922370439395
 20
-642.3922438142436
 10
147.7969645801931
 20
-642.6479005147411
 10
144.5829948391765
 20
-642.8305124436665
 10
141.2868494745344
 20
-642.9492101983997
 10
138.1276631653309
 20
-642.9948631796977
 10
137.4793907310813
 20
-642.9948631796977
 10
-137.5159128606319
 20
-642.9948631796977
  0
LWPOLYLINE
  5
1D3
330
17E
100
AcDbEntity
  8
LENS_FURNITURE
100
AcDbPolyline
 90
54
 70
0
 10
177.4805339258164
 20
-652.9928662930251
 10
177.2431381810456
 20
-653.0019968885389
 10
176.7683474086225
 20
-652.9837356975077
 10
176.2935563968494
 20
-652.9472133098606
 10
176.05616065301
 20
-652.9198215195902
 10
175.8187653850764
 20
-652.8832991356685
 10
175.5813698796555
 20
-652.837646152504
 10
175.3531047869473
 20
-652.8011237685823
 10
175.1157095190137
 20
-652.7463401880449
 10
174.8874444272369
 20
-652.6915566093666
 10
174.4309144793078
 20
-652.5637282591197
 10
174.2026496250182
 20
-652.4906834875472
 10
173.9743847707286
 20
-652.4085081185985
 10
173.7552505675703
 20
-652.3263327515159
 10
173.3169819228351
 20
-652.1437208225907
 10
173.0978477206081
 20
-652.0432842607479
 10
172.8878436926752
 20
-651.9337171052539
 10
172.6687094885856
 20
-651.8241499479008
 10
172.4678363502025
 20
-651.7145827886816
 10
172.2578325606882
 20
-651.5958850358146
 10
171.8560865223407
 20
-651.3402283353171
 10
171.664344035089
 20
-651.2032693876899
 10
171.4634706582874
 20
-651.0663104419291
 10
171.2808588221669
 20
-650.9202208987881
 10
171.0891163349151
 20
-650.7741313556471
 10
170.9065044987946
 20
-650.6189112151296
 10
170.7330228378996
 20
-650.4636910764747
 10
170.3860602304339
 20
-650.1349896025458
 10
169.8930081548169
 20
-649.6145456060403
 10
169.7469186857343
 20
-649.431933677115
 10
169.5916983280331
 20
-649.2493217481897
 10
169.4456088589504
 20
-649.0575792218877
 10
169.3086500419304
 20
-648.865836697445
 10
169.1716909855604
 20
-648.6649635756257
 10
169.0438628196716
 20
-648.4732210511866
 10
168.9160344153642
 20
-648.2723479275082
 10
168.6786389108747
 20
-647.8523404909791
 10
168.4595044683665
 20
-647.4323330563129
 10
168.3590680193156
 20
-647.213198739737
 10
168.258631568402
 20
-647.0031950205448
 10
168.1764559447765
 20
-646.7749301103177
 10
168.0851501459255
 20
-646.5557957937416
 10
168.0121054109186
 20
-646.3366614808983
 10
167.9299297872931
 20
-646.1083965688085
 10
167.8021016214043
 20
-645.6518667464952
 10
167.7473181895911
 20
-645.4144712388916
 10
167.6925342818722
 20
-645.186206328668
 10
167.6468815021217
 20
-644.9488108192018
 10
167.6012284830212
 20
-644.7205459089746
 10
167.5647061159834
 20
-644.4831503995082
 10
167.5373144000768
 20
-644.2457548937673
 10
167.4825307298451
 20
-643.53356837096
 10
167.4825307298451
 20
-643.2961728633563
 10
167.4825307298451
 20
-586.3029898233726
  0
ARC
  5
1D4
330
17E
100
AcDbEntity
  8
LENS_FURNITURE
100
AcDbCircle
 10
-140.395004238002
 20
-544.6579043000602
 30
0.0
 40
98.37909659551366
100
AcDbArc
 50
253.9957013960431
 51
271.6770160365227
  0
LWPOLYLINE
  5
1D5
330
17E
100
AcDbEntity
  8
LENS_FURNITURE
100
AcDbPolyline
 90
48
 70
0
 10
-187.5150592494756
 20
-643.2961728633563
 10
-187.4967981856316
 20
-643.7709638766974
 10
-187.4602755801752
 20
-644.2457548937673
 10
-187.3872308451682
 20
-644.7205459089746
 10
-187.3507087174803
 20
-644.9488108192018
 10
-187.3050556983798
 20
-645.186206328668
 10
-187.2502717897296
 20
-645.4144712388916
 10
-187.1954883579165
 20
-645.6518667464952
 10
-187.1315740365535
 20
-645.8801316585813
 10
-186.9854845684022
 20
-646.3366614808983
 10
-186.9124398343265
 20
-646.5557957937416
 10
-186.8211340354755
 20
-646.7749301103177
 10
-186.729827998206
 20
-647.0031950205448
 10
-186.6385219618678
 20
-647.213198739737
 10
-186.5380855109542
 20
-647.4323330563129
 10
-186.3189510703087
 20
-647.8523404909791
 10
-186.0815555639565
 20
-648.2723479275082
 10
-185.9537271596491
 20
-648.4732210511866
 10
-185.8258989937603
 20
-648.6649635756257
 10
-185.6889399383217
 20
-648.865836697445
 10
-185.5428504701704
 20
-649.0575792218877
 10
-185.4058916531503
 20
-649.2493217481897
 10
-185.0954511743038
 20
-649.6145456060403
 10
-184.9402310540899
 20
-649.788026937589
 10
-184.6115295104682
 20
-650.1349896025458
 10
-184.2645669039339
 20
-650.4636910764747
 10
-183.8993432316929
 20
-650.7741313556471
 10
-183.7167311580851
 20
-650.9202208987881
 10
-183.5249886708334
 20
-651.0663104419291
 10
-183.1415034588426
 20
-651.3402283353171
 10
-182.7397574195638
 20
-651.5958850358146
 10
-182.5297536291182
 20
-651.7145827886816
 10
-181.899742259644
 20
-652.0432842607479
 10
-181.6806080564856
 20
-652.1437208225907
 10
-181.2423394117504
 20
-652.3263327515159
 10
-181.0232052095234
 20
-652.4085081185985
 10
-180.7949403543025
 20
-652.4906834875472
 10
-180.5666755009442
 20
-652.5637282591197
 10
-180.1101455539465
 20
-652.6915566093666
 10
-179.881880460307
 20
-652.7463401880449
 10
-179.6444851933047
 20
-652.8011237685823
 10
-179.4162201005965
 20
-652.837646152504
 10
-179.1788248326629
 20
-652.8832991356685
 10
-178.9414293281734
 20
-652.9198215195902
 10
-178.7040335834026
 20
-652.9472133098606
 10
-178.2292425725609
 20
-652.9837356975077
 10
-177.7544515598565
 20
-653.0019968885389
 10
-177.517056055367
 20
-652.9928662930251
  0
LWPOLYLINE
  5
1D6
330
17E
100
AcDbEntity
  8
LENS_FURNITURE
100
AcDbPolyline
 90
50
 70
0
 10
-177.517056055367
 20
-652.9928662930251
 10
-177.2796605490148
 20
-653.0019968885389
 10
-176.8048695381731
 20
-652.9837356975077
 10
-176.3300785254687
 20
-652.9472133098606
 10
-176.0926832584664
 20
-652.9198215195902
 10
-175.855287514627
 20
-652.8832991356685
 10
-175.6178920082748
 20
-652.837646152504
 10
-175.3896271549165
 20
-652.8011237685823
 10
-175.1522316485643
 20
-652.7463401880449
 10
-174.9239667942747
 20
-652.6915566093666
 10
-174.4674370856955
 20
-652.5637282591197
 10
-174.2391719929874
 20
-652.4906834875472
 10
-174.0109071386978
 20
-652.4085081185985
 10
-173.7917726971209
 20
-652.3263327515159
 10
-173.3535040523857
 20
-652.1437208225907
 10
-173.1343698501587
 20
-652.0432842607479
 10
-172.5043587181717
 20
-651.7145827886816
 10
-172.2943549286574
 20
-651.5958850358146
 10
-171.8926086518913
 20
-651.3402283353171
 10
-171.5091236773878
 20
-651.0663104419291
 10
-171.1256384644657
 20
-650.7741313556471
 10
-170.9430266283452
 20
-650.6189112151296
 10
-170.769545443356
 20
-650.4636910764747
 10
-170.4225825984031
 20
-650.1349896025458
 10
-170.0938812941313
 20
-649.788026937589
 10
-169.9386611739173
 20
-649.6145456060403
 10
-169.6282209344208
 20
-649.2493217481897
 10
-169.4821312269196
 20
-649.0575792218877
 10
-169.3451721705496
 20
-648.865836697445
 10
-169.2082135919481
 20
-648.6649635756257
 10
-169.0803849492222
 20
-648.4732210511866
 10
-168.9525565449148
 20
-648.2723479275082
 10
-168.7151610394939
 20
-647.8523404909791
 10
-168.4960268363356
 20
-647.4323330563129
 10
-168.3955901479348
 20
-647.213198739737
 10
-168.3042841106653
 20
-647.0031950205448
 10
-168.2129785511643
 20
-646.7749301103177
 10
-168.1216725129634
 20
-646.5557957937416
 10
-168.0486275404691
 20
-646.3366614808983
 10
-167.9025380723178
 20
-645.8801316585813
 10
-167.8386237509548
 20
-645.6518667464952
 10
-167.7838403191417
 20
-645.4144712388916
 10
-167.7290568873286
 20
-645.186206328668
 10
-167.6834038691595
 20
-644.9488108192018
 10
-167.6377508509904
 20
-644.7205459089746
 10
-167.6103591350838
 20
-644.4831503995082
 10
-167.5738365296274
 20
-644.2457548937673
 10
-167.5190530978143
 20
-643.53356837096
 10
-167.5190530978143
 20
-643.2961728633563
 10
-167.5190530978143
 20
-586.3029898233726
  0
LWPOLYLINE
  5
1D7
330
17E
100
AcDbEntity
  8
LENS_FURNITURE
100
AcDbPolyline
 90
50
 70
0
 10
177.4805339258164
 20
-652.9928662930251
 10
177.7179294312372
 20
-653.0019968885389
 10
178.1927202045917
 20
-652.9837356975077
 10
178.667511453852
 20
-652.9472133098606
 10
178.9049067217856
 20
-652.9198215195902
 10
179.1423022272065
 20
-652.8832991356685
 10
179.3705673199147
 20
-652.837646152504
 10
179.6079628262669
 20
-652.8011237685823
 10
179.8362276796251
 20
-652.7463401880449
 10
180.0736231859773
 20
-652.6915566093666
 10
180.5301528945565
 20
-652.5637282591197
 10
180.7584179872647
 20
-652.4906834875472
 10
180.9775524288416
 20
-652.4085081185985
 10
181.2058172831312
 20
-652.3263327515159
 10
181.6440856885165
 20
-652.1437208225907
 10
181.8632201300934
 20
-652.0432842607479
 10
182.493231261149
 20
-651.7145827886816
 10
182.6941044004634
 20
-651.5958850358146
 10
182.904108190909
 20
-651.468056685564
 10
183.0958506772294
 20
-651.3402283353171
 10
183.2967238165438
 20
-651.2032693876899
 10
183.4884663037956
 20
-651.0663104419291
 10
183.6802087910473
 20
-650.9202208987881
 10
183.8628206262365
 20
-650.7741313556471
 10
184.2280445359647
 20
-650.4636910764747
 10
184.575007381849
 20
-650.1349896025458
 10
184.9037086861208
 20
-649.788026937589
 10
185.0589288063347
 20
-649.6145456060403
 10
185.2141491640359
 20
-649.431933677115
 10
185.3602386340499
 20
-649.2493217481897
 10
185.6524175703525
 20
-648.865836697445
 10
185.7893763873726
 20
-648.6649635756257
 10
185.9172050300985
 20
-648.4732210511866
 10
186.0450331959873
 20
-648.2723479275082
 10
186.2824289407581
 20
-647.8523404909791
 10
186.5015631429851
 20
-647.4323330563129
 10
186.6019995938986
 20
-647.213198739737
 10
186.6933056302368
 20
-647.0031950205448
 10
186.7846114300191
 20
-646.7749301103177
 10
186.948962200433
 20
-646.3366614808983
 10
187.0950519079342
 20
-645.8801316585813
 10
187.1589662292972
 20
-645.6518667464952
 10
187.213749660179
 20
-645.4144712388916
 10
187.2685330919921
 20
-645.186206328668
 10
187.3141861110925
 20
-644.9488108192018
 10
187.3507087165489
 20
-644.7205459089746
 10
187.3872308451682
 20
-644.4831503995082
 10
187.4420145153999
 20
-644.0083593861636
 10
187.4602758176625
 20
-643.7709638766974
 10
187.4785368824377
 20
-643.2961728633563
  0
LWPOLYLINE
  5
1D8
330
17E
100
AcDbEntity
  8
LENS_FURNITURE
100
AcDbPolyline
 90
40
 70
0
 10
-249.018757016398
 20
-536.3038436649548
 10
-249.0096263643354
 20
-536.8334182588369
 10
-249.0004957132041
 20
-537.3721234500989
 10
-248.9913650620729
 20
-537.9016980458472
 10
-248.9731039982289
 20
-538.4404032352468
 10
-248.9457120429725
 20
-538.9791084246463
 10
-248.8726673088968
 20
-540.0382576142728
 10
-248.8361451812088
 20
-540.5769628036722
 10
-248.7265778407454
 20
-541.6361119914399
 10
-248.6717944089323
 20
-542.1748171827021
 10
-248.6078800875694
 20
-542.7043917765841
 10
-248.5348353534937
 20
-543.2339663704697
 10
-248.3704845821485
 20
-544.2931155601
 10
-248.2883091960102
 20
-544.8135595566054
 10
-248.0874360576272
 20
-545.8727087462357
 10
-247.986999607645
 20
-546.3931527427412
 10
-247.8774322681129
 20
-546.913596741113
 10
-247.7587345149368
 20
-547.4431713349949
 10
-247.6400367617607
 20
-547.9636153315005
 10
-247.5122085958719
 20
-548.4749287343546
 10
-247.2382907234132
 20
-549.515816729232
 10
-246.9461115477606
 20
-550.5384435312152
 10
-246.7908911891282
 20
-551.0497569322033
 10
-246.4621898848563
 20
-552.0723837323239
 10
-246.2887086998671
 20
-552.5836971351782
 10
-246.1152272773907
 20
-553.0858799387933
 10
-245.9326152037829
 20
-553.5880627442675
 10
-245.7408727165312
 20
-554.0902455497416
 10
-245.5491302292794
 20
-554.583297757843
 10
-245.3573879804462
 20
-555.0854805633207
 10
-244.7273766100407
 20
-556.564637185751
 10
-244.5082424078137
 20
-557.0485587983349
 10
-243.8234473671764
 20
-558.5003236360863
 10
-243.0838691350073
 20
-559.9246966817082
 10
-242.5725557561964
 20
-560.8560175173624
 10
-242.3077685348689
 20
-561.3216779370559
 10
-242.0338506614789
 20
-561.7873383567457
 10
-241.7599327880889
 20
-562.243868179059
 10
-241.1938357399777
 20
-563.1569278255483
 10
-240.9016565643251
 20
-563.6043270504852
  0
LWPOLYLINE
  5
1D9
330
17E
100
AcDbEntity
  8
LENS_FURNITURE
100
AcDbPolyline
 90
53
 70
0
 10
248.9822346484289
 20
-536.3038436649548
 10
248.9731039972976
 20
-536.8334182588369
 10
248.963973345235
 20
-537.3721234500989
 10
248.9548429325223
 20
-537.9016980458472
 10
248.9274509791285
 20
-538.4404032352468
 10
248.9091899143532
 20
-538.9791084246463
 10
248.8361451793462
 20
-540.0382576142728
 10
248.7904921621084
 20
-540.5769628036722
 10
248.744839143008
 20
-541.106537397558
 10
248.6900557111949
 20
-541.6361119914399
 10
248.6352718025446
 20
-542.1748171827021
 10
248.5622270684689
 20
-542.7043917765841
 10
248.4983129855245
 20
-543.2339663704697
 10
248.3339622141794
 20
-544.2931155601
 10
248.2426561769098
 20
-544.8135595566054
 10
248.1513503789902
 20
-545.343134150491
 10
248.050913689658
 20
-545.8727087462357
 10
247.9504772406071
 20
-546.3931527427412
 10
247.8409101385623
 20
-546.913596741113
 10
247.7222123853862
 20
-547.4431713349949
 10
247.6035146322101
 20
-547.9636153315005
 10
247.4756862279028
 20
-548.4749287343546
 10
247.2017681170255
 20
-549.515816729232
 10
246.9095891797915
 20
-550.5384435312152
 10
246.7543690595776
 20
-551.0497569322033
 10
246.4256677553058
 20
-552.0723837323239
 10
246.2521860944107
 20
-552.5836971351782
 10
246.0787049103528
 20
-553.0858799387933
 10
245.8960930742323
 20
-553.5880627442675
 10
245.7043505869806
 20
-554.0902455497416
 10
245.5126078613103
 20
-554.583297757843
 10
245.3117349613458
 20
-555.0854805633207
 10
245.1108618229628
 20
-555.5785327714183
 10
244.6908542420715
 20
-556.564637185751
 10
244.4717198014259
 20
-557.0485587983349
 10
244.0151900928468
 20
-558.0164020235025
 10
243.7777948249131
 20
-558.5003236360863
 10
243.5403990810737
 20
-558.9751146494308
 10
243.0473470054567
 20
-559.9246966817082
 10
242.791690196842
 20
-560.3903571013979
 10
241.9973285319283
 20
-561.7873383567457
 10
241.7234104201197
 20
-562.243868179059
 10
241.1573133720085
 20
-563.1569278255483
 10
240.8651344347745
 20
-563.6043270504852
 10
236.8385412506759
 20
-568.9548565698641
 10
232.948907122016
 20
-572.9814496036015
 10
228.6392656508833
 20
-576.5515128150254
 10
223.991791985929
 20
-579.5920014344301
 10
218.3125611506402
 20
-582.4133557372588
 10
212.3411511406303
 20
-584.4768705341157
 10
205.8036438431591
 20
-585.8373294055418
 10
199.019610626623
 20
-586.3029898233726
 10
198.9739580843597
 20
-586.3029898233726
  0
LWPOLYLINE
  5
1DA
330
17E
100
AcDbEntity
  8
LENS_FURNITURE
100
AcDbPolyline
 90
6
 70
0
 10
237.9981270637363
 20
-181.1692947539995
 10
237.9981270637363
 20
-181.1145111771839
 10
238.007257476449
 20
-150.1617892112808
 10
237.8063845764846
 20
-149.330904935603
 10
237.8063845764846
 20
-88.87722584154834
 10
197.0291410200298
 20
-7.925357719090243
  0
LWPOLYLINE
  5
1DB
330
17E
100
AcDbEntity
  8
LENS_FURNITURE
100
AcDbPolyline
 90
3
 70
0
 10
196.9378349836915
 20
-59.37626871153042
 10
196.9926184145734
 20
-58.90147769818941
 10
197.0108797177672
 20
-58.65495159320563
  0
LWPOLYLINE
  5
1DC
330
17E
100
AcDbEntity
  8
LENS_FURNITURE
100
AcDbPolyline
 90
20
 70
0
 10
197.0291410200298
 20
-58.18016057986461
 10
197.0291410200298
 20
-7.925357719090243
 10
196.4539133198559
 20
-7.176648810498591
 10
195.5134617108851
 20
-6.437070499279798
 10
194.1986557766795
 20
-5.715753377229702
 10
192.5277568241581
 20
-5.012697451798885
 10
190.5190256768837
 20
-4.337033312913263
 10
188.1724620964378
 20
-3.69789156353363
 10
185.5154587533325
 20
-3.104402793596818
 10
182.5754066472873
 20
-2.538305813926854
 10
179.3523062560707
 20
-2.026992412935214
 10
175.891810119152
 20
-1.570462588759255
 10
172.2121795415878
 20
-1.159585749606776
 10
168.349937367253
 20
-0.812623084650113
 10
164.3142135310918
 20
-0.5204439983717748
 10
160.159792419523
 20
-0.2921790862819762
 10
155.8958037290722
 20
-0.1278283502470003
 10
151.5770318452269
 20
-0.0273917902704852
 10
147.2126064673066
 20
0.0
 10
147.2126064673066
 20
-49.4513103716381
  0
LWPOLYLINE
  5
1DD
330
17E
100
AcDbEntity
  8
LENS_FURNITURE
100
AcDbPolyline
 90
2
 70
0
 10
-237.8063845764846
 20
-149.330904935603
 10
-197.0200101304799
 20
-58.18016057986461
  0
LWPOLYLINE
  5
1DE
330
17E
100
AcDbEntity
  8
LENS_FURNITURE
100
AcDbPolyline
 90
11
 70
0
 10
-237.9889966510236
 20
-150.4083153181236
 10
-237.9889966510236
 20
-150.1617892112808
 10
-237.9889966510236
 20
-89.63506534751649
 10
-237.9889966510236
 20
-89.53462878754362
 10
-237.9798657614738
 20
-89.43419222570083
 10
-237.9616044582799
 20
-89.33375566572067
 10
-237.9433436319232
 20
-89.242449699399
 10
-237.9159516785294
 20
-89.15114373679533
 10
-237.8794293105602
 20
-89.05070717495983
 10
-237.8429069444537
 20
-88.95940120863087
 10
-237.8063845764846
 20
-88.87722584154834
  0
LWPOLYLINE
  5
1DF
330
17E
100
AcDbEntity
  8
LENS_FURNITURE
100
AcDbPolyline
 90
11
 70
0
 10
237.9981270637363
 20
-150.4083153181236
 10
237.9981270637363
 20
-150.1617892112808
 10
237.9981270637363
 20
-89.63506534751649
 10
237.9981270637363
 20
-89.53462878754362
 10
237.9889966500923
 20
-89.43419222570083
 10
237.9707353468984
 20
-89.33375566572067
 10
237.9524740446359
 20
-89.242449699399
 10
237.9250823287293
 20
-89.15114373679533
 10
237.8885599616915
 20
-89.05070717495983
 10
237.8520375946536
 20
-88.95940120863087
 10
237.8063845764846
 20
-88.87722584154834
  0
ARC
  5
1E0
330
17E
100
AcDbEntity
  8
LENS_FURNITURE
100
AcDbCircle
 10
-247.3254963691689
 20
-176.942494043215
 30
0.0
 40
414.6255135707222
100
AcDbArc
 50
358.9237746425289
 51
17.90773846791414
  0
ARC
  5
1E1
330
17E
100
AcDbEntity
  8
LENS_FURNITURE
100
AcDbCircle
 10
247.3254963691689
 20
-176.942494043215
 30
0.0
 40
414.6255135707222
100
AcDbArc
 50
162.0922615320858
 51
181.0762253574711
  0
ARC
  5
1E2
330
17E
100
AcDbEntity
  8
LENS_FURNITURE
100
AcDbCircle
 10
4674.902965431974
 20
-548.0504145275423
 30
0.0
 40
4755.890170314926
100
AcDbArc
 50
173.9821536593231
 51
175.5168892673089
  0
ARC
  5
1E3
330
17E
100
AcDbEntity
  8
LENS_FURNITURE
100
AcDbCircle
 10
-4674.902965431974
 20
-548.0504145275423
 30
0.0
 40
4755.890170314926
100
AcDbArc
 50
4.483110732691115
 51
6.017846340676942
  0
LWPOLYLINE
  5
1E4
330
17E
100
AcDbEntity
  8
LENS_FURNITURE
100
AcDbPolyline
 90
2
 70
0
 10
54.77886799330099
 20
-49.4513103716373
 10
54.77886799330099
 20
0.0
  0
LWPOLYLINE
  5
1E5
330
17E
100
AcDbEntity
  8
LENS_FURNITURE
100
AcDbPolyline
 90
2
 70
0
 10
-54.77886799330099
 20
-49.4513103716373
 10
-54.77886799330099
 20
0.0
  0
ENDBLK
  5
180
330
17E
100
AcDbEntity
  8
0
100
AcDbBlockEnd
  0
BLOCK
  5
1E7
330
1E6
100
AcDbEntity
  8
0
100
AcDbBlockBegin
  2
chr
 70
0
 10
0.0
 20
0.0
 30
0.0
  3
chr
  1

  0
LWPOLYLINE
  5
1E9
330
1E6
100
AcDbEntity
  8
LENS_FURNITURE
100
AcDbPolyline
 90
23
 70
0
 10
-214.8703261986375
 20
189.364005069161
 10
-208.0771623300389
 20
190.3592400808702
 10
-187.3689696602523
 20
193.2901615410519
 10
-166.6242546243593
 20
195.919773319445
 10
-145.8430172204971
 20
198.2389448168105
 10
-125.0252572111785
 20
200.2476760368445
 10
-104.1709748348221
 20
201.9459669739881
 10
-83.30756180733442
 20
203.3429482312058
 10
-62.41675754077732
 20
204.4203586137155
 10
-41.51682190690189
 20
205.1964593107113
 10
-20.59862544760108
 20
205.652989134891
 10
0.3195710116997361
 20
205.8082092735567
 10
21.22863681986928
 20
205.6438585375145
 10
42.14683327917009
 20
205.178198117821
 10
63.04676843620836
 20
204.3929668253113
 10
83.93757317960262
 20
203.3064258454251
 10
104.8009862070903
 20
201.9094445900701
 10
125.6461376938969
 20
200.1928924563108
 10
146.4638977032155
 20
198.1750306425965
 10
167.2451351061463
 20
195.846728546021
 10
187.9898503813892
 20
193.2171167694905
 10
208.6980430502444
 20
190.2679341164184
 10
214.9342405218631
 20
189.364005069161
  0
LWPOLYLINE
  5
1EA
330
1E6
100
AcDbEntity
  8
LENS_FURNITURE
100
AcDbPolyline
 90
54
 70
0
 10
214.9342405218631
 20
189.364005069161
 10
228.018385052681
 20
189.364005069161
 10
228.2649112101644
 20
189.364005069161
 10
228.5023067155853
 20
189.3731356646749
 10
228.7397024594247
 20
189.3913968575652
 10
228.9862283784896
 20
189.4096580504556
 10
229.4610193902627
 20
189.464441627264
 10
229.6984148956835
 20
189.5009640130738
 10
229.9358104020357
 20
189.5466169980936
 10
230.6479969192296
 20
189.7109677341068
 10
230.8762620110065
 20
189.7748819083208
 10
231.1136572789401
 20
189.8479266780196
 10
231.3419223716483
 20
189.9301020469575
 10
231.5610565748066
 20
190.0122774140618
 10
231.7893214290962
 20
190.1035833803762
 10
232.0084558706731
 20
190.1948893429944
 10
232.2367207240313
 20
190.2953259048226
 10
232.446724514477
 20
190.3957624666509
 10
232.6658587176353
 20
190.5053296240221
 10
233.0858660591766
 20
190.7427251316257
 10
233.2958698496223
 20
190.8705534818582
 10
233.4967429880053
 20
190.9983818321198
 10
233.8984892647713
 20
191.2722997255041
 10
234.2819744776934
 20
191.5644788117788
 10
234.6471983874216
 20
191.8749190909439
 10
234.8298102235422
 20
192.0392698269861
 10
235.0032914076
 20
192.2036205630283
 10
235.1767725925892
 20
192.3771018964471
 10
235.3411236014217
 20
192.5505832279741
 10
235.5054743736982
 20
192.7331951569067
 10
235.8159146141261
 20
193.0984190147719
 10
236.1080937888473
 20
193.4819040654984
 10
236.3820116622374
 20
193.8836503110069
 10
236.5098398281261
 20
194.0845234328299
 10
236.6376682324335
 20
194.2945271501376
 10
236.8750637378544
 20
194.7145345885365
 10
236.9846310783178
 20
194.9336689013871
 10
237.0850675273687
 20
195.1436726205866
 10
237.1855039782822
 20
195.3719375308137
 10
237.2768100146204
 20
195.5910718473896
 10
237.3681158144027
 20
195.8193367576168
 10
237.4502914380282
 20
196.0384710723301
 10
237.5324665848166
 20
196.2758665799047
 10
237.6055113198236
 20
196.5041314919945
 10
237.6694256402552
 20
196.7323964022216
 10
237.8337764125317
 20
197.4445829250617
 10
237.8794291922822
 20
197.6819784344989
 10
237.9159517977387
 20
197.9193739402399
 10
237.9707352295518
 20
198.3941649573098
 10
237.9889965318144
 20
198.6406910604273
 10
238.0072578350082
 20
198.878086568031
 10
238.0163882486522
 20
199.1154820756346
 10
238.0163882486522
 20
199.3620081787521
 10
238.0163882486522
 20
199.4624447406095
  0
LWPOLYLINE
  5
1EB
330
1E6
100
AcDbEntity
  8
LENS_FURNITURE
100
AcDbPolyline
 90
54
 70
0
 10
-237.9707354661077
 20
199.4624447406095
 10
-237.9707354661077
 20
199.3620081787521
 10
-237.9707354661077
 20
199.1154820756346
 10
-237.9524741638452
 20
198.6406910604273
 10
-237.9250824470073
 20
198.3941649573098
 10
-237.870298538357
 20
197.9193739402399
 10
-237.8337764106691
 20
197.6819784344989
 10
-237.7424703733995
 20
197.2071874174289
 10
-237.6876867031679
 20
196.969791911717
 10
-237.6237726202234
 20
196.7323964022216
 10
-237.5598585372791
 20
196.5041314919945
 10
-237.4868138032034
 20
196.2758665799047
 10
-237.4046381786466
 20
196.0384710723301
 10
-237.3224630318582
 20
195.8193367576168
 10
-237.2402876457199
 20
195.5910718473896
 10
-237.1398509573191
 20
195.3719375308137
 10
-237.0394142689183
 20
195.1436726205866
 10
-236.9389778189361
 20
194.9336689013871
 10
-236.8294107168913
 20
194.7145345885365
 10
-236.4733174592256
 20
194.0845234328299
 10
-236.336358403787
 20
193.8836503110069
 10
-236.2085299994796
 20
193.682777189184
 10
-236.062440530397
 20
193.4819040654984
 10
-235.770261593163
 20
193.0984190147719
 10
-235.4598211143166
 20
192.7331951569067
 10
-235.29547058139
 20
192.5505832279741
 10
-235.1311198100447
 20
192.3771018964471
 10
-234.957638386637
 20
192.2036205630283
 10
-234.7841572025791
 20
192.0392698269861
 10
-234.6015451289714
 20
191.8749190909439
 10
-234.2363212183118
 20
191.5644788117788
 10
-233.8528362438083
 20
191.2722997255041
 10
-233.4510899670422
 20
190.9983818321198
 10
-233.2502168286592
 20
190.8705534818582
 10
-233.0402132775635
 20
190.7427251316257
 10
-232.6202059350908
 20
190.5053296240221
 10
-232.4102019071579
 20
190.3957624666509
 10
-231.9719335008413
 20
190.1948893429944
 10
-231.7436686465517
 20
190.1035833803762
 10
-231.5245339665562
 20
190.0122774140618
 10
-231.0680044963956
 20
189.8479266780196
 10
-230.8306087525561
 20
189.7748819083208
 10
-230.6023438982665
 20
189.7109677341068
 10
-230.3649483919144
 20
189.6561841535731
 10
-230.1366833001375
 20
189.601400574902
 10
-229.8992880322039
 20
189.5466169980936
 10
-229.661892526783
 20
189.5009640130738
 10
-229.4153663692996
 20
189.464441627264
 10
-228.9405753575266
 20
189.4096580504556
 10
-228.7031796136871
 20
189.3913968575652
 10
-228.4566536955535
 20
189.3731356646749
 10
-228.2192584276199
 20
189.364005069161
 10
-227.9727320317179
 20
189.364005069161
 10
-214.8703261986375
 20
189.364005069161
  0
LWPOLYLINE
  5
1EC
330
1E6
100
AcDbEntity
  8
LENS_FURNITURE
100
AcDbPolyline
 90
88
 70
0
 10
-316.4938646722585
 20
290.6953644652968
 10
-318.4934651684016
 20
290.6953644652968
 10
-318.7856443449855
 20
290.2753570306231
 10
-319.0686928685754
 20
289.8553495922243
 10
-319.3426107419655
 20
289.435342155688
 10
-319.8904467262328
 20
288.5770660897542
 10
-320.1461032964289
 20
288.1387974603276
 10
-320.4108905177563
 20
287.700528830901
 10
-320.9039425933734
 20
286.8239915720769
 10
-321.1504689883441
 20
286.3765923452738
 10
-321.3878642562777
 20
285.9291931203334
 10
-321.6161293489859
 20
285.4817938935303
 10
-321.8443942032755
 20
285.0252640693507
 10
-322.2826628480107
 20
284.1122044266085
 10
-322.492666637525
 20
283.6465440087486
 10
-322.702670189552
 20
283.1900141845981
 10
-322.9035435663536
 20
282.7243537649047
 10
-323.0952860536054
 20
282.2495627496973
 10
-323.2870283024386
 20
281.7839023318665
 10
-323.4696403760463
 20
281.3091113166592
 10
-323.816602983512
 20
280.3595292862446
 10
-323.9900844059885
 20
279.8756076736609
 10
-324.1453045271337
 20
279.4008166584536
 10
-324.4557447666303
 20
278.4329734332859
 10
-324.6018342357129
 20
277.9490518225648
 10
-324.7387932911515
 20
277.4559996144672
 10
-324.8757523465902
 20
276.9720780018833
 10
-325.0035805124789
 20
276.4790257937857
 10
-325.2409762572497
 20
275.4929213775904
 10
-325.4601104594767
 20
274.5068169613951
 10
-325.5514162583277
 20
274.0046341559209
 10
-325.6518529467285
 20
273.5115819478233
 10
-325.8983791042119
 20
272.0050335332635
 10
-326.0901215914637
 20
270.4984851205372
 10
-326.1449052607641
 20
269.9963023150631
 10
-326.1905582789332
 20
269.4941195114516
 10
-326.2270804084837
 20
268.9828061086009
 10
-326.2636030139402
 20
268.4806233049894
 10
-326.2909947298467
 20
267.9693099040014
 10
-326.3183864448219
 20
267.4671270985273
 10
-326.3366477480158
 20
266.9649442930531
 10
-326.3457781616598
 20
266.453630892036
 10
-326.3549090512097
 20
265.951448086591
 10
-326.3549090512097
 20
265.4401346855739
 10
-326.3457781616598
 20
264.9288212845859
 10
-326.3366477480158
 20
264.4266384791117
 10
-326.3183864448219
 20
263.9153250781237
 10
-326.2636030139402
 20
262.9109594709007
 10
-326.2270804084837
 20
262.3996460699127
 10
-326.1905582789332
 20
261.8974632644385
 10
-326.1449052607641
 20
261.3952804589644
 10
-326.0901215914637
 20
260.8839670579764
 10
-325.8983791042119
 20
259.3774186433875
 10
-325.8162034796551
 20
258.8752358379133
 10
-325.7340283319354
 20
258.3821836316783
 10
-325.6518529467285
 20
257.8800008262042
 10
-325.5514162583277
 20
257.3778180225927
 10
-325.4601104594767
 20
256.8847658126324
 10
-325.3505431190133
 20
256.3825830090209
 10
-325.2409762572497
 20
255.8895307990606
 10
-325.0035805124789
 20
254.9034263828653
 10
-324.8757523465902
 20
254.4195047721441
 10
-324.7387932911515
 20
253.9264525640465
 10
-324.6018342357129
 20
253.4425309514627
 10
-324.4557447666303
 20
252.9586093388789
 10
-323.9900844059885
 20
251.5068445048528
 10
-323.816602983512
 20
251.0320534896455
 10
-323.6431217994541
 20
250.5481318770617
 10
-323.4696403760463
 20
250.0824714592309
 10
-323.2870283024386
 20
249.6076804421609
 10
-323.0952860536054
 20
249.1328894269536
 10
-322.9035435663536
 20
248.6672290072602
 10
-322.702670189552
 20
248.2015685894294
 10
-322.492666637525
 20
247.7359081697359
 10
-322.2826628480107
 20
247.279378347419
 10
-321.8443942032755
 20
246.3663187028142
 10
-321.6161293489859
 20
245.9097888804972
 10
-321.3878642562777
 20
245.4623896555568
 10
-321.1504689883441
 20
245.0149904287536
 10
-320.6574166752398
 20
244.1201919770101
 10
-320.4108905177563
 20
243.6819233475835
 10
-320.1461032964289
 20
243.2436547163234
 10
-319.8904467262328
 20
242.8145166842733
 10
-319.3426107419655
 20
241.9562406183104
 10
-319.0686928685754
 20
241.5362331817742
 10
-318.7856443449855
 20
241.1070951478905
 10
-318.4934651684016
 20
240.6962183068681
 10
-316.4938646722585
 20
240.6962183068681
  0
LWPOLYLINE
  5
1ED
330
1E6
100
AcDbEntity
  8
LENS_FURNITURE
100
AcDbPolyline
 90
87
 70
0
 10
316.4938649134711
 20
240.8879608331772
 10
318.4934654096141
 20
240.8879608331772
 10
318.7856445852667
 20
241.2988376741996
 10
319.0686931088567
 20
241.7188451107068
 10
319.6165286172182
 20
242.5771211766696
 10
320.1461032982916
 20
243.4353972426034
 10
320.6574166771024
 20
244.3119345014566
 10
320.9039428345859
 20
244.7593337282597
 10
321.1504689911381
 20
245.1976023576863
 10
321.3878644965589
 20
245.6450015844894
 10
321.6161293517798
 20
246.1015314068063
 10
321.8443944435567
 20
246.5489306317177
 10
322.063528646715
 20
247.0054604558973
 10
322.2826630882919
 20
247.4711208718654
 10
322.4926666393876
 20
247.927650696045
 10
322.7026704298332
 20
248.3933111157385
 10
322.9035433297977
 20
248.8589715354319
 10
323.095286055468
 20
249.3246319532627
 10
323.2870285427198
 20
249.79942296847
 10
323.4696406163275
 20
250.2650833881635
 10
323.8166032247245
 20
251.214665418549
 10
323.9900844087824
 20
251.6985870292992
 10
324.1453045289964
 20
252.1733780463692
 10
324.4557447684929
 20
253.1412212678115
 10
324.6018344759941
 20
253.6342734777718
 10
324.8757521100342
 20
254.6021167010767
 10
325.0035807527602
 20
255.0951689073118
 10
325.2409760206938
 20
256.0812733253697
 10
325.3505433602259
 20
256.5743255334673
 10
325.4509798102081
 20
257.0765083389415
 10
325.5514164986089
 20
257.5695605470392
 10
325.6518529485911
 20
258.0717433525133
 10
325.7340283347294
 20
258.564795560611
 10
325.8162037208677
 20
259.0669783642224
 10
325.962293189019
 20
260.0713439733081
 10
326.0901215933263
 20
261.0757095842564
 10
326.1357746114954
 20
261.5778923878679
 10
326.1905580433086
 20
262.0892057888559
 10
326.2636027773842
 20
263.0935713998333
 10
326.2909949701279
 20
263.6048848008213
 10
326.3183866860345
 20
264.1070676062954
 10
326.3366477508098
 20
264.6183810072835
 10
326.3457784019411
 20
265.1205638090323
 10
326.3549088146537
 20
265.6318772118829
 10
326.3549088146537
 20
266.1340600154945
 10
326.3457784019411
 20
266.6453734164825
 10
326.3366477508098
 20
267.1475562219566
 10
326.3183866860345
 20
267.6588696229737
 10
326.2909949701279
 20
268.1610524284188
 10
326.2636027773842
 20
268.6723658294359
 10
326.1905580433086
 20
269.6767314403842
 10
326.1357746114954
 20
270.1880448413722
 10
326.0901215933263
 20
270.6902276449837
 10
325.962293189019
 20
271.6945932540693
 10
325.8162037208677
 20
272.698958863155
 10
325.7340283347294
 20
273.2011416686291
 10
325.6518529485911
 20
273.6941938767559
 10
325.4509798102081
 20
274.6985594877042
 10
325.3505433602259
 20
275.1916116958018
 10
325.2409760206938
 20
275.6846639020368
 10
325.0035807527602
 20
276.6707683200948
 10
324.8757521100342
 20
277.1638205281925
 10
324.7387935314328
 20
277.6477421407762
 10
324.6018344759941
 20
278.1407943488739
 10
324.4557447684929
 20
278.6247159614577
 10
324.1453045289964
 20
279.5925591829
 10
323.9900844087824
 20
280.06735019997
 10
323.8166032247245
 20
280.5512718106911
 10
323.4696406163275
 20
281.5008538411057
 10
323.2870285427198
 20
281.975644856313
 10
322.9035433297977
 20
282.9069656938082
 10
322.7026704298332
 20
283.3726261135016
 10
322.2826630882919
 20
284.3039469510259
 10
321.8443944435567
 20
285.2170065975224
 10
321.6161293517798
 20
285.6644058224629
 10
321.3878644965589
 20
286.1209356447798
 10
321.1504689911381
 20
286.5683348697203
 10
320.9039428345859
 20
287.0157340965234
 10
320.6574166771024
 20
287.4540027277835
 10
320.1461032982916
 20
288.3305399866367
 10
319.8813160769641
 20
288.7596780186868
 10
319.6165286172182
 20
289.1979466499761
 10
319.3426109822467
 20
289.6179540846206
 10
319.0686931088567
 20
290.0470921166707
 10
318.7856445852667
 20
290.4670995550696
 10
318.4934654096141
 20
290.8871069916058
 10
316.4938649134711
 20
290.8871069916058
  0
LWPOLYLINE
  5
1EE
330
1E6
100
AcDbEntity
  8
LENS_FURNITURE
100
AcDbPolyline
 90
6
 70
0
 10
-261.5002822503448
 20
290.2023122571991
 10
-261.5002822503448
 20
303.1951510048821
 10
-316.4938646722585
 20
303.1951510048821
 10
-316.4938646722585
 20
290.2023122571991
 10
-261.5002822503448
 20
290.2023122571991
 10
-261.5002822503448
 20
187.0174417796661
  0
LWPOLYLINE
  5
1EF
330
1E6
100
AcDbEntity
  8
LENS_FURNITURE
100
AcDbPolyline
 90
6
 70
0
 10
316.4938649134711
 20
290.3940547816455
 10
316.4938649134711
 20
303.3868935330538
 10
261.500282490626
 20
303.3868935330538
 10
261.500282490626
 20
290.3940547816455
 10
316.4938649134711
 20
290.3940547816455
 10
316.4938649134711
 20
187.2091843059752
  0
LWPOLYLINE
  5
1F0
330
1E6
100
AcDbEntity
  8
LENS_FURNITURE
100
AcDbPolyline
 90
3
 70
0
 10
-261.5002822503448
 20
234.6974164407293
 10
-249.5026785582304
 20
234.6974164407293
 10
-248.4983128663152
 20
235.6926514524384
  0
LWPOLYLINE
  5
1F1
330
1E6
100
AcDbEntity
  8
LENS_FURNITURE
100
AcDbPolyline
 90
3
 70
0
 10
-248.4983128663152
 20
265.6957913879305
 10
-249.5026785582304
 20
266.6910264015314
 10
-261.5002822503448
 20
266.6910264015314
  0
LWPOLYLINE
  5
1F2
330
1E6
100
AcDbEntity
  8
LENS_FURNITURE
100
AcDbPolyline
 90
3
 70
0
 10
261.500282490626
 20
266.8827689259487
 10
249.4935479089618
 20
266.8827689259487
 10
248.4983131065965
 20
265.887533912377
  0
LWPOLYLINE
  5
1F3
330
1E6
100
AcDbEntity
  8
LENS_FURNITURE
100
AcDbPolyline
 90
3
 70
0
 10
248.4983131065965
 20
235.8843939806102
 10
249.4935479089618
 20
234.8800283696619
 10
261.500282490626
 20
234.8800283696619
  0
LWPOLYLINE
  5
1F4
330
1E6
100
AcDbEntity
  8
LENS_FURNITURE
100
AcDbPolyline
 90
6
 70
0
 10
-248.4983128663152
 20
215.3679437555839
 10
-248.4983128663152
 20
209.633929185482
 10
-242.4995111394673
 20
209.633929185482
 10
-242.4995111394673
 20
215.3679437555839
 10
-248.4983128663152
 20
215.3679437555839
 10
-248.4983128663152
 20
235.9391775574186
  0
LWPOLYLINE
  5
1F5
330
1E6
100
AcDbEntity
  8
LENS_FURNITURE
100
AcDbPolyline
 90
6
 70
0
 10
242.49951114133
 20
214.3087945678271
 10
242.49951114133
 20
209.7617575375771
 10
248.4983131065965
 20
209.7617575375771
 10
248.4983131065965
 20
214.3087945678271
 10
242.49951114133
 20
214.3087945678271
 10
242.49951114133
 20
235.9026551716379
  0
LWPOLYLINE
  5
1F6
330
1E6
100
AcDbEntity
  8
LENS_FURNITURE
100
AcDbPolyline
 90
2
 70
0
 10
261.500282490626
 20
193.9840868709725
 10
248.4983131065965
 20
193.9840868709725
  0
LWPOLYLINE
  5
1F7
330
1E6
100
AcDbEntity
  8
LENS_FURNITURE
100
AcDbPolyline
 90
12
 70
0
 10
-199.0013494417071
 20
-205.7260339055793
 10
-199.0470024608075
 20
-205.7260339055793
 10
-205.8219052646309
 20
-205.2603734877485
 10
-212.3685427363962
 20
-203.8999146163405
 10
-218.3308223336935
 20
-201.8363998194691
 10
-224.0100534074008
 20
-199.0150455166586
 10
-228.6575268339366
 20
-195.974556897243
 10
-232.9671685425565
 20
-192.4044936858117
 10
-236.8568024337292
 20
-188.3779006520635
 10
-240.8833953794092
 20
-183.0273711326881
 10
-240.8651343155652
 20
-183.0547629211214
 10
-240.8576738061384
 20
-183.0615499132545
  0
LWPOLYLINE
  5
1F8
330
1E6
100
AcDbEntity
  8
LENS_FURNITURE
100
AcDbPolyline
 90
53
 70
0
 10
249.0004958333448
 20
-155.7268877471797
 10
248.9913651822135
 20
-156.256462341058
 10
248.9822345301509
 20
-156.7951675323129
 10
248.9731041174382
 20
-157.3247421280539
 10
248.9457121640444
 20
-157.8634473174461
 10
248.9274510992691
 20
-158.4021525068674
 10
248.8544063642621
 20
-159.4613016964868
 10
248.8087533470243
 20
-160.000006885879
 10
248.7631003279239
 20
-160.5295814797864
 10
248.7083168961108
 20
-161.0591560736648
 10
248.6535329874605
 20
-161.5978612649196
 10
248.5804882533848
 20
-162.127435858798
 10
248.5165741704404
 20
-162.6570104526763
 10
248.3522233990953
 20
-163.7161596423247
 10
248.2609173618257
 20
-164.2366036388266
 10
248.1696115639061
 20
-164.766178232705
 10
248.0691748745739
 20
-165.295752828446
 10
247.968738425523
 20
-165.8161968249478
 10
247.8591713234782
 20
-166.3366408233414
 10
247.7404735703021
 20
-166.8662154172198
 10
247.621775817126
 20
-167.3866594137216
 10
247.4939474128187
 20
-167.8979728165723
 10
247.2200293019414
 20
-168.9388608114386
 10
246.9278503647074
 20
-169.9614876134437
 10
246.7726302444935
 20
-170.4728010144317
 10
246.4439289402217
 20
-171.4954278145451
 10
246.2704472793266
 20
-172.0067412173957
 10
246.0969660952687
 20
-172.5089240210072
 10
245.9143542591482
 20
-173.0111068264814
 10
245.7226117718965
 20
-173.5132896319555
 10
245.5308690462262
 20
-174.0063418400532
 10
245.3299961462617
 20
-174.5085246455273
 10
245.1291230078787
 20
-175.001576853625
 10
244.7091154269874
 20
-175.9876812679577
 10
244.4899809863418
 20
-176.4716028805414
 10
244.0334512777627
 20
-177.4394461057091
 10
243.796056009829
 20
-177.9233677182928
 10
243.5586602659896
 20
-178.3981587316375
 10
243.0656081903726
 20
-179.3477407639147
 10
242.8099513817579
 20
-179.8134011836082
 10
242.0155897168442
 20
-181.2103824389632
 10
241.7416716050357
 20
-181.6669122612802
 10
241.1755745569244
 20
-182.5799719077768
 10
240.8833956196904
 20
-183.0273711326881
 10
236.8568024355918
 20
-188.3779006520635
 10
232.9671683069319
 20
-192.4044936858117
 10
228.6575268357992
 20
-195.974556897243
 10
224.0100531708449
 20
-199.0150455166586
 10
218.3308223355561
 20
-201.8363998194691
 10
212.3594123255462
 20
-203.8999146163405
 10
205.821905028075
 20
-205.2603734877485
 10
199.0378718115389
 20
-205.7260339055793
 10
198.9922192692756
 20
-205.7260339055793
  0
LWPOLYLINE
  5
1F9
330
1E6
100
AcDbEntity
  8
LENS_FURNITURE
100
AcDbPolyline
 90
2
 70
0
 10
198.9922192692756
 20
-205.7260339055793
 10
-199.0013494417071
 20
-205.7260339055793
  0
LWPOLYLINE
  5
1FA
330
1E6
100
AcDbEntity
  8
LENS_FURNITURE
100
AcDbPolyline
 90
40
 70
0
 10
-249.0004958314821
 20
-155.7268877471797
 10
-248.9913651794195
 20
-156.256462341058
 10
-248.9822345282882
 20
-156.7951675323129
 10
-248.973103877157
 20
-157.3247421280539
 10
-248.954842813313
 20
-157.8634473174461
 10
-248.9274508580566
 20
-158.4021525068674
 10
-248.8544061239809
 20
-159.4613016964868
 10
-248.8178839962929
 20
-160.000006885879
 10
-248.7083166558296
 20
-161.0591560736648
 10
-248.6535332240164
 20
-161.5978612649196
 10
-248.5896189026535
 20
-162.127435858798
 10
-248.5165741685778
 20
-162.6570104526763
 10
-248.3522233972326
 20
-163.7161596423247
 10
-248.2700480110943
 20
-164.2366036388266
 10
-248.0691748727113
 20
-165.295752828446
 10
-247.9687384227291
 20
-165.8161968249478
 10
-247.859171083197
 20
-166.3366408233414
 10
-247.7404733300209
 20
-166.8662154172198
 10
-247.6217755768448
 20
-167.3866594137216
 10
-247.493947410956
 20
-167.8979728165723
 10
-247.2200295384973
 20
-168.9388608114386
 10
-246.9278503628448
 20
-169.9614876134437
 10
-246.7726300042123
 20
-170.4728010144317
 10
-246.4439286999404
 20
-171.4954278145451
 10
-246.2704475149512
 20
-172.0067412173957
 10
-246.0969660924748
 20
-172.5089240210072
 10
-245.914354018867
 20
-173.0111068264814
 10
-245.7226115316152
 20
-173.5132896319555
 10
-245.5308690443635
 20
-174.0063418400532
 10
-245.3391267955303
 20
-174.5085246455273
 10
-244.7091154251248
 20
-175.9876812679577
 10
-244.4899812228978
 20
-176.4716028805414
 10
-243.8051861822605
 20
-177.9233677182928
 10
-243.0656079500914
 20
-179.3477407639147
 10
-242.5542945712805
 20
-180.2790615995764
 10
-242.289507349953
 20
-180.7447220192698
 10
-242.015589476563
 20
-181.2103824389632
 10
-241.741671603173
 20
-181.6669122612802
 10
-241.1755745550618
 20
-182.5799719077768
 10
-240.8833953794092
 20
-183.0273711326881
  0
LWPOLYLINE
  5
1FB
330
1E6
100
AcDbEntity
  8
LENS_FURNITURE
100
AcDbPolyline
 90
11
 70
0
 10
248.4983131065965
 20
75.66981807732373
 10
248.6900555938482
 20
75.17676586922607
 10
248.7357086120173
 20
75.00328453583643
 10
248.7904920428992
 20
74.83893379979418
 10
248.8270146492869
 20
74.66545246637543
 10
248.8726674299687
 20
74.49197113484843
 10
248.9548428151756
 20
73.97152713645482
 10
248.9731041174382
 20
73.79804580492782
 10
248.9913651822135
 20
73.45108313995297
 10
249.0004958333448
 20
73.26847121102037
 10
249.0004958333448
 20
-155.7268877471797
  0
LWPOLYLINE
  5
1FC
330
1E6
100
AcDbEntity
  8
LENS_FURNITURE
100
AcDbPolyline
 90
30
 70
0
 10
-249.0004958314821
 20
-155.7268877471797
 10
-249.0004958314821
 20
48.26889812995796
 10
-248.9913651794195
 20
48.46064065812971
 10
-248.9822345282882
 20
48.6432525870623
 10
-248.973103877157
 20
48.83499511150876
 10
-248.954842813313
 20
49.01760704041226
 10
-248.9274508580566
 20
49.20021896934485
 10
-248.8909287303686
 20
49.39196149379132
 10
-248.8544061239809
 20
49.57457342272391
 10
-248.8087531058118
 20
49.75718535162741
 10
-248.7631000876427
 20
49.93066668504616
 10
-248.7083166558296
 20
50.11327861397877
 10
-248.5804882515222
 20
50.46024127892451
 10
-248.4343987833709
 20
50.80720394389937
 10
-248.3522233972326
 20
50.98068527728901
 10
-248.2700480110943
 20
51.14503601333126
 10
-248.1787419747561
 20
51.30938674937351
 10
-247.9778688363731
 20
51.61982702853856
 10
-247.8683017343283
 20
51.77504716906696
 10
-247.7587346322835
 20
51.92113671218976
 10
-247.6400368800387
 20
52.07635684899287
 10
-247.5213391268626
 20
52.21331579663092
 10
-247.2656825575977
 20
52.48723369184881
 10
-247.1287235012278
 20
52.62419263762422
 10
-246.9917644457892
 20
52.74289039050927
 10
-246.8548056278378
 20
52.87071874074172
 10
-246.7087161596865
 20
52.98941649548942
 10
-246.5626264531165
 20
53.09898365283152
 10
-246.2704475149512
 20
52.92550231941277
 10
-245.4578243102878
 20
52.29549116556881
  0
LWPOLYLINE
  5
1FD
330
1E6
100
AcDbEntity
  8
LENS_FURNITURE
100
AcDbPolyline
 90
18
 70
0
 10
-235.998526209034
 20
193.4910346647375
 10
-236.5372317805886
 20
193.4910346647375
 10
-237.0850672870874
 20
193.5001652602513
 10
-238.1624777149409
 20
193.4819040654984
 10
-238.7103134598583
 20
193.4727734699845
 10
-239.2490187939257
 20
193.4545122770941
 10
-239.796854538843
 20
193.4271204868273
 10
-240.335559871979
 20
193.3997286984231
 10
-241.4129700604826
 20
193.3266839268326
 10
-241.9608060447499
 20
193.2810309436754
 10
-242.4995111394673
 20
193.2353779623809
 10
-242.4995111394673
 20
58.99734895897563
 10
-242.1799402479082
 20
56.97035654791398
 10
-241.2486192891374
 20
54.76075220605707
 10
-239.7512015206739
 20
52.45984190161107
 10
-237.6968173552305
 20
50.04936443979386
 10
-235.998526209034
 20
48.35107349889586
 10
-235.998526209034
 20
193.3905981029093
  0
LWPOLYLINE
  5
1FE
330
1E6
100
AcDbEntity
  8
LENS_FURNITURE
100
AcDbPolyline
 90
37
 70
0
 10
-248.9927867855877
 20
48.27711475553224
 10
-235.998526209034
 20
48.35107349889586
 10
-236.0259184017778
 20
48.36020409630146
 10
-236.4276644401252
 20
48.4789018491574
 10
-238.0803023288026
 20
48.98108465276891
 10
-240.6825224794447
 20
49.86675251086126
 10
-242.8099511414766
 20
50.72502857679501
 10
-244.4169364878908
 20
51.54678225511452
 10
-245.4578243102878
 20
52.29549116556881
 10
-245.2934737764299
 20
52.45071130606811
 10
-245.1291230050847
 20
52.61506204211037
 10
-244.8186825271696
 20
52.94376351230312
 10
-244.5265033505857
 20
53.29072617727797
 10
-244.3804138824344
 20
53.47333810621058
 10
-244.2434548269957
 20
53.65595003697672
 10
-244.1156266611069
 20
53.83856196590932
 10
-243.9877982567996
 20
54.03030449035577
 10
-243.8691005036235
 20
54.22204701666487
 10
-243.6317049982026
 20
54.62379326028167
 10
-243.5312685482204
 20
54.82466638210462
 10
-243.4217014461756
 20
55.02553950206493
 10
-243.3303954098374
 20
55.23554322312702
 10
-243.2390893725678
 20
55.43641634494997
 10
-243.1477833352983
 20
55.65555065780063
 10
-243.0656079500914
 20
55.86555437697097
 10
-242.9925632150844
 20
56.08468869357603
 10
-242.9195184810087
 20
56.29469241088372
 10
-242.7916903151199
 20
56.73296103844768
 10
-242.736906407401
 20
56.96122595240012
 10
-242.6912536267191
 20
57.18036026525078
 10
-242.6456006076187
 20
57.40862517734058
 10
-242.6090782415122
 20
57.62775949019124
 10
-242.572555873543
 20
57.85602440414368
 10
-242.5451641585678
 20
58.08428931437084
 10
-242.50864155218
 20
58.54081913665869
 10
-242.4995111394673
 20
58.76908404874848
 10
-242.4995111394673
 20
58.99734895897563
  0
LWPOLYLINE
  5
1FF
330
1E6
100
AcDbEntity
  8
LENS_FURNITURE
100
AcDbPolyline
 90
48
 70
0
 10
238.0163882486522
 20
246.05587842362
 10
238.5277016274631
 20
245.4076060768566
 10
240.2442538365722
 20
242.3762480548467
 10
241.5042763389647
 20
239.0527109465329
 10
242.2438545711338
 20
235.6378678737674
 10
242.49951114133
 20
232.0769352578791
 10
242.49951114133
 20
193.2353779623809
 10
242.49951114133
 20
83.9969220382045
 10
242.1708095986396
 20
81.9151460484427
 10
241.24861953035
 20
79.76032528525684
 10
239.7146791554987
 20
77.40463140211068
 10
237.6968173570931
 20
75.04893751713098
 10
235.9985264493153
 20
73.35064657812472
 10
236.0259181652218
 20
73.35977717363858
 10
236.4276644419879
 20
73.47847492835717
 10
238.071171679534
 20
73.98065773383132
 10
240.6825224813074
 20
74.86632558819838
 10
242.8099513817579
 20
75.72460165416123
 10
244.4169362522662
 20
76.54635533617692
 10
245.4578243121505
 20
77.29506424476858
 10
245.293473539874
 20
77.45028438343434
 10
245.1291230078787
 20
77.61463511944748
 10
244.8186827674508
 20
77.94333659339463
 10
244.5265035917982
 20
78.29029925834038
 10
244.3804141227156
 20
78.47291118727298
 10
244.243455067277
 20
78.65552311620559
 10
244.1156266629696
 20
78.83813504513819
 10
243.8599698543549
 20
79.22162009400199
 10
243.7504029916599
 20
79.42249321582494
 10
243.6317050000653
 20
79.62336633951053
 10
243.5221378989518
 20
79.82423946133349
 10
243.4217012096196
 20
80.02511258312734
 10
243.3303954117
 20
80.23511630046414
 10
243.2299587223679
 20
80.4359894222871
 10
243.1477835755795
 20
80.65512373886305
 10
243.0656081903726
 20
80.86512745619984
 10
242.9925634562969
 20
81.08426177091314
 10
242.9195187212899
 20
81.29426548822084
 10
242.791690078564
 20
81.73253411951009
 10
242.7369066476822
 20
81.96079902973725
 10
242.6912536285818
 20
82.17993334445055
 10
242.6456006094813
 20
82.40819825654035
 10
242.6090782433748
 20
82.62733257125365
 10
242.5725558754057
 20
82.85559748148079
 10
242.5451641604304
 20
83.0838623935706
 10
242.5086417924613
 20
83.54039221588754
 10
242.49951114133
 20
83.76865712797735
 10
242.49951114133
 20
83.9969220382045
  0
LWPOLYLINE
  5
200
330
1E6
100
AcDbEntity
  8
LENS_FURNITURE
100
AcDbPolyline
 90
41
 70
0
 10
-237.9707354661077
 20
201.772485642432
 10
-238.1807390172034
 20
201.6081349064188
 10
-238.3724815044552
 20
201.4529147677531
 10
-238.5733546428383
 20
201.2885640317108
 10
-238.76509713009
 20
201.1150827001547
 10
-238.9477092046291
 20
200.9416013667651
 10
-239.1394516918808
 20
200.7681200333463
 10
-239.31293287687
 20
200.5855081044138
 10
-239.4864142984152
 20
200.3937655781338
 10
-239.6598954834044
 20
200.2111536492011
 10
-239.8333769068122
 20
200.0102805273782
 10
-239.9885972645134
 20
199.8185380029317
 10
-240.1529477983713
 20
199.6176648811088
 10
-240.3081679176539
 20
199.407661163772
 10
-240.4542576242238
 20
199.2067880419781
 10
-240.6003470933065
 20
198.996784320916
 10
-240.8742649666965
 20
198.5585156933521
 10
-241.1299215368927
 20
198.1202470620628
 10
-241.2486192891374
 20
197.8919821518357
 10
-241.3581866286695
 20
197.6637172416085
 10
-241.4677534922958
 20
197.4263217321422
 10
-241.5773208327591
 20
197.1980568219151
 10
-241.6777575202286
 20
196.9606613143114
 10
-241.7690633200109
 20
196.7232658067369
 10
-241.8512387052178
 20
196.4858702991041
 10
-241.942544741556
 20
196.239344194124
 10
-242.015589476563
 20
196.0019486865494
 10
-242.0886342106387
 20
195.7554225834319
 10
-242.1525482935831
 20
195.5088964784518
 10
-242.2164626149461
 20
195.2532397779286
 10
-242.2712460467592
 20
195.0067136729485
 10
-242.3168990649283
 20
194.760187569831
 10
-242.3625520840287
 20
194.5045308674744
 10
-242.4355968181044
 20
193.9932174664864
 10
-242.462988534011
 20
193.7466913633689
 10
-242.4995111394673
 20
193.2353779623809
 10
-242.4995111394673
 20
232.0769352578791
 10
-242.1708095967769
 20
236.1035282934608
 10
-241.1573134902865
 20
240.1301213272091
 10
-239.5046756025404
 20
243.8280128888727
 10
-237.9707354661077
 20
246.0376172307296
  0
SPLINE
  5
201
330
1E6
100
AcDbEntity
  8
LENS_FURNITURE
100
AcDbSpline
 70
0
 71
3
 72
8
 73
0
 74
4
 40
0.0
 40
0.0
 40
0.0
 40
0.0
 40
1.0
 40
1.0
 40
1.0
 40
1.0
 11
-147.185214869678
 21
331.1256455461553
 31
0.0
 11
-173.1104475129396
 21
331.1268626547826
 31
0.0
 11
-194.7351094987243
 21
327.3390411077707
 31
0.0
 11
-196.9946135012433
 21
322.4022024771257
 31
0.0
  0
LWPOLYLINE
  5
202
330
1E6
100
AcDbEntity
  8
LENS_FURNITURE
100
AcDbPolyline
 90
30
 70
0
 10
-246.5626264531165
 20
53.09898365283152
 10
-246.179141478613
 20
53.39116273910622
 10
-245.8139175679534
 20
53.70160301827127
 10
-245.4669549614191
 20
54.03030449035577
 10
-245.1382534187287
 20
54.37726715716417
 10
-244.9739026464522
 20
54.55987908609677
 10
-244.6634624069556
 20
54.92510294209933
 10
-244.517372937873
 20
55.11684546840843
 10
-244.3804138824344
 20
55.30858799282578
 10
-244.2434548269957
 20
55.50946111464873
 10
-244.1064960099757
 20
55.70120364095783
 10
-243.9786678440869
 20
55.91120736015728
 10
-243.8599700909108
 20
56.11208048195113
 10
-243.62257434614
 20
56.53208791848737
 10
-243.5130072459578
 20
56.75122223133803
 10
-243.4125705566257
 20
56.96122595240012
 10
-243.3121341066435
 20
57.18036026525078
 10
-243.2208280693739
 20
57.39949457996408
 10
-243.0564775364473
 20
57.85602440414368
 10
-242.9103880673647
 20
58.31255422459799
 10
-242.7825594246387
 20
58.76908404874848
 10
-242.7277759937569
 20
59.00647955451859
 10
-242.6821229755879
 20
59.24387506395579
 10
-242.6364699564874
 20
59.47213997418294
 10
-242.5999475894496
 20
59.70953548364923
 10
-242.572555873543
 20
59.94693098939023
 10
-242.5451641585678
 20
60.19345709437039
 10
-242.50864155218
 20
60.66824810957768
 10
-242.4995111394673
 20
60.90564361718134
 10
-242.4995111394673
 20
61.14303912478499
  0
LWPOLYLINE
  5
203
330
1E6
100
AcDbEntity
  8
LENS_FURNITURE
100
AcDbPolyline
 90
2
 70
0
 10
147.2308676522225
 20
331.1256455461553
 10
-147.1943452823907
 20
331.1256455461553
  0
SPLINE
  5
204
330
1E6
100
AcDbEntity
  8
LENS_FURNITURE
100
AcDbSpline
 70
0
 71
3
 72
8
 73
0
 74
4
 40
0.0
 40
0.0
 40
0.0
 40
0.0
 40
1.0
 40
1.0
 40
1.0
 40
1.0
 11
197.0474022049457
 21
322.4059259353089
 31
0.0
 11
194.7886019721627
 21
327.3390411077707
 31
0.0
 11
173.1639402247965
 21
331.1268626547826
 31
0.0
 11
147.2390387244522
 21
331.1268626547826
 31
0.0
  0
LWPOLYLINE
  5
205
330
1E6
100
AcDbEntity
  8
LENS_FURNITURE
100
AcDbPolyline
 90
20
 70
0
 10
-147.1943452823907
 20
331.1256455461553
 10
-147.1943452823907
 20
380.5769559177861
 10
-151.5496397707611
 20
380.5495641275193
 10
-155.868411893025
 20
380.4491275675246
 10
-160.1324005834758
 20
380.2847768315114
 10
-164.2868219334632
 20
380.0565119194216
 10
-168.3225455321371
 20
379.7643328331469
 10
-172.1939183576032
 20
379.417370168172
 10
-175.8644182831049
 20
379.0064933290123
 10
-179.324914181605
 20
378.5499635048618
 10
-182.5480148121714
 20
378.0386501038447
 10
-185.4880669172853
 20
377.4725531241856
 10
-188.1450704988092
 20
376.8790643542597
 10
-190.491633602418
 20
376.2399226048728
 10
-192.5003649890422
 20
375.56425846598
 10
-194.1712641799822
 20
374.8612025405455
 10
-195.4860701132566
 20
374.1398854184954
 10
-196.4265212463215
 20
373.4003071072802
 10
-197.001748945564
 20
372.6515981986886
 10
-197.001748945564
 20
322.3967953379324
  0
LWPOLYLINE
  5
206
330
1E6
100
AcDbEntity
  8
LENS_FURNITURE
100
AcDbPolyline
 90
11
 70
0
 10
-237.9707354661077
 20
230.1686405996734
 10
-237.9707354661077
 20
230.4151667065162
 10
-237.9707354661077
 20
290.9418905702769
 10
-237.9707354661077
 20
291.0423271302425
 10
-237.9616045765579
 20
291.1427636920707
 10
-237.943343273364
 20
291.2432002520654
 10
-237.9250824470073
 20
291.3345062183798
 10
-237.8976904936135
 20
291.4258121809981
 10
-237.8611681256443
 20
291.5262487428263
 10
-237.8246457595378
 20
291.6175547091407
 10
-237.7881233915687
 20
291.699730076245
  0
LWPOLYLINE
  5
207
330
1E6
100
AcDbEntity
  8
LENS_FURNITURE
100
AcDbPolyline
 90
3
 70
0
 10
196.9560961686075
 20
321.200687206263
 10
197.0108795994893
 20
321.6754782196076
 10
197.0291409026831
 20
321.9220043245877
  0
LWPOLYLINE
  5
208
330
1E6
100
AcDbEntity
  8
LENS_FURNITURE
100
AcDbPolyline
 90
20
 70
0
 10
197.0474022049457
 20
322.3967953379324
 10
197.0474022049457
 20
372.6515981986886
 10
196.4721745047718
 20
373.4003071072802
 10
195.531722895801
 20
374.1398854184954
 10
194.2169169615954
 20
374.8612025405455
 10
192.546018009074
 20
375.56425846598
 10
190.5372868617996
 20
376.2399226048728
 10
188.1907232813537
 20
376.8790643542597
 10
185.5337199382484
 20
377.4725531241856
 10
182.5936678322032
 20
378.0386501038447
 10
179.3705674409866
 20
378.5499635048618
 10
175.9100713040679
 20
379.0064933290123
 10
172.2304407265037
 20
379.417370168172
 10
168.3681985521689
 20
379.7643328331469
 10
164.3324747160077
 20
380.0565119194216
 10
160.1780536044389
 20
380.2847768315114
 10
155.9140649139881
 20
380.4491275675246
 10
151.5952930301428
 20
380.5495641275193
 10
147.2308676522225
 20
380.5769559177861
 10
147.2308676522225
 20
331.1256455461553
  0
LWPOLYLINE
  5
209
330
1E6
100
AcDbEntity
  8
LENS_FURNITURE
100
AcDbPolyline
 90
2
 70
0
 10
-147.1943452823907
 20
380.5769559177861
 10
147.2308676522225
 20
380.5769559177861
  0
LWPOLYLINE
  5
20A
330
1E6
100
AcDbEntity
  8
LENS_FURNITURE
100
AcDbPolyline
 90
2
 70
0
 10
-237.7881233915687
 20
231.2460509821831
 10
-197.001748945564
 20
322.3967953379324
  0
LWPOLYLINE
  5
20B
330
1E6
100
AcDbEntity
  8
LENS_FURNITURE
100
AcDbPolyline
 90
2
 70
0
 10
197.0474022049457
 20
322.3967953379324
 10
237.8246457614005
 20
231.2460509821831
  0
LWPOLYLINE
  5
20C
330
1E6
100
AcDbEntity
  8
LENS_FURNITURE
100
AcDbPolyline
 90
6
 70
0
 10
238.0163882486522
 20
199.407661163772
 10
238.0163882486522
 20
199.4624447406095
 10
238.0255186613649
 20
230.4151667065162
 10
237.8246457614005
 20
231.2460509821831
 10
237.8246457614005
 20
291.699730076245
 10
197.0474022049457
 20
372.6515981986886
  0
LWPOLYLINE
  5
20D
330
1E6
100
AcDbEntity
  8
LENS_FURNITURE
100
AcDbPolyline
 90
6
 70
0
 10
-197.001748945564
 20
372.6515981986886
 10
-237.7881233915687
 20
291.699730076245
 10
-237.7881233915687
 20
231.2460509821831
 10
-237.9707354661077
 20
230.4151667065162
 10
-237.9707354661077
 20
199.4624447406095
 10
-237.9707354661077
 20
199.407661163772
  0
LWPOLYLINE
  5
20E
330
1E6
100
AcDbEntity
  8
LENS_FURNITURE
100
AcDbPolyline
 90
11
 70
0
 10
238.0163882486522
 20
230.1686405996734
 10
238.0163882486522
 20
230.4151667065162
 10
238.0163882486522
 20
290.9418905702769
 10
238.0163882486522
 20
291.0423271302425
 10
238.0072578350082
 20
291.1427636920707
 10
237.9889965318144
 20
291.2432002520654
 10
237.9707352295518
 20
291.3345062183798
 10
237.9433435136452
 20
291.4258121809981
 10
237.9068211466074
 20
291.5262487428263
 10
237.8702987795696
 20
291.6175547091407
 10
237.8246457614005
 20
291.699730076245
  0
LWPOLYLINE
  5
20F
330
1E6
100
AcDbEntity
  8
LENS_FURNITURE
100
AcDbPolyline
 90
2
 70
0
 10
-318.4934651684016
 20
240.6962183068681
 10
-318.4934651684016
 20
290.6953644652968
  0
LWPOLYLINE
  5
210
330
1E6
100
AcDbEntity
  8
LENS_FURNITURE
100
AcDbPolyline
 90
2
 70
0
 10
318.4934654096141
 20
290.8871069916058
 10
318.4934654096141
 20
240.8879608331772
  0
LWPOLYLINE
  5
211
330
1E6
100
AcDbEntity
  8
LENS_FURNITURE
100
AcDbPolyline
 90
81
 70
0
 10
-316.4938646722585
 20
-111.7995882283139
 10
-316.4938646722585
 20
155.188182556798
 10
-311.4994284007698
 20
155.188182556798
 10
-311.4994284007698
 20
-91.80358200351475
 10
-311.4902977496385
 20
-91.967932739557
 10
-311.4902977496385
 20
-92.14141407297573
 10
-311.4720366857946
 20
-92.31489540453185
 10
-311.4537753826007
 20
-92.479246140545
 10
-311.4263836666942
 20
-92.65272747396375
 10
-311.3533389326185
 20
-92.98142894601914
 10
-311.3076859135181
 20
-93.15491027757525
 10
-311.262032895349
 20
-93.31013041810365
 10
-311.1524655558169
 20
-93.63883189015905
 10
-311.0794208208099
 20
-93.79405203068745
 10
-311.0155069762841
 20
-93.9492721693241
 10
-310.9333313517272
 20
-94.10449230798986
 10
-310.8602866176516
 20
-94.25058185114176
 10
-310.5863687451929
 20
-94.6888504824019
 10
-310.4859322952107
 20
-94.82580942817731
 10
-310.3763651940972
 20
-94.95363777840976
 10
-310.2667978536338
 20
-95.0905967260478
 10
-310.1481001004577
 20
-95.21842507630934
 10
-309.9107045950368
 20
-95.45582058391302
 10
-309.7828761907294
 20
-95.57451833676896
 10
-309.6550480248406
 20
-95.68408549414016
 10
-309.244171096012
 20
-95.98539517779135
 10
-309.0980816278606
 20
-96.07670114224312
 10
-308.9519921597093
 20
-96.15887650934746
 10
-308.7967720385641
 20
-96.24105187828536
 10
-308.486331560649
 20
-96.38714141957462
 10
-308.1758913211524
 20
-96.51496977166971
 10
-308.0115405488759
 20
-96.56975335034076
 10
-307.6828392446041
 20
-96.66105931482161
 10
-307.5184884732589
 20
-96.69758170060231
 10
-307.3450070507825
 20
-96.72497348900652
 10
-307.1806562785059
 20
-96.75236527927338
 10
-307.0071750953794
 20
-96.77975706954022
 10
-306.8428240846842
 20
-96.78888766505408
 10
-306.6693429006264
 20
-96.79801826243057
 10
-306.4958614781499
 20
-96.79801826243057
 10
-271.4982854453847
 20
-96.79801826243057
 10
-271.3248040229082
 20
-96.79801826243057
 10
-271.1604532506317
 20
-96.78888766505408
 10
-270.9869720665738
 20
-96.77975706954022
 10
-270.8134906440973
 20
-96.75236527927338
 10
-270.4847891014069
 20
-96.69758170060231
 10
-270.3113079164177
 20
-96.66105931482161
 10
-269.9826063737273
 20
-96.56975335034076
 10
-269.8273862535134
 20
-96.51496977166971
 10
-269.6630357205868
 20
-96.45105559748481
 10
-269.5078153628856
 20
-96.38714141957462
 10
-269.1973748840392
 20
-96.24105187828536
 10
-269.0512854149565
 20
-96.15887650934746
 10
-268.8960652947426
 20
-96.07670114224312
 10
-268.7591064777225
 20
-95.98539517779135
 10
-268.6130167711526
 20
-95.88495861779666
 10
-268.3390988977626
 20
-95.68408549414016
 10
-268.2112707318738
 20
-95.57451833676896
 10
-268.0834423284978
 20
-95.45582058391302
 10
-267.8460468221456
 20
-95.21842507630934
 10
-267.7273490689695
 20
-95.0905967260478
 10
-267.6177817294374
 20
-94.95363777840976
 10
-267.5173452794552
 20
-94.82580942817731
 10
-267.4169088285416
 20
-94.6888504824019
 10
-267.3164721410722
 20
-94.5427609392791
 10
-267.2251661028713
 20
-94.3966713961272
 10
-267.060815570876
 20
-94.10449230798986
 10
-266.9786401847377
 20
-93.9492721693241
 10
-266.8508117804304
 20
-93.63883189015905
 10
-266.7868974590674
 20
-93.4744811541168
 10
-266.7321140281856
 20
-93.31013041810365
 10
-266.6864610090852
 20
-93.15491027757525
 10
-266.6408079899848
 20
-92.98142894601914
 10
-266.5677632559091
 20
-92.65272747396375
 10
-266.5403715409338
 20
-92.479246140545
 10
-266.52211023774
 20
-92.31489540453185
 10
-266.5038491729647
 20
-91.967932739557
 10
-266.4947185218334
 20
-91.80358200351475
 10
-266.4947185218334
 20
155.188182556798
 10
-261.5002822503448
 20
155.188182556798
 10
-261.5002822503448
 20
-111.7995882283139
  0
LWPOLYLINE
  5
212
330
1E6
100
AcDbEntity
  8
LENS_FURNITURE
100
AcDbPolyline
 90
4
 70
0
 10
-316.4938646722585
 20
155.188182556798
 10
-316.4938646722585
 20
187.0174417796661
 10
-311.4994284007698
 20
187.0174417796661
 10
-311.4994284007698
 20
155.188182556798
  0
LWPOLYLINE
  5
213
330
1E6
100
AcDbEntity
  8
LENS_FURNITURE
100
AcDbPolyline
 90
4
 70
1
 10
-261.5002822503448
 20
-111.7995882283139
 10
-316.4938646722585
 20
-111.7995882283139
 10
-316.4938646722585
 20
-121.7975913397967
 10
-261.5002822503448
 20
-121.7975913397967
  0
LWPOLYLINE
  5
214
330
1E6
100
AcDbEntity
  8
LENS_FURNITURE
100
AcDbPolyline
 90
4
 70
0
 10
-266.4947185218334
 20
155.188182556798
 10
-266.4947185218334
 20
187.0174417796661
 10
-261.5002822503448
 20
187.0174417796661
 10
-261.5002822503448
 20
155.188182556798
  0
LWPOLYLINE
  5
215
330
1E6
100
AcDbEntity
  8
LENS_FURNITURE
100
AcDbPolyline
 90
4
 70
0
 10
-266.4947185218334
 20
187.0174417796661
 10
-266.4947185218334
 20
241.6549309346592
 10
-311.4994284007698
 20
241.6549309346592
 10
-311.4994284007698
 20
187.0174417796661
  0
LWPOLYLINE
  5
216
330
1E6
100
AcDbEntity
  8
LENS_FURNITURE
100
AcDbPolyline
 90
2
 70
0
 10
-316.4938646722585
 20
290.2023122571991
 10
-316.4938646722585
 20
187.0174417796661
  0
LWPOLYLINE
  5
217
330
1E6
100
AcDbEntity
  8
LENS_FURNITURE
100
AcDbPolyline
 90
2
 70
0
 10
-266.4947185218334
 20
115.2692148787901
 10
-311.4994284007698
 20
115.2692148787901
  0
LWPOLYLINE
  5
218
330
1E6
100
AcDbEntity
  8
LENS_FURNITURE
100
AcDbPolyline
 90
2
 70
0
 10
-266.4947185218334
 20
152.7046603233902
 10
-311.4994284007698
 20
152.7046603233902
  0
LWPOLYLINE
  5
219
330
1E6
100
AcDbEntity
  8
LENS_FURNITURE
100
AcDbPolyline
 90
2
 70
0
 10
-266.4947185218334
 20
219.8419360179978
 10
-311.4994284007698
 20
219.8419360179978
  0
LWPOLYLINE
  5
21A
330
1E6
100
AcDbEntity
  8
LENS_FURNITURE
100
AcDbPolyline
 90
2
 70
0
 10
-266.4947185218334
 20
233.8208791819052
 10
-311.4994284007698
 20
233.8208791819052
  0
LWPOLYLINE
  5
21B
330
1E6
100
AcDbEntity
  8
LENS_FURNITURE
100
AcDbPolyline
 90
4
 70
1
 10
316.4938649134711
 20
187.2091843059752
 10
311.4994284026325
 20
187.2091843059752
 10
311.4994284026325
 20
155.3799250812444
 10
316.4938649134711
 20
155.3799250812444
  0
LWPOLYLINE
  5
21C
330
1E6
100
AcDbEntity
  8
LENS_FURNITURE
100
AcDbPolyline
 90
6
 70
0
 10
316.4938649134711
 20
155.3799250812444
 10
316.4938649134711
 20
-111.6078457020048
 10
261.500282490626
 20
-111.6078457020048
 10
261.500282490626
 20
-121.6149794108642
 10
316.4938649134711
 20
-121.6149794108642
 10
316.4938649134711
 20
-111.6078457020048
  0
LWPOLYLINE
  5
21D
330
1E6
100
AcDbEntity
  8
LENS_FURNITURE
100
AcDbPolyline
 90
83
 70
0
 10
261.500282490626
 20
-111.6078457020048
 10
261.500282490626
 20
155.3799250812444
 10
266.4947185236961
 20
155.3799250812444
 10
266.4947185236961
 20
-91.61183947909738
 10
266.5038491748273
 20
-91.7853208106244
 10
266.5129798268899
 20
-91.94967154666665
 10
266.5221104780212
 20
-92.12315288008539
 10
266.5403715427965
 20
-92.29663421161239
 10
266.5677634961903
 20
-92.46098494765465
 10
266.6042856257409
 20
-92.6253356836969
 10
266.6408082311973
 20
-92.79881701711564
 10
266.7321142684668
 20
-93.12751848917105
 10
266.7868977002799
 20
-93.28273862969945
 10
266.8416811311618
 20
-93.4470893657126
 10
266.9147258661687
 20
-93.60230950251571
 10
266.9786401875317
 20
-93.7575296430441
 10
267.0608155727387
 20
-93.9127497835434
 10
267.1429909579456
 20
-94.0588393266953
 10
267.2251663440838
 20
-94.2140594671946
 10
267.3164723813534
 20
-94.35101841297
 10
267.4077784176916
 20
-94.4971079561219
 10
267.5173452813178
 20
-94.6340669018682
 10
267.6177819697187
 20
-94.77102584950626
 10
267.7273493092507
 20
-94.89885419973871
 10
267.8460470624268
 20
-95.0266825518629
 10
268.0834423303604
 20
-95.2640780576039
 10
268.2112707346678
 20
-95.3827758123225
 10
268.3390991389751
 20
-95.49234296783106
 10
268.6130170114338
 20
-95.69321608965402
 10
268.7591064795852
 20
-95.79365265148226
 10
268.8960655350238
 20
-95.88495861779666
 10
269.0421550041065
 20
-95.967133984901
 10
269.3525954829529
 20
-96.13148472091417
 10
269.8182558426633
 20
-96.32322724536061
 10
269.9826063755899
 20
-96.37801082403166
 10
270.3113079182803
 20
-96.46931678851251
 10
270.4756586905569
 20
-96.50583917429321
 10
270.6491401130334
 20
-96.54236156007391
 10
270.8134908843785
 20
-96.56062275482691
 10
270.9869720693678
 20
-96.58801454323111
 10
271.151322601363
 20
-96.59714514060761
 10
271.4982854472473
 20
-96.61540633352708
 10
306.4958617184311
 20
-96.61540633352708
 10
306.6693431409076
 20
-96.60627573612146
 10
306.8336939122528
 20
-96.59714514060761
 10
307.007175097242
 20
-96.58801454323111
 10
307.1806565197185
 20
-96.56062275482691
 10
307.3450072910637
 20
-96.54236156007391
 10
307.5093578239903
 20
-96.50583917429321
 10
307.6828390080482
 20
-96.46931678851251
 10
308.0115405507386
 20
-96.37801082403166
 10
308.1667606718838
 20
-96.32322724536061
 10
308.3311114422977
 20
-96.25931307117571
 10
308.6415519211441
 20
-96.13148472091417
 10
308.7967718029395
 20
-96.0493093538389
 10
308.9428615104407
 20
-95.967133984901
 10
309.0980816297233
 20
-95.88495861779666
 10
309.2350404467434
 20
-95.79365265148226
 10
309.3811301542446
 20
-95.69321608965402
 10
309.6550480276346
 20
-95.49234296783106
 10
309.782876431942
 20
-95.3827758123225
 10
309.9107045978308
 20
-95.2640780576039
 10
310.1481003407389
 20
-95.0266825518629
 10
310.266798093915
 20
-94.89885419973871
 10
310.3763651959598
 20
-94.77102584950626
 10
310.5772380959243
 20
-94.4971079561219
 10
310.6776750227437
 20
-94.35101841297
 10
310.7689808215946
 20
-94.2140594671946
 10
310.8511562068015
 20
-94.0588393266953
 10
310.9333315929398
 20
-93.9127497835434
 10
311.0155067406595
 20
-93.7575296430441
 10
311.1433353833854
 20
-93.4470893657126
 10
311.2072492279112
 20
-93.28273862969945
 10
311.2620331356302
 20
-93.12751848917105
 10
311.3533389344811
 20
-92.79881701711564
 10
311.389861301519
 20
-92.6253356836969
 10
311.4263836685568
 20
-92.46098494765465
 10
311.4537756228819
 20
-92.29663421161239
 10
311.4720366876572
 20
-92.12315288008539
 10
311.4811673387885
 20
-91.94967154666665
 10
311.4902979899198
 20
-91.7853208106244
 10
311.4994284026325
 20
-91.61183947909738
 10
311.4994284026325
 20
155.3799250812444
  0
LWPOLYLINE
  5
21E
330
1E6
100
AcDbEntity
  8
LENS_FURNITURE
100
AcDbPolyline
 90
4
 70
0
 10
261.500282490626
 20
155.3799250812444
 10
261.500282490626
 20
187.2091843059752
 10
266.4947185236961
 20
187.2091843059752
 10
266.4947185236961
 20
155.3799250812444
  0
LWPOLYLINE
  5
21F
330
1E6
100
AcDbEntity
  8
LENS_FURNITURE
100
AcDbPolyline
 90
4
 70
0
 10
311.4994284026325
 20
187.2091843059752
 10
311.4994284026325
 20
241.8466734609683
 10
266.4947185236961
 20
241.8466734609683
 10
266.4947185236961
 20
187.2091843059752
  0
LWPOLYLINE
  5
220
330
1E6
100
AcDbEntity
  8
LENS_FURNITURE
100
AcDbPolyline
 90
2
 70
0
 10
261.500282490626
 20
290.3940547816455
 10
261.500282490626
 20
187.2091843059752
  0
LWPOLYLINE
  5
221
330
1E6
100
AcDbEntity
  8
LENS_FURNITURE
100
AcDbPolyline
 90
2
 70
0
 10
311.4994284026325
 20
152.8964028478367
 10
266.4947185236961
 20
152.8964028478367
  0
LWPOLYLINE
  5
222
330
1E6
100
AcDbEntity
  8
LENS_FURNITURE
100
AcDbPolyline
 90
2
 70
0
 10
311.4994284026325
 20
115.4518268077227
 10
266.4947185236961
 20
115.4518268077227
  0
LWPOLYLINE
  5
223
330
1E6
100
AcDbEntity
  8
LENS_FURNITURE
100
AcDbPolyline
 90
2
 70
0
 10
311.4994284026325
 20
220.0336785424442
 10
266.4947185236961
 20
220.0336785424442
  0
LWPOLYLINE
  5
224
330
1E6
100
AcDbEntity
  8
LENS_FURNITURE
100
AcDbPolyline
 90
2
 70
0
 10
311.4994284026325
 20
234.0126217063517
 10
266.4947185236961
 20
234.0126217063517
  0
LWPOLYLINE
  5
225
330
1E6
100
AcDbEntity
  8
LENS_FURNITURE
100
AcDbPolyline
 90
2
 70
0
 10
-249.5026785582304
 20
234.6974164407293
 10
-249.5026785582304
 20
266.6910264015314
  0
LWPOLYLINE
  5
226
330
1E6
100
AcDbEntity
  8
LENS_FURNITURE
100
AcDbPolyline
 90
2
 70
0
 10
249.4935479089618
 20
266.8827689259487
 10
249.4935479089618
 20
234.8800283696619
  0
LWPOLYLINE
  5
227
330
1E6
100
AcDbEntity
  8
LENS_FURNITURE
100
AcDbPolyline
 90
4
 70
1
 10
248.4983131065965
 20
257.6517359141144
 10
242.49951114133
 20
257.6517359141144
 10
242.49951114133
 20
235.9026551716379
 10
248.4983131065965
 20
235.9026551716379
  0
LWPOLYLINE
  5
228
330
1E6
100
AcDbEntity
  8
LENS_FURNITURE
100
AcDbPolyline
 90
4
 70
1
 10
-248.4983128663152
 20
235.9391775574186
 10
-242.4995111394673
 20
235.9391775574186
 10
-242.4995111394673
 20
257.6517359141144
 10
-248.4983128663152
 20
257.6517359141144
  0
LWPOLYLINE
  5
229
330
1E6
100
AcDbEntity
  8
LENS_FURNITURE
100
AcDbPolyline
 90
4
 70
0
 10
242.49951114133
 20
257.6517359141144
 10
242.49951114133
 20
276.6798989156086
 10
248.4983131065965
 20
276.6798989156086
 10
248.4983131065965
 20
257.6517359141144
  0
LWPOLYLINE
  5
22A
330
1E6
100
AcDbEntity
  8
LENS_FURNITURE
100
AcDbPolyline
 90
4
 70
0
 10
-242.4995111394673
 20
257.6517359141144
 10
-242.4995111394673
 20
276.6798989156086
 10
-248.4983128663152
 20
276.6798989156086
 10
-248.4983128663152
 20
257.6517359141144
  0
LWPOLYLINE
  5
22B
330
1E6
100
AcDbEntity
  8
LENS_FURNITURE
100
AcDbPolyline
 90
21
 70
0
 10
242.49951114133
 20
249.2972401629959
 10
242.4355970583856
 20
249.461590899009
 10
242.3990744529292
 20
249.5072438821662
 10
242.3808131497353
 20
249.5163744777092
 10
242.3808131497353
 20
249.5255050731939
 10
242.2073319656774
 20
249.6076804421609
 10
241.9973284136504
 20
249.6076804421609
 10
241.9973284136504
 20
277.1729511237063
 10
242.0521118454635
 20
277.1729511237063
 10
242.097764864564
 20
277.1638205281925
 10
242.1525485347956
 20
277.1455593353021
 10
242.2438545711338
 20
277.1090369495214
 10
242.2895075902343
 20
277.0816451610881
 10
242.3260297188535
 20
277.0451227734447
 10
242.3716827370226
 20
277.008600387664
 10
242.3990744529292
 20
276.9720780018833
 10
242.4538583606481
 20
276.8807720374316
 10
242.4721191879362
 20
276.8351190561079
 10
242.481250077486
 20
276.7803354774369
 10
242.4903804901987
 20
276.7346824961423
 10
242.49951114133
 20
276.6798989156086
  0
LWPOLYLINE
  5
22C
330
1E6
100
AcDbEntity
  8
LENS_FURNITURE
100
AcDbPolyline
 90
45
 70
0
 10
248.4983131065965
 20
276.6798989156086
 10
248.4709211522713
 20
277.2551264926442
 10
248.4435294363648
 20
277.4468690189533
 10
248.4161377204582
 20
277.6294809478859
 10
248.3887460045516
 20
277.8212234723032
 10
248.3522233990953
 20
278.0038354012358
 10
248.3065703809261
 20
278.1955779275449
 10
248.1422196086496
 20
278.743413712451
 10
248.0783055257052
 20
278.9260256413836
 10
247.9322160575539
 20
279.2729883082211
 10
247.8500406723469
 20
279.4464696397481
 10
247.758734873496
 20
279.6199509731668
 10
247.6674288362265
 20
279.7843017092091
 10
247.5761227989569
 20
279.9577830407361
 10
247.4756861105561
 20
280.1130031812645
 10
247.3661192469299
 20
280.2773539173068
 10
247.1469845678657
 20
280.5877941964718
 10
247.0282870531082
 20
280.7338837396237
 10
246.9004586488008
 20
280.8799732846091
 10
246.7726302444935
 20
281.0169322285219
 10
246.6448020786047
 20
281.1630217716447
 10
246.5078430231661
 20
281.2908501237689
 10
246.0695743784309
 20
281.6743351744953
 10
245.9234846718609
 20
281.7839023318665
 10
245.7682647900656
 20
281.9026000847225
 10
245.6130444314331
 20
282.0121672420937
 10
245.2843431271613
 20
282.2130403639167
 10
245.119992355816
 20
282.304346330231
 10
244.9465109333396
 20
282.3956522928201
 10
244.7730297483504
 20
282.4778276617871
 10
244.426067141816
 20
282.6239172049099
 10
244.243455067277
 20
282.6969619765005
 10
244.0699736438692
 20
282.7608761506854
 10
243.8873615702614
 20
282.8156597312191
 10
243.6956193214282
 20
282.8704433080275
 10
243.5130072478205
 20
282.9160962912137
 10
243.3303954117
 20
282.9526186751318
 10
243.1386529244483
 20
282.9891410627752
 10
242.9469104371965
 20
283.016532853042
 10
242.7642983626574
 20
283.0439246414462
 10
242.5725558754057
 20
283.0621858343365
 10
242.1890709009022
 20
283.0804470272269
 10
241.9973284136504
 20
283.0804470272269
 10
241.9973284136504
 20
277.1729511237063
 10
238.0163882486522
 20
277.1729511237063
  0
LWPOLYLINE
  5
22D
330
1E6
100
AcDbEntity
  8
LENS_FURNITURE
100
AcDbPolyline
 90
48
 70
0
 10
-237.9707354661077
 20
277.1729511237063
 10
-241.9973281733692
 20
277.1729511237063
 10
-241.9973281733692
 20
283.0804470272269
 10
-242.1890708990395
 20
283.0804470272269
 10
-242.572555873543
 20
283.0621858343365
 10
-242.7642983607948
 20
283.0439246414462
 10
-242.9560410864651
 20
283.016532853042
 10
-243.1386529225856
 20
282.9891410627752
 10
-243.3303954098374
 20
282.9526186751318
 10
-243.5130072459578
 20
282.9160962912137
 10
-243.7047497322783
 20
282.8704433080275
 10
-244.0699736420065
 20
282.7608761506854
 10
-244.2434548269957
 20
282.6969619765005
 10
-244.4260669015348
 20
282.6239172049099
 10
-244.7730295080692
 20
282.4778276617871
 10
-244.946510931477
 20
282.3956522928201
 10
-245.1199921155348
 20
282.304346330231
 10
-245.2843428868801
 20
282.2130403639167
 10
-245.6130444295705
 20
282.0121672420937
 10
-245.7682645497844
 20
281.9026000847225
 10
-245.9234849084169
 20
281.7839023318665
 10
-246.0695743765682
 20
281.6743351744953
 10
-246.2247944967821
 20
281.5465068224002
 10
-246.3617535531521
 20
281.4186784740014
 10
-246.5078430213034
 20
281.2908501237689
 10
-246.6448018383235
 20
281.1630217716447
 10
-246.7726300042123
 20
281.0169322285219
 10
-246.9004586469382
 20
280.8799732846091
 10
-247.028286812827
 20
280.7338837396237
 10
-247.1469848044216
 20
280.5877941964718
 10
-247.3661190066486
 20
280.2773539173068
 10
-247.4756861086935
 20
280.1130031812645
 10
-247.5761225586757
 20
279.9577830407361
 10
-247.6765592470765
 20
279.7843017092091
 10
-247.7678650459274
 20
279.6199509731668
 10
-247.9322160556912
 20
279.2729883082211
 10
-248.0783055238426
 20
278.9260256413836
 10
-248.2061336897313
 20
278.5608017835184
 10
-248.2609175983816
 20
278.3781898564775
 10
-248.3065706174821
 20
278.1955779275449
 10
-248.3522233972326
 20
278.0038354012358
 10
-248.3887457642704
 20
277.8212234723032
 10
-248.416137480177
 20
277.6294809478859
 10
-248.4435294345021
 20
277.4468690189533
 10
-248.4709211494774
 20
277.2551264926442
 10
-248.48005180154
 20
277.0633839663351
 10
-248.4983128663152
 20
276.871641440026
 10
-248.4983128663152
 20
276.6798989156086
  0
LWPOLYLINE
  5
22E
330
1E6
100
AcDbEntity
  8
LENS_FURNITURE
100
AcDbPolyline
 90
19
 70
0
 10
-242.4995111394673
 20
249.288109567482
 10
-242.462988534011
 20
249.4341991106048
 10
-242.353421671316
 20
249.5528968653525
 10
-242.1890708990395
 20
249.6076804421609
 10
-241.9973281733692
 20
249.6076804421609
 10
-241.9973281733692
 20
277.1729511237063
 10
-242.0521118436009
 20
277.1729511237063
 10
-242.0977648627013
 20
277.1638205281925
 10
-242.1525482935831
 20
277.1455593353021
 10
-242.2438543308526
 20
277.1090369495214
 10
-242.289507349953
 20
277.0816451610881
 10
-242.3351603681222
 20
277.0451227734447
 10
-242.3716824967414
 20
277.008600387664
 10
-242.3990746894851
 20
276.9720780018833
 10
-242.4538581203669
 20
276.8807720374316
 10
-242.4721194235608
 20
276.8351190561079
 10
-242.4903804883361
 20
276.7803354774369
 10
-242.4995111394673
 20
276.7346824961423
 10
-242.4995111394673
 20
276.6798989156086
  0
LWPOLYLINE
  5
22F
330
1E6
100
AcDbEntity
  8
LENS_FURNITURE
100
AcDbPolyline
 90
4
 70
0
 10
-241.9973281733692
 20
249.6076804421609
 10
-240.6551305251196
 20
249.5711580582429
 10
-239.31293287687
 20
249.5528968653525
 10
-237.9707354661077
 20
249.5255050731939
  0
LWPOLYLINE
  5
230
330
1E6
100
AcDbEntity
  8
LENS_FURNITURE
100
AcDbPolyline
 90
3
 70
0
 10
238.0163882486522
 20
249.5346356705995
 10
239.3494554832578
 20
249.5528968653525
 10
241.9973284136504
 20
249.6076804421609
  0
LWPOLYLINE
  5
231
330
1E6
100
AcDbEntity
  8
LENS_FURNITURE
100
AcDbPolyline
 90
2
 70
0
 10
241.9973284136504
 20
283.0804470272269
 10
238.0163882486522
 20
283.0804470272269
  0
LWPOLYLINE
  5
232
330
1E6
100
AcDbEntity
  8
LENS_FURNITURE
100
AcDbPolyline
 90
2
 70
0
 10
-237.9707354661077
 20
283.0804470272269
 10
-241.9973281733692
 20
283.0804470272269
  0
LWPOLYLINE
  5
233
330
1E6
100
AcDbEntity
  8
LENS_FURNITURE
100
AcDbPolyline
 90
2
 70
0
 10
248.4983131065965
 20
214.3087945678271
 10
248.4983131065965
 20
235.9026551716379
  0
LWPOLYLINE
  5
234
330
1E6
100
AcDbEntity
  8
LENS_FURNITURE
100
AcDbPolyline
 90
2
 70
0
 10
-242.4995111394673
 20
235.9391775574186
 10
-242.4995111394673
 20
215.3679437555839
  0
LWPOLYLINE
  5
235
330
1E6
100
AcDbEntity
  8
LENS_FURNITURE
100
AcDbPolyline
 90
4
 70
0
 10
248.4983131065965
 20
75.64242628705688
 10
248.4983131065965
 20
149.4724291795573
 10
242.49951114133
 20
149.4724291795573
 10
242.49951114133
 20
83.8234407066484
  0
LWPOLYLINE
  5
236
330
1E6
100
AcDbEntity
  8
LENS_FURNITURE
100
AcDbPolyline
 90
5
 70
0
 10
-248.4983128663152
 20
50.67024499626132
 10
-248.4983128663152
 20
52.78854337180383
 10
-248.4983128663152
 20
149.3902538124821
 10
-242.4995111394673
 20
149.3902538124821
 10
-242.4995111394673
 20
61.32565105371759
  0
LWPOLYLINE
  5
237
330
1E6
100
AcDbEntity
  8
LENS_FURNITURE
100
AcDbPolyline
 90
2
 70
0
 10
242.49951114133
 20
149.4724291795573
 10
242.49951114133
 20
209.7617575375771
  0
LWPOLYLINE
  5
238
330
1E6
100
AcDbEntity
  8
LENS_FURNITURE
100
AcDbPolyline
 90
2
 70
0
 10
248.4983131065965
 20
149.4724291795573
 10
248.4983131065965
 20
209.7617575375771
  0
LWPOLYLINE
  5
239
330
1E6
100
AcDbEntity
  8
LENS_FURNITURE
100
AcDbPolyline
 90
2
 70
0
 10
-248.4983128663152
 20
209.633929185482
 10
-248.4983128663152
 20
149.3902538124821
  0
LWPOLYLINE
  5
23A
330
1E6
100
AcDbEntity
  8
LENS_FURNITURE
100
AcDbPolyline
 90
2
 70
0
 10
-242.4995111394673
 20
209.633929185482
 10
-242.4995111394673
 20
149.3902538124821
  0
LWPOLYLINE
  5
23B
330
1E6
100
AcDbEntity
  8
LENS_FURNITURE
100
AcDbPolyline
 90
5
 70
0
 10
241.9973284136504
 20
223.7041783138411
 10
242.1890709009022
 20
223.4485216152098
 10
242.3534214347601
 20
223.2019955102296
 10
242.4629887742922
 20
222.9554694071121
 10
242.49951114133
 20
222.6998127047555
  0
LWPOLYLINE
  5
23C
330
1E6
100
AcDbEntity
  8
LENS_FURNITURE
100
AcDbPolyline
 90
7
 70
0
 10
-242.4995111394673
 20
222.6085067421372
 10
-242.4355968181044
 20
222.9919917910302
 10
-242.3990746894851
 20
223.0924283528584
 10
-242.389943799004
 20
223.1198201431543
 10
-242.3808133862912
 20
223.1380813360447
 10
-242.2073319638148
 20
223.3663462462719
 10
-241.9973281733692
 20
223.612872351252
  0
LWPOLYLINE
  5
23D
330
1E6
100
AcDbEntity
  8
LENS_FURNITURE
100
AcDbPolyline
 90
3
 70
0
 10
249.0004958333448
 20
73.27760180656333
 10
235.9985264493153
 20
73.35064657812472
 10
235.9985264493153
 20
193.3358145242091
  0
LWPOLYLINE
  5
23E
330
1E6
100
AcDbEntity
  8
LENS_FURNITURE
100
AcDbPolyline
 90
3
 70
0
 10
246.5352347390726
 20
78.08942613651743
 10
246.1791414804757
 20
77.87029181997059
 10
245.4578243121505
 20
77.29506424476858
  0
LWPOLYLINE
  5
23F
330
1E6
100
AcDbEntity
  8
LENS_FURNITURE
100
AcDbPolyline
 90
33
 70
0
 10
235.9985264493153
 20
193.4910346647375
 10
242.49951114133
 20
193.2353779623809
 10
242.481250077486
 20
193.4910346647375
 10
242.4629887742922
 20
193.737560767855
 10
242.4082053434104
 20
194.248874168843
 10
242.3716827370226
 20
194.4954002719605
 10
242.3260297188535
 20
194.7510569743172
 10
242.2803767006844
 20
194.9975830774347
 10
242.2255932688713
 20
195.2441091824148
 10
242.1708095986396
 20
195.4997658810462
 10
242.1068955156952
 20
195.7371613905125
 10
242.033850543201
 20
195.98368749363
 10
241.9516753954813
 20
196.2302135967475
 10
241.8786306614056
 20
196.4676091062138
 10
241.6960185877979
 20
196.9424001195584
 10
241.4951454484835
 20
197.4171911366284
 10
241.2760112453252
 20
197.8737209589453
 10
241.1573134921491
 20
198.1019858691725
 10
240.901656921953
 20
198.5402545004617
 10
240.7646978665143
 20
198.759388815175
 10
240.6277388110757
 20
198.9693925325118
 10
240.3355596354231
 20
199.3893999708816
 10
240.1894701663405
 20
199.5902730927046
 10
240.0251196343452
 20
199.7911462126649
 10
239.8698992757127
 20
199.982888738974
 10
239.6964180916548
 20
200.1837618607969
 10
239.5320670809597
 20
200.3663737897296
 10
239.3585858969018
 20
200.5581163141469
 10
239.1759740617126
 20
200.7315976475656
 10
238.9933619871736
 20
200.9142095764982
 10
238.8016194999218
 20
201.0876909080543
 10
238.4181345254183
 20
201.4163923801098
 10
238.0163882486522
 20
201.7268326611374
  0
LWPOLYLINE
  5
240
330
1E6
100
AcDbEntity
  8
LENS_FURNITURE
100
AcDbPolyline
 90
2
 70
0
 10
-248.4983128663152
 20
52.78854337180383
 10
-246.9461116660387
 20
52.78854337180383
  0
LWPOLYLINE
  5
241
330
1E6
100
AcDbEntity
  8
LENS_FURNITURE
100
AcDbPolyline
 90
47
 70
0
 10
-187.4967980645597
 20
-205.7077727126889
 10
-187.4967980645597
 20
-262.7192169455812
 10
-187.3598392475396
 20
-264.5909892161144
 10
-186.9215706037357
 20
-266.4536308930256
 10
-186.2367755640298
 20
-268.1793136222986
 10
-185.341977449134
 20
-269.7589068065863
 10
-184.2554363701492
 20
-271.2015410469612
 10
-182.9862834559753
 20
-272.5163469352119
 10
-181.5071267522871
 20
-273.7398468590109
 10
-179.7449217615649
 20
-274.9176938015153
 10
-177.5992315579206
 20
-276.0772795511293
 10
-174.9878809954971
 20
-277.2003429131
 10
-172.0386982373893
 20
-278.2229697169387
 10
-168.9799483790993
 20
-279.0903763783863
 10
-165.8298924826085
 20
-279.8208240940876
 10
-162.5702697243541
 20
-280.4508352498233
 10
-159.2010796256363
 20
-280.9804098437016
 10
-155.7223224248737
 20
-281.4278090705047
 10
-152.1613896004855
 20
-281.783902332827
 10
-148.5182818667963
 20
-282.0669508217252
 10
-144.8112595733255
 20
-282.2678239454108
 10
-141.0677151512354
 20
-282.3865216964332
 10
-137.497651675716
 20
-282.4230440822139
 10
137.4976519159972
 20
-282.4230440822139
 10
139.478991586715
 20
-282.4047828893236
 10
143.2316666599363
 20
-282.3226075222483
 10
146.9386887140572
 20
-282.158256786206
 10
150.6000579893589
 20
-281.9208612786024
 10
154.1701212264597
 20
-281.5921598065179
 10
157.6488784272223
 20
-281.1904135629011
 10
161.0180682875216
 20
-280.7064919521799
 10
164.259429981932
 20
-280.1403949706582
 10
167.3638328593224
 20
-279.482992028381
 10
170.340407570824
 20
-278.7251525205502
 10
173.1891536395997
 20
-277.848615261697
 10
175.9283323688432
 20
-276.825988459721
 10
178.6035970151424
 20
-275.5659661501413
 10
180.7218955019489
 20
-274.2968132413225
 10
182.4293172992766
 20
-273.0093991433096
 10
183.8445596825331
 20
-271.6580708692782
 10
185.0406676242128
 20
-270.1971754378756
 10
186.0176413627341
 20
-268.6267128491017
 10
186.7572195958346
 20
-266.9284219082328
 10
187.2594025619328
 20
-265.1388250047749
 10
187.4876676537096
 20
-263.2853139252402
 10
187.4967980673536
 20
-262.7192169455812
 10
187.4967980673536
 20
-205.7077727126889
  0
LWPOLYLINE
  5
242
330
1E6
100
AcDbEntity
  8
LENS_FURNITURE
100
AcDbPolyline
 90
15
 70
0
 10
167.500791914761
 20
-258.6469709286757
 10
166.8068664623424
 20
-258.8934970336559
 10
165.3551019504666
 20
-259.3500268541102
 10
163.5928964838385
 20
-259.8156872738036
 10
161.5385125558823
 20
-260.281347693468
 10
159.2193409297615
 20
-260.7287469184084
 10
156.6536433845758
 20
-261.1396237575682
 10
153.8688113987445
 20
-261.504847617296
 10
150.9104982288554
 20
-261.8152878964611
 10
147.815225765109
 20
-262.0709445969551
 10
144.6012560240924
 20
-262.2535565258877
 10
141.3051106594503
 20
-262.3722542806063
 10
138.1459243502468
 20
-262.4179072619008
 10
137.4976519159972
 20
-262.4179072619008
 10
-137.497651675716
 20
-262.4179072619008
  0
LWPOLYLINE
  5
243
330
1E6
100
AcDbEntity
  8
LENS_FURNITURE
100
AcDbPolyline
 90
54
 70
0
 10
177.4987951107323
 20
-272.4159103752463
 10
177.2613993659615
 20
-272.4250409707602
 10
176.7866085935384
 20
-272.4067797797324
 10
176.3118175817653
 20
-272.37025739206
 10
176.0744218379259
 20
-272.3428656017932
 10
175.8370265699923
 20
-272.3063432178751
 10
175.5996310645714
 20
-272.2606902347179
 10
175.3713659718632
 20
-272.2241678507999
 10
175.1339707039296
 20
-272.1693842702662
 10
174.9057056121528
 20
-272.1146006915951
 10
174.4491756642237
 20
-271.9867723413336
 10
174.2209108099341
 20
-271.9137275697722
 10
173.9926459556445
 20
-271.8315522008051
 10
173.7735117524862
 20
-271.7493768337299
 10
173.335243107751
 20
-271.5667649047973
 10
173.116108905524
 20
-271.4663283429691
 10
172.9061048775911
 20
-271.3567611874605
 10
172.6869706735015
 20
-271.2471940301184
 10
172.4860975351184
 20
-271.1376268708846
 10
172.2760937456041
 20
-271.0189291180286
 10
171.8743477072566
 20
-270.7632724175346
 10
171.6826052200049
 20
-270.6263134698966
 10
171.4817318432033
 20
-270.4893545241503
 10
171.2991200070828
 20
-270.3432649809983
 10
171.107377519831
 20
-270.1971754378756
 10
170.9247656837105
 20
-270.0419552973472
 10
170.7512840228155
 20
-269.8867351586814
 10
170.4043214153498
 20
-269.5580336847633
 10
169.9112693397328
 20
-269.0375896882615
 10
169.7651798706502
 20
-268.8549777593289
 10
169.609959512949
 20
-268.6723658303963
 10
169.4638700438663
 20
-268.4806233040872
 10
169.3269112268463
 20
-268.2888807796699
 10
169.1899521704763
 20
-268.0880076578469
 10
169.0621240045875
 20
-267.8962651334004
 10
168.9342956002801
 20
-267.6953920097148
 10
168.6969000957906
 20
-267.2753845732077
 10
168.4777656532824
 20
-266.8553771385341
 10
168.3773292042315
 20
-266.6362428219581
 10
168.2768927533179
 20
-266.4262391027587
 10
168.1947171296924
 20
-266.1979741925315
 10
168.1034113308415
 20
-265.9788398759556
 10
168.0303665958345
 20
-265.7597055631049
 10
167.948190972209
 20
-265.5314406510151
 10
167.8203628063202
 20
-265.0749108286982
 10
167.765579374507
 20
-264.8375153210945
 10
167.7107954667881
 20
-264.6092504108674
 10
167.6651426870376
 20
-264.3718549014302
 10
167.6194896679371
 20
-264.1435899912031
 10
167.5829673008993
 20
-263.9061944817076
 10
167.5555755849927
 20
-263.6687989759957
 10
167.500791914761
 20
-262.9566124531848
 10
167.500791914761
 20
-262.7192169455812
 10
167.500791914761
 20
-205.7260339055793
  0
ARC
  5
244
330
1E6
100
AcDbEntity
  8
LENS_FURNITURE
100
AcDbCircle
 10
-140.3767430530861
 20
-164.0809483822668
 30
0.0
 40
98.37909659551366
100
AcDbArc
 50
253.9957013946063
 51
271.6770160365166
  0
LWPOLYLINE
  5
245
330
1E6
100
AcDbEntity
  8
LENS_FURNITURE
100
AcDbPolyline
 90
48
 70
0
 10
-187.4967980645597
 20
-262.7192169455812
 10
-187.4785370007157
 20
-263.1940079589258
 10
-187.4420143952593
 20
-263.6687989759957
 10
-187.3689696602523
 20
-264.1435899912031
 10
-187.3324475325644
 20
-264.3718549014302
 10
-187.2867945134639
 20
-264.6092504108674
 10
-187.2320106048137
 20
-264.8375153210945
 10
-187.1772271730005
 20
-265.0749108286982
 10
-187.1133128516376
 20
-265.303175740788
 10
-186.9672233834863
 20
-265.7597055631049
 10
-186.8941786494106
 20
-265.9788398759556
 10
-186.8028728505596
 20
-266.1979741925315
 10
-186.7115668132901
 20
-266.4262391027587
 10
-186.6202607769519
 20
-266.6362428219581
 10
-186.5198243260383
 20
-266.8553771385341
 10
-186.3006898853928
 20
-267.2753845732077
 10
-186.0632943790406
 20
-267.6953920097148
 10
-185.9354659747332
 20
-267.8962651334004
 10
-185.8076378088444
 20
-268.0880076578469
 10
-185.6706787534058
 20
-268.2888807796699
 10
-185.5245892852544
 20
-268.4806233040872
 10
-185.3876304682344
 20
-268.6723658303963
 10
-185.077189989388
 20
-269.0375896882615
 10
-184.921969869174
 20
-269.2110710198176
 10
-184.5932683255523
 20
-269.5580336847633
 10
-184.246305719018
 20
-269.8867351586814
 10
-183.881082046777
 20
-270.1971754378756
 10
-183.6984699731693
 20
-270.3432649809983
 10
-183.5067274859175
 20
-270.4893545241503
 10
-183.1232422739267
 20
-270.7632724175346
 10
-182.7214962346479
 20
-271.0189291180286
 10
-182.5114924442023
 20
-271.1376268708846
 10
-181.881481074728
 20
-271.4663283429691
 10
-181.6623468715697
 20
-271.5667649047973
 10
-181.2240782268345
 20
-271.7493768337299
 10
-181.0049440246075
 20
-271.8315522008051
 10
-180.7766791693866
 20
-271.9137275697722
 10
-180.5484143160283
 20
-271.9867723413336
 10
-180.0918843690306
 20
-272.1146006915951
 10
-179.8636192753911
 20
-272.1693842702662
 10
-179.6262240083888
 20
-272.2241678507999
 10
-179.3979589156806
 20
-272.2606902347179
 10
-179.160563647747
 20
-272.3063432178751
 10
-178.9231681432575
 20
-272.3428656017932
 10
-178.6857723984867
 20
-272.37025739206
 10
-178.210981387645
 20
-272.4067797797324
 10
-177.7361903749406
 20
-272.4250409707602
 10
-177.4987948704511
 20
-272.4159103752463
  0
LWPOLYLINE
  5
246
330
1E6
100
AcDbEntity
  8
LENS_FURNITURE
100
AcDbPolyline
 90
50
 70
0
 10
-177.4987948704511
 20
-272.4159103752463
 10
-177.2613993640989
 20
-272.4250409707602
 10
-176.7866083532572
 20
-272.4067797797324
 10
-176.3118173405528
 20
-272.37025739206
 10
-176.0744220735505
 20
-272.3428656017932
 10
-175.837026329711
 20
-272.3063432178751
 10
-175.5996308233589
 20
-272.2606902347179
 10
-175.3713659700006
 20
-272.2241678507999
 10
-175.1339704636484
 20
-272.1693842702662
 10
-174.9057056093588
 20
-272.1146006915951
 10
-174.4491759007796
 20
-271.9867723413336
 10
-174.2209108080715
 20
-271.9137275697722
 10
-173.9926459537819
 20
-271.8315522008051
 10
-173.773511512205
 20
-271.7493768337299
 10
-173.3352428674698
 20
-271.5667649047973
 10
-173.1161086652428
 20
-271.4663283429691
 10
-172.4860975332558
 20
-271.1376268708846
 10
-172.2760937437415
 20
-271.0189291180286
 10
-171.8743474669754
 20
-270.7632724175346
 10
-171.4908624924719
 20
-270.4893545241503
 10
-171.1073772795498
 20
-270.1971754378756
 10
-170.9247654434293
 20
-270.0419552973472
 10
-170.7512842584401
 20
-269.8867351586814
 10
-170.4043214134872
 20
-269.5580336847633
 10
-170.0756201092153
 20
-269.2110710198176
 10
-169.9203999890014
 20
-269.0375896882615
 10
-169.6099597495049
 20
-268.6723658303963
 10
-169.4638700420037
 20
-268.4806233040872
 10
-169.3269109856337
 20
-268.2888807796699
 10
-169.1899524070322
 20
-268.0880076578469
 10
-169.0621237643063
 20
-267.8962651334004
 10
-168.9342953599989
 20
-267.6953920097148
 10
-168.696899854578
 20
-267.2753845732077
 10
-168.4777656514197
 20
-266.8553771385341
 10
-168.3773289630189
 20
-266.6362428219581
 10
-168.2860229257494
 20
-266.4262391027587
 10
-168.1947173662484
 20
-266.1979741925315
 10
-168.1034113280475
 20
-265.9788398759556
 10
-168.0303663555532
 20
-265.7597055631049
 10
-167.8842768874019
 20
-265.303175740788
 10
-167.8203625660389
 20
-265.0749108286982
 10
-167.7655791342258
 20
-264.8375153210945
 10
-167.7107957024127
 20
-264.6092504108674
 10
-167.6651426842436
 20
-264.3718549014302
 10
-167.6194896660745
 20
-264.1435899912031
 10
-167.5920979501679
 20
-263.9061944817076
 10
-167.5555753447115
 20
-263.6687989759957
 10
-167.5007919128984
 20
-262.9566124531848
 10
-167.5007919128984
 20
-262.7192169455812
 10
-167.5007919128984
 20
-205.7260339055793
  0
LWPOLYLINE
  5
247
330
1E6
100
AcDbEntity
  8
LENS_FURNITURE
100
AcDbPolyline
 90
50
 70
0
 10
177.4987951107323
 20
-272.4159103752463
 10
177.7361906161532
 20
-272.4250409707602
 10
178.2109813895076
 20
-272.4067797797324
 10
178.6857726387679
 20
-272.37025739206
 10
178.9231679067015
 20
-272.3428656017932
 10
179.1605634121224
 20
-272.3063432178751
 10
179.3888285048306
 20
-272.2606902347179
 10
179.6262240111827
 20
-272.2241678507999
 10
179.854488864541
 20
-272.1693842702662
 10
180.0918843708932
 20
-272.1146006915951
 10
180.5484140794724
 20
-271.9867723413336
 10
180.7766791721806
 20
-271.9137275697722
 10
180.9958136137575
 20
-271.8315522008051
 10
181.2240784680471
 20
-271.7493768337299
 10
181.6623468734324
 20
-271.5667649047973
 10
181.8814813150093
 20
-271.4663283429691
 10
182.5114924460649
 20
-271.1376268708846
 10
182.7123655853793
 20
-271.0189291180286
 10
182.9223693758249
 20
-270.8911007677671
 10
183.1141118621453
 20
-270.7632724175346
 10
183.3149850014597
 20
-270.6263134698966
 10
183.5067274887115
 20
-270.4893545241503
 10
183.6984699759632
 20
-270.3432649809983
 10
183.8810818111524
 20
-270.1971754378756
 10
184.2463057208806
 20
-269.8867351586814
 10
184.5932685667649
 20
-269.5580336847633
 10
184.9219698710367
 20
-269.2110710198176
 10
185.0771899912506
 20
-269.0375896882615
 10
185.2324103489518
 20
-268.8549777593289
 10
185.3784998189658
 20
-268.6723658303963
 10
185.6706787552684
 20
-268.2888807796699
 10
185.8076375722885
 20
-268.0880076578469
 10
185.9354662150144
 20
-267.8962651334004
 10
186.0632943809032
 20
-267.6953920097148
 10
186.300690125674
 20
-267.2753845732077
 10
186.519824327901
 20
-266.8553771385341
 10
186.6202607788145
 20
-266.6362428219581
 10
186.7115668151527
 20
-266.4262391027587
 10
186.802872614935
 20
-266.1979741925315
 10
186.9672233853489
 20
-265.7597055631049
 10
187.1133130928501
 20
-265.303175740788
 10
187.1772274142131
 20
-265.0749108286982
 10
187.2320108450949
 20
-264.8375153210945
 10
187.286794276908
 20
-264.6092504108674
 10
187.3324472960084
 20
-264.3718549014302
 10
187.3689699014649
 20
-264.1435899912031
 10
187.4054920300841
 20
-263.9061944817076
 10
187.4602757003158
 20
-263.431403468363
 10
187.4785370025783
 20
-263.1940079589258
 10
187.4967980673536
 20
-262.7192169455812
  0
ARC
  5
248
330
1E6
100
AcDbEntity
  8
LENS_FURNITURE
100
AcDbCircle
 10
-247.3072351841256
 20
203.6344618745788
 30
0.0
 40
414.6255135707222
100
AcDbArc
 50
358.9237746430342
 51
17.90773847784086
  0
ARC
  5
249
330
1E6
100
AcDbEntity
  8
LENS_FURNITURE
100
AcDbCircle
 10
247.3437575539574
 20
203.6344618745788
 30
0.0
 40
414.6255135707222
100
AcDbArc
 50
162.0922615221591
 51
181.0762253569658
  0
ARC
  5
24A
330
1E6
100
AcDbEntity
  8
LENS_FURNITURE
100
AcDbCircle
 10
4674.921226616948
 20
-167.4734586097474
 30
0.0
 40
4755.890170314926
100
AcDbArc
 50
173.9821536600701
 51
175.5168892674016
  0
ARC
  5
24B
330
1E6
100
AcDbEntity
  8
LENS_FURNITURE
100
AcDbCircle
 10
-4674.884704247117
 20
-167.4734586097474
 30
0.0
 40
4755.890170314926
100
AcDbArc
 50
4.483110732598381
 51
6.017846339929849
  0
LWPOLYLINE
  5
24C
330
1E6
100
AcDbEntity
  8
LENS_FURNITURE
100
AcDbPolyline
 90
2
 70
0
 10
54.79712917841971
 20
331.1256455461553
 10
54.79712917841971
 20
380.5769559177861
  0
LWPOLYLINE
  5
24D
330
1E6
100
AcDbEntity
  8
LENS_FURNITURE
100
AcDbPolyline
 90
2
 70
0
 10
-54.76060680858791
 20
331.1256455461553
 10
-54.76060680858791
 20
380.5769559177861
  0
LINE
  5
24E
330
1E6
100
AcDbEntity
  8
Defpoints
  6
HIDDEN
100
AcDbLine
 10
0.0
 20
205.7260339055501
 30
0.0
 11
0.0
 21
-205.7260339055793
 31
0.0
  0
LINE
  5
24F
330
1E6
100
AcDbEntity
  8
Defpoints
  6
HIDDEN
100
AcDbLine
 10
-249.0004958324135
 20
-2.91038e-11
 30
0.0
 11
249.0004958324135
 21
-2.91038e-11
 31
0.0
  0
ENDBLK
  5
1E8
330
1E6
100
AcDbEntity
  8
0
100
AcDbBlockEnd
  0
BLOCK
  5
251
330
250
100
AcDbEntity
  8
0
100
AcDbBlockBegin
  2
servgewrgtrs
 70
0
 10
0.0
 20
0.0
 30
0.0
  3
servgewrgtrs
  1

  0
LWPOLYLINE
  5
253
330
250
100
AcDbEntity
  8
LENS_FURNITURE
100
AcDbPolyline
 90
4
 70
1
 10
119.4230440827086
 20
-352.4817388160154
 10
119.4230440827086
 20
-985.4817388160155
 10
-380.5769559172913
 20
-985.4817388160155
 10
-380.5769559172913
 20
-352.4817388160154
  0
INSERT
  5
254
330
250
100
AcDbEntity
  8
Floor-Unit
100
AcDbBlockReference
  2
Chair
 10
-375989.1127056331
 20
12834.13492621091
 30
0.0
 41
0.6413055337135763
 42
0.6413055337135763
 43
0.6413055337135763
  0
LWPOLYLINE
  5
256
330
250
100
AcDbEntity
  8
LENS_FURNITURE
 62
146
100
AcDbPolyline
 90
4
 70
1
 10
-63.4640948921442
 20
-382.4817388160154
 10
-63.4640948921442
 20
-394.4817388160154
 10
338.5359051078558
 20
-394.4817388160154
 10
338.5359051078558
 20
-382.4817388160154
  0
LWPOLYLINE
  5
257
330
250
100
AcDbEntity
  8
LENS_FURNITURE
 62
146
100
AcDbPolyline
 90
4
 70
1
 10
-63.4640948921442
 20
-955.4817388160154
 10
-63.4640948921442
 20
-943.4817388160153
 10
338.5359051078558
 20
-943.4817388160153
 10
338.5359051078558
 20
-955.4817388160154
  0
LWPOLYLINE
  5
258
330
250
100
AcDbEntity
  8
LENS_FURNITURE
 62
146
100
AcDbPolyline
 90
4
 70
1
 10
-63.4640948921442
 20
-394.4817388160154
 10
-63.4640948921442
 20
-943.4817388160153
 10
-51.4640948921442
 20
-943.4817388160153
 10
-51.4640948921442
 20
-394.4817388160154
  0
LWPOLYLINE
  5
259
330
250
100
AcDbEntity
  8
LENS_FURNITURE
 62
146
100
AcDbPolyline
 90
4
 70
1
 10
338.5359051078558
 20
-352.4817388160154
 10
338.5359051078558
 20
-985.4817388160155
 10
356.5359051078558
 20
-985.4817388160155
 10
356.5359051078558
 20
-352.4817388160154
  0
INSERT
  5
25A
330
250
100
AcDbEntity
  8
LENS_PARTITION
100
AcDbBlockReference
  2
chr
 10
0.0
 20
0.0
 30
0.0
 50
90.00000000000003
  0
HATCH
  5
25C
330
250
100
AcDbEntity
  8
LENS_FURNITURE
 62
7
100
AcDbHatch
 10
0.0
 20
0.0
 30
0.0
210
0.0
220
0.0
230
1.0
  2
SOLID
 70
1
 71
0
 91
0
 75
0
 76
1
 98
0
  0
LWPOLYLINE
  5
25D
330
250
100
AcDbEntity
  8
LENS_FURNITURE
 62
18
100
AcDbPolyline
 90
8
 70
1
 10
-8.54246803093703
 20
-981.967020192067
 10
115.9083254579454
 20
-857.5162267031847
 10
115.9083254579454
 20
-840.5456639545736
 10
-58.03994271345434
 20
-666.5973957831739
 10
-75.01050546206531
 20
-666.5973957831739
 10
-199.4612989509478
 20
-791.0481892720563
 10
-199.4612989500165
 20
-808.0187520197359
 10
-25.51303077861669
 20
-981.9670201911359
  0
LWPOLYLINE
  5
25E
330
250
100
AcDbEntity
  8
LENS_FURNITURE
 62
18
100
AcDbPolyline
 90
4
 70
1
 10
-17.02774940524252
 20
-955.0969625067663
 10
89.03826777357607
 20
-849.0309453279477
 10
-66.52522408775982
 20
-693.4674534666119
 10
-172.5912412665784
 20
-799.5334706454305
  0
HATCH
  5
25F
330
250
100
AcDbEntity
  8
LENS_FURNITURE
 62
7
100
AcDbHatch
 10
0.0
 20
0.0
 30
0.0
210
0.0
220
0.0
230
1.0
  2
ANSI31
 70
0
 71
0
 91
0
 75
0
 76
1
 98
0
  0
LWPOLYLINE
  5
260
330
250
100
AcDbEntity
  8
LENS_FURNITURE
 62
18
100
AcDbPolyline
 90
8
 70
1
 10
-138.2965623782947
 20
-741.9042679787381
 10
-124.1544267544522
 20
-727.7621323548956
 10
-118.4975725049153
 20
-727.7621323548956
 10
-118.4975725049153
 20
-727.7621323548956
 10
-118.4975725049153
 20
-733.4189866044326
 10
-132.6397081287578
 20
-747.561122228275
 10
-138.2965623782947
 20
-747.561122228275
 10
-138.2965623782947
 20
-747.561122228275
  0
CIRCLE
  5
261
330
250
100
AcDbEntity
  8
LENS_FURNITURE
 62
18
100
AcDbCircle
 10
44.84409394953398
 20
-910.9027886827243
 30
0.0
 40
7.0
  0
ENDBLK
  5
252
330
250
100
AcDbEntity
  8
0
100
AcDbBlockEnd
  0
BLOCK
  5
263
330
262
100
AcDbEntity
  8
0
100
AcDbBlockBegin
  2
D-Table-1200
 70
0
 10
0.0
 20
0.0
 30
0.0
  3
D-Table-1200
  1

  0
LWPOLYLINE
  5
265
330
262
100
AcDbEntity
  8
LN-ELEVATION-1
  6
ByBlock
100
AcDbPolyline
 90
4
 70
1
 10
0.0
 20
0.0
 10
-1200.0
 20
0.0
 10
-1200.0
 20
-450.0
 10
0.0
 20
-450.0
  0
LWPOLYLINE
  5
266
330
262
100
AcDbEntity
  8
LN-ELEVATION-1
  6
ByBlock
100
AcDbPolyline
 90
4
 70
1
 10
-25.0
 20
-25.0
 10
-1175.0
 20
-25.0
 10
-1175.0
 20
-425.0
 10
-25.0
 20
-425.0
  0
LWPOLYLINE
  5
267
330
262
100
AcDbEntity
  8
LN-ELEVATION-5
  6
ByBlock
100
AcDbPolyline
 90
4
 70
1
 10
-1100.0
 20
-25.0
 10
-1175.0
 20
-25.0
 10
-1175.0
 20
-100.0
 10
-1100.0
 20
-100.0
  0
LWPOLYLINE
  5
268
330
262
100
AcDbEntity
  8
LN-ELEVATION-5
  6
ByBlock
100
AcDbPolyline
 90
4
 70
1
 10
-1100.0
 20
-425.0
 10
-1175.0
 20
-425.0
 10
-1175.0
 20
-350.0
 10
-1100.0
 20
-350.0
  0
LWPOLYLINE
  5
269
330
262
100
AcDbEntity
  8
LN-ELEVATION-5
  6
ByBlock
100
AcDbPolyline
 90
4
 70
1
 10
-100.0
 20
-25.0
 10
-25.0
 20
-25.0
 10
-25.0
 20
-100.0
 10
-100.0
 20
-100.0
  0
LWPOLYLINE
  5
26A
330
262
100
AcDbEntity
  8
LN-ELEVATION-5
  6
ByBlock
100
AcDbPolyline
 90
4
 70
1
 10
-100.0
 20
-425.0
 10
-25.0
 20
-425.0
 10
-25.0
 20
-350.0
 10
-100.0
 20
-350.0
  0
LINE
  5
26B
330
262
100
AcDbEntity
  8
LN-ELEVATION-1
  6
ByBlock
100
AcDbLine
 10
-1094.533167595044
 20
-480.2604837147518
 30
0.0
 11
-1094.533167595044
 21
-478.9606375852599
 31
0.0
  0
SOLID
  5
26C
330
262
100
AcDbEntity
  8
LN-ELEVATION-1
  6
ByBlock
100
AcDbTrace
 10
-1087.866500928998
 20
-480.2604837147518
 30
0.0
 11
-1101.199834262021
 21
-480.2604837147518
 31
0.0
 12
-1094.533167595975
 22
-520.2604837147519
 32
0.0
 13
-1094.533167595975
 23
-520.2604837147519
 33
0.0
  0
LINE
  5
26D
330
262
100
AcDbEntity
  8
LN-ELEVATION-1
  6
ByBlock
100
AcDbLine
 10
-979.8087976938112
 20
-480.2604837147518
 30
0.0
 11
-979.8087976938112
 21
-478.9606375852599
 31
0.0
  0
SOLID
  5
26E
330
262
100
AcDbEntity
  8
LN-ELEVATION-1
  6
ByBlock
100
AcDbTrace
 10
-973.1421310268342
 20
-480.2604837147518
 30
0.0
 11
-986.4754643607884
 21
-480.2604837147518
 31
0.0
 12
-979.8087976938112
 22
-520.2604837147519
 32
0.0
 13
-979.8087976938112
 23
-520.2604837147519
 33
0.0
  0
LINE
  5
26F
330
262
100
AcDbEntity
  8
LN-ELEVATION-1
  6
ByBlock
100
AcDbLine
 10
-865.0844277916476
 20
-480.2604837147518
 30
0.0
 11
-865.0844277916476
 21
-478.9606375852599
 31
0.0
  0
SOLID
  5
270
330
262
100
AcDbEntity
  8
LN-ELEVATION-1
  6
ByBlock
100
AcDbTrace
 10
-858.4177611246705
 20
-480.2604837147518
 30
0.0
 11
-871.7510944586248
 21
-480.2604837147518
 31
0.0
 12
-865.084427792579
 22
-520.2604837147519
 32
0.0
 13
-865.084427792579
 23
-520.2604837147519
 33
0.0
  0
LINE
  5
271
330
262
100
AcDbEntity
  8
LN-ELEVATION-1
  6
ByBlock
100
AcDbLine
 10
-750.3600578904151
 20
-480.2604837147518
 30
0.0
 11
-750.3600578904151
 21
-478.9606375852599
 31
0.0
  0
SOLID
  5
272
330
262
100
AcDbEntity
  8
LN-ELEVATION-1
  6
ByBlock
100
AcDbTrace
 10
-743.6933912225066
 20
-480.2604837147518
 30
0.0
 11
-757.0267245564609
 21
-480.2604837147518
 31
0.0
 12
-750.3600578904151
 22
-520.2604837147519
 32
0.0
 13
-750.3600578904151
 23
-520.2604837147519
 33
0.0
  0
LINE
  5
273
330
262
100
AcDbEntity
  8
LN-ELEVATION-1
  6
ByBlock
100
AcDbLine
 10
-635.6356879882514
 20
-480.2604837147518
 30
0.0
 11
-635.6356879882514
 21
-478.9606375852599
 31
0.0
  0
SOLID
  5
274
330
262
100
AcDbEntity
  8
LN-ELEVATION-1
  6
ByBlock
100
AcDbTrace
 10
-628.9690213212743
 20
-480.2604837147518
 30
0.0
 11
-642.3023546542972
 21
-480.2604837147518
 31
0.0
 12
-635.6356879882514
 22
-520.2604837147519
 32
0.0
 13
-635.6356879882514
 23
-520.2604837147519
 33
0.0
  0
LINE
  5
275
330
262
100
AcDbEntity
  8
LN-ELEVATION-1
  6
ByBlock
100
AcDbLine
 10
-520.9113180860876
 20
-480.2604837147518
 30
0.0
 11
-520.9113180860876
 21
-478.9606375852599
 31
0.0
  0
SOLID
  5
276
330
262
100
AcDbEntity
  8
LN-ELEVATION-1
  6
ByBlock
100
AcDbTrace
 10
-514.2446514191106
 20
-480.2604837147518
 30
0.0
 11
-527.5779847521334
 21
-480.2604837147518
 31
0.0
 12
-520.9113180860876
 22
-520.2604837147519
 32
0.0
 13
-520.9113180860876
 23
-520.2604837147519
 33
0.0
  0
LWPOLYLINE
  5
277
330
262
100
AcDbEntity
  8
LN-ELEVATION-5
  6
ByBlock
100
AcDbPolyline
 90
4
 70
1
 10
-1025.0
 20
-300.0
 10
-1175.0
 20
-300.0
 10
-1175.0
 20
-150.0
 10
-1025.0
 20
-150.0
  0
LINE
  5
278
330
262
100
AcDbEntity
  8
LN-ELEVATION-5
  6
ByBlock
100
AcDbLine
 10
-1025.0
 20
-300.0
 30
0.0
 11
-1175.0
 21
-150.0
 31
0.0
  0
LINE
  5
279
330
262
100
AcDbEntity
  8
LN-ELEVATION-5
  6
ByBlock
100
AcDbLine
 10
-1175.0
 20
-300.0
 30
0.0
 11
-1025.0
 21
-150.0
 31
0.0
  0
LINE
  5
27A
330
262
100
AcDbEntity
  8
LN-ELEVATION-1
  6
ByBlock
100
AcDbLine
 10
-392.8536148509011
 20
-480.2604837147518
 30
0.0
 11
-392.8536148509011
 21
-478.9606375852599
 31
0.0
  0
SOLID
  5
27B
330
262
100
AcDbEntity
  8
LN-ELEVATION-1
  6
ByBlock
100
AcDbTrace
 10
-386.1869481829927
 20
-480.2604837147518
 30
0.0
 11
-399.5202815169469
 21
-480.2604837147518
 31
0.0
 12
-392.8536148509011
 22
-520.2604837147519
 32
0.0
 13
-392.8536148509011
 23
-520.2604837147519
 33
0.0
  0
LINE
  5
27C
330
262
100
AcDbEntity
  8
LN-ELEVATION-1
  6
ByBlock
100
AcDbLine
 10
-278.1292449487373
 20
-480.2604837147518
 30
0.0
 11
-278.1292449487373
 21
-478.9606375852599
 31
0.0
  0
SOLID
  5
27D
330
262
100
AcDbEntity
  8
LN-ELEVATION-1
  6
ByBlock
100
AcDbTrace
 10
-271.4625782817602
 20
-480.2604837147518
 30
0.0
 11
-284.7959116147831
 21
-480.2604837147518
 31
0.0
 12
-278.1292449487373
 22
-520.2604837147519
 32
0.0
 13
-278.1292449487373
 23
-520.2604837147519
 33
0.0
  0
LINE
  5
27E
330
262
100
AcDbEntity
  8
LN-ELEVATION-1
  6
ByBlock
100
AcDbLine
 10
-163.4048750465735
 20
-480.2604837147518
 30
0.0
 11
-163.4048750465735
 21
-478.9606375852599
 31
0.0
  0
SOLID
  5
27F
330
262
100
AcDbEntity
  8
LN-ELEVATION-1
  6
ByBlock
100
AcDbTrace
 10
-156.7382083795964
 20
-480.2604837147518
 30
0.0
 11
-170.0715417126193
 21
-480.2604837147518
 31
0.0
 12
-163.4048750465735
 22
-520.2604837147519
 32
0.0
 13
-163.4048750465735
 23
-520.2604837147519
 33
0.0
  0
CIRCLE
  5
280
330
262
100
AcDbEntity
  8
LN-ELEVATION-1
  6
ByBlock
100
AcDbCircle
 10
-175.0
 20
-225.0
 30
0.0
 40
175.0
  0
CIRCLE
  5
281
330
262
100
AcDbEntity
  8
LN-ELEVATION-1
  6
ByBlock
100
AcDbCircle
 10
-175.0
 20
-225.0
 30
0.0
 40
150.0
  0
ENDBLK
  5
264
330
262
100
AcDbEntity
  8
0
100
AcDbBlockEnd
  0
BLOCK
  5
283
330
282
100
AcDbEntity
  8
0
100
AcDbBlockBegin
  2
R-Table-1200
 70
0
 10
0.0
 20
0.0
 30
0.0
  3
R-Table-1200
  1

  0
LWPOLYLINE
  5
285
330
282
100
AcDbEntity
  8
LN-DIMENSION
100
AcDbPolyline
 90
4
 70
1
 10
-9.0
 20
-600.0
 10
-575.0
 20
-600.0
 10
-575.0
 20
-150.0
 10
-9.0
 20
-150.0
  0
LWPOLYLINE
  5
286
330
282
100
AcDbEntity
  8
LN-ELEVATION-1
100
AcDbPolyline
 90
8
 70
1
 10
-575.0
 20
-600.0
 10
-600.0
 20
-600.0
 10
-600.0
 20
0.0
 10
600.0
 20
0.0
 10
600.0
 20
-600.0
 10
575.0
 20
-600.0
 10
575.0
 20
-150.0
 10
-575.0
 20
-150.0
  0
LWPOLYLINE
  5
287
330
282
100
AcDbEntity
  8
LN-ELEVATION-5
100
AcDbPolyline
 90
2
 70
0
 10
575.0
 20
-600.0
 10
-575.0
 20
-600.0
  0
LWPOLYLINE
  5
288
330
282
100
AcDbEntity
  8
LN-ELEVATION-1
100
AcDbPolyline
 90
4
 70
1
 10
-575.0
 20
-25.0
 10
575.0
 20
-25.0
 10
575.0
 20
-125.0
 10
-575.0
 20
-125.0
  0
LWPOLYLINE
  5
289
330
282
100
AcDbEntity
  8
LN-ELEVATION-1
100
AcDbPolyline
 90
4
 70
1
 10
-9.0
 20
-150.0
 10
9.0
 20
-150.0
 10
9.0
 20
-600.0
 10
-9.0
 20
-600.0
  0
ENDBLK
  5
284
330
282
100
AcDbEntity
  8
0
100
AcDbBlockEnd
  0
BLOCK
  5
28B
330
28A
100
AcDbEntity
  8
0
100
AcDbBlockBegin
  2
POS1500
 70
0
 10
0.0
 20
0.0
 30
0.0
  3
POS1500
  1

  0
LWPOLYLINE
  5
28D
330
28A
100
AcDbEntity
  8
LN-ELEVATION-3
  6
ByBlock
100
AcDbPolyline
 90
2
 70
0
 10
-676.0
 20
298.0
 10
-713.9999999962746
 20
298.0
  0
LWPOLYLINE
  5
28E
330
28A
100
AcDbEntity
  8
LN-ELEVATION-1
100
AcDbPolyline
 90
4
 70
1
 10
493.9999997224658
 20
-260.0
 10
493.9999997224658
 20
-268.0
 10
485.9999997224658
 20
-268.0
 10
485.9999997224658
 20
-260.0
  0
LWPOLYLINE
  5
28F
330
28A
100
AcDbEntity
  8
LN-ELEVATION-1
100
AcDbPolyline
 90
4
 70
1
 10
509.9999997187405
 20
-260.0
 10
509.9999997187405
 20
-268.0
 10
501.9999997187405
 20
-268.0
 10
501.9999997187405
 20
-260.0
  0
LWPOLYLINE
  5
290
330
28A
100
AcDbEntity
  8
LN-ELEVATION-1
100
AcDbPolyline
 90
4
 70
1
 10
525.9999997150153
 20
-260.0
 10
525.9999997150153
 20
-268.0
 10
517.9999997150153
 20
-268.0
 10
517.9999997150153
 20
-260.0
  0
LWPOLYLINE
  5
291
330
28A
100
AcDbEntity
  8
LN-ELEVATION-1
100
AcDbPolyline
 90
4
 70
1
 10
541.99999971129
 20
-260.0
 10
541.99999971129
 20
-268.0
 10
533.99999971129
 20
-268.0
 10
533.99999971129
 20
-260.0
  0
LWPOLYLINE
  5
292
330
28A
100
AcDbEntity
  8
LN-ELEVATION-1
100
AcDbPolyline
 90
4
 70
1
 10
557.9999997075646
 20
-260.0
 10
557.9999997075646
 20
-268.0
 10
549.9999997075646
 20
-268.0
 10
549.9999997075646
 20
-260.0
  0
LWPOLYLINE
  5
293
330
28A
100
AcDbEntity
  8
LN-ELEVATION-1
100
AcDbPolyline
 90
4
 70
1
 10
573.9999997038394
 20
-260.0
 10
573.9999997038394
 20
-268.0
 10
565.9999997038394
 20
-268.0
 10
565.9999997038394
 20
-260.0
  0
LWPOLYLINE
  5
294
330
28A
100
AcDbEntity
  8
LN-ELEVATION-1
100
AcDbPolyline
 90
4
 70
1
 10
589.9999997001141
 20
-260.0
 10
589.9999997001141
 20
-268.0
 10
581.9999997001141
 20
-268.0
 10
581.9999997001141
 20
-260.0
  0
LWPOLYLINE
  5
295
330
28A
100
AcDbEntity
  8
LN-ELEVATION-1
100
AcDbPolyline
 90
4
 70
1
 10
605.9999996963888
 20
-260.0
 10
605.9999996963888
 20
-268.0
 10
597.9999996963888
 20
-268.0
 10
597.9999996963888
 20
-260.0
  0
LWPOLYLINE
  5
296
330
28A
100
AcDbEntity
  8
LN-ELEVATION-1
100
AcDbPolyline
 90
4
 70
1
 10
621.9999996926636
 20
-260.0
 10
621.9999996926636
 20
-268.0
 10
613.9999996926636
 20
-268.0
 10
613.9999996926636
 20
-260.0
  0
LWPOLYLINE
  5
297
330
28A
100
AcDbEntity
  8
LN-ELEVATION-1
100
AcDbPolyline
 90
4
 70
1
 10
637.9999996889381
 20
-260.0
 10
637.9999996889381
 20
-268.0
 10
629.9999996889383
 20
-268.0
 10
629.9999996889383
 20
-260.0
  0
LWPOLYLINE
  5
298
330
28A
100
AcDbEntity
  8
LN-ELEVATION-1
100
AcDbPolyline
 90
4
 70
1
 10
653.9999996852129
 20
-260.0
 10
653.9999996852129
 20
-268.0
 10
645.9999996852129
 20
-268.0
 10
645.9999996852129
 20
-260.0
  0
LWPOLYLINE
  5
299
330
28A
100
AcDbEntity
  8
LN-ELEVATION-1
100
AcDbPolyline
 90
4
 70
1
 10
669.9999996814876
 20
-260.0
 10
669.9999996814876
 20
-268.0
 10
661.9999996814876
 20
-268.0
 10
661.9999996814876
 20
-260.0
  0
LWPOLYLINE
  5
29A
330
28A
100
AcDbEntity
  8
LN-ELEVATION-1
100
AcDbPolyline
 90
4
 70
1
 10
685.9999996777624
 20
-260.0
 10
685.9999996777624
 20
-268.0
 10
677.9999996777624
 20
-268.0
 10
677.9999996777624
 20
-260.0
  0
LWPOLYLINE
  5
29B
330
28A
100
AcDbEntity
  8
LN-ELEVATION-1
100
AcDbPolyline
 90
4
 70
1
 10
701.9999996740371
 20
-260.0
 10
701.9999996740371
 20
-268.0
 10
693.9999996740371
 20
-268.0
 10
693.9999996740371
 20
-260.0
  0
LWPOLYLINE
  5
29C
330
28A
100
AcDbEntity
  8
LN-ELEVATION-3
  6
ByBlock
100
AcDbPolyline
 90
4
 70
1
 10
434.0
 20
-434.0
 10
434.0
 20
-442.0
 10
426.0
 20
-442.0
 10
426.0
 20
-434.0
  0
LWPOLYLINE
  5
29D
330
28A
100
AcDbEntity
  8
LN-ELEVATION-3
  6
ByBlock
100
AcDbPolyline
 90
4
 70
1
 10
450.0
 20
-434.0
 10
450.0
 20
-442.0
 10
442.0
 20
-442.0
 10
442.0
 20
-434.0
  0
LWPOLYLINE
  5
29E
330
28A
100
AcDbEntity
  8
LN-ELEVATION-3
  6
ByBlock
100
AcDbPolyline
 90
4
 70
1
 10
466.0
 20
-434.0
 10
466.0
 20
-442.0
 10
458.0
 20
-442.0
 10
458.0
 20
-434.0
  0
LWPOLYLINE
  5
29F
330
28A
100
AcDbEntity
  8
LN-ELEVATION-3
  6
ByBlock
100
AcDbPolyline
 90
4
 70
1
 10
482.0
 20
-434.0
 10
482.0
 20
-442.0
 10
474.0
 20
-442.0
 10
474.0
 20
-434.0
  0
LWPOLYLINE
  5
2A0
330
28A
100
AcDbEntity
  8
LN-ELEVATION-3
  6
ByBlock
100
AcDbPolyline
 90
4
 70
1
 10
498.0
 20
-434.0
 10
498.0
 20
-442.0
 10
490.0
 20
-442.0
 10
490.0
 20
-434.0
  0
LWPOLYLINE
  5
2A1
330
28A
100
AcDbEntity
  8
LN-ELEVATION-3
  6
ByBlock
100
AcDbPolyline
 90
4
 70
1
 10
514.0
 20
-434.0
 10
514.0
 20
-442.0
 10
506.0
 20
-442.0
 10
506.0
 20
-434.0
  0
LWPOLYLINE
  5
2A2
330
28A
100
AcDbEntity
  8
LN-ELEVATION-3
  6
ByBlock
100
AcDbPolyline
 90
4
 70
1
 10
530.0
 20
-434.0
 10
530.0
 20
-442.0
 10
522.0
 20
-442.0
 10
522.0
 20
-434.0
  0
LWPOLYLINE
  5
2A3
330
28A
100
AcDbEntity
  8
LN-ELEVATION-3
  6
ByBlock
100
AcDbPolyline
 90
4
 70
1
 10
546.0
 20
-434.0
 10
546.0
 20
-442.0
 10
538.0
 20
-442.0
 10
538.0
 20
-434.0
  0
LWPOLYLINE
  5
2A4
330
28A
100
AcDbEntity
  8
LN-ELEVATION-3
  6
ByBlock
100
AcDbPolyline
 90
4
 70
1
 10
562.0
 20
-434.0
 10
562.0
 20
-442.0
 10
554.0
 20
-442.0
 10
554.0
 20
-434.0
  0
LWPOLYLINE
  5
2A5
330
28A
100
AcDbEntity
  8
LN-ELEVATION-3
  6
ByBlock
100
AcDbPolyline
 90
4
 70
1
 10
578.0
 20
-434.0
 10
578.0
 20
-442.0
 10
570.0
 20
-442.0
 10
570.0
 20
-434.0
  0
LWPOLYLINE
  5
2A6
330
28A
100
AcDbEntity
  8
LN-ELEVATION-3
  6
ByBlock
100
AcDbPolyline
 90
4
 70
1
 10
594.0
 20
-434.0
 10
594.0
 20
-442.0
 10
586.0
 20
-442.0
 10
586.0
 20
-434.0
  0
LWPOLYLINE
  5
2A7
330
28A
100
AcDbEntity
  8
LN-ELEVATION-3
  6
ByBlock
100
AcDbPolyline
 90
4
 70
1
 10
610.0
 20
-434.0
 10
610.0
 20
-442.0
 10
602.0
 20
-442.0
 10
602.0
 20
-434.0
  0
LWPOLYLINE
  5
2A8
330
28A
100
AcDbEntity
  8
LN-ELEVATION-3
  6
ByBlock
100
AcDbPolyline
 90
4
 70
1
 10
626.0
 20
-434.0
 10
626.0
 20
-442.0
 10
618.0
 20
-442.0
 10
618.0
 20
-434.0
  0
LWPOLYLINE
  5
2A9
330
28A
100
AcDbEntity
  8
LN-ELEVATION-3
  6
ByBlock
100
AcDbPolyline
 90
4
 70
1
 10
642.0
 20
-434.0
 10
642.0
 20
-442.0
 10
634.0
 20
-442.0
 10
634.0
 20
-434.0
  0
LWPOLYLINE
  5
2AA
330
28A
100
AcDbEntity
  8
LN-ELEVATION-3
  6
ByBlock
100
AcDbPolyline
 90
4
 70
1
 10
658.0
 20
-434.0
 10
658.0
 20
-442.0
 10
650.0
 20
-442.0
 10
650.0
 20
-434.0
  0
LWPOLYLINE
  5
2AB
330
28A
100
AcDbEntity
  8
LN-ELEVATION-3
  6
ByBlock
100
AcDbPolyline
 90
4
 70
1
 10
674.0
 20
-434.0
 10
674.0
 20
-442.0
 10
666.0
 20
-442.0
 10
666.0
 20
-434.0
  0
LWPOLYLINE
  5
2AC
330
28A
100
AcDbEntity
  8
LN-ELEVATION-3
  6
ByBlock
100
AcDbPolyline
 90
4
 70
1
 10
690.0
 20
-434.0
 10
690.0
 20
-442.0
 10
682.0
 20
-442.0
 10
682.0
 20
-434.0
  0
LWPOLYLINE
  5
2AD
330
28A
100
AcDbEntity
  8
LN-ELEVATION-3
  6
ByBlock
100
AcDbPolyline
 90
4
 70
1
 10
706.0
 20
-434.0
 10
706.0
 20
-442.0
 10
698.0
 20
-442.0
 10
698.0
 20
-434.0
  0
LWPOLYLINE
  5
2AE
330
28A
100
AcDbEntity
  8
LN-ELEVATION-3
  6
ByBlock
100
AcDbPolyline
 90
4
 70
1
 10
722.0
 20
-434.0
 10
722.0
 20
-442.0
 10
714.0
 20
-442.0
 10
714.0
 20
-434.0
  0
LWPOLYLINE
  5
2AF
330
28A
100
AcDbEntity
  8
LN-ELEVATION-3
  6
ByBlock
100
AcDbPolyline
 90
4
 70
1
 10
738.0
 20
-434.0
 10
738.0
 20
-442.0
 10
730.0
 20
-442.0
 10
730.0
 20
-434.0
  0
LWPOLYLINE
  5
2B0
330
28A
100
AcDbEntity
  8
LN-ELEVATION-3
  6
ByBlock
100
AcDbPolyline
 90
4
 70
1
 10
-154.7999999988824
 20
-286.0
 10
-134.7999999988824
 20
-286.0
 10
-134.7999999988824
 20
-406.0
 10
-154.7999999988824
 20
-406.0
  0
LWPOLYLINE
  5
2B1
330
28A
100
AcDbEntity
  8
LN-ELEVATION-3
  6
ByBlock
100
AcDbPolyline
 90
4
 70
1
 10
134.800000000745
 20
-286.0
 10
154.800000000745
 20
-286.0
 10
154.800000000745
 20
-406.0
 10
134.800000000745
 20
-406.0
  0
LWPOLYLINE
  5
2B2
330
28A
100
AcDbEntity
  8
LN-ELEVATION-3
  6
ByBlock
100
AcDbPolyline
 90
4
 70
1
 10
424.4000000003725
 20
-286.0
 10
444.4000000003724
 20
-286.0
 10
444.4000000003724
 20
-406.0
 10
424.4000000003725
 20
-406.0
  0
LWPOLYLINE
  5
2B3
330
28A
100
AcDbEntity
  8
LN-ELEVATION-3
100
AcDbPolyline
 90
2
 70
0
 10
101.0
 20
298.0000000006985
 10
101.0
 20
0.0
  0
LWPOLYLINE
  5
2B4
330
28A
100
AcDbEntity
  8
LN-ELEVATION-3
  6
ByBlock
100
AcDbPolyline
 90
2
 70
0
 10
-676.0
 20
298.0
 10
-676.0
 20
0.0
  0
LWPOLYLINE
  5
2B5
330
28A
100
AcDbEntity
  8
LN-ELEVATION-3
  6
ByBlock
100
AcDbPolyline
 90
4
 70
1
 10
-444.3999999985098
 20
-286.0
 10
-424.3999999985098
 20
-286.0
 10
-424.3999999985098
 20
-406.0
 10
-444.3999999985098
 20
-406.0
  0
LWPOLYLINE
  5
2B6
330
28A
100
AcDbEntity
  8
LN-ELEVATION-3
  6
ByBlock
100
AcDbPolyline
 90
4
 70
1
 10
-742.0
 20
-426.0
 10
-742.0
 20
-434.0
 10
-750.0
 20
-434.0
 10
-750.0
 20
-426.0
  0
LWPOLYLINE
  5
2B7
330
28A
100
AcDbEntity
  8
LN-ELEVATION-3
  6
ByBlock
100
AcDbPolyline
 90
4
 70
1
 10
-742.0
 20
-410.0
 10
-742.0
 20
-418.0
 10
-750.0
 20
-418.0
 10
-750.0
 20
-410.0
  0
LWPOLYLINE
  5
2B8
330
28A
100
AcDbEntity
  8
LN-ELEVATION-3
  6
ByBlock
100
AcDbPolyline
 90
4
 70
1
 10
-742.0
 20
-394.0
 10
-742.0
 20
-402.0
 10
-750.0
 20
-402.0
 10
-750.0
 20
-394.0
  0
LWPOLYLINE
  5
2B9
330
28A
100
AcDbEntity
  8
LN-ELEVATION-3
  6
ByBlock
100
AcDbPolyline
 90
4
 70
1
 10
-742.0
 20
-378.0
 10
-742.0
 20
-386.0
 10
-750.0
 20
-386.0
 10
-750.0
 20
-378.0
  0
LWPOLYLINE
  5
2BA
330
28A
100
AcDbEntity
  8
LN-ELEVATION-3
  6
ByBlock
100
AcDbPolyline
 90
4
 70
1
 10
-742.0
 20
-362.0
 10
-742.0
 20
-370.0
 10
-750.0
 20
-370.0
 10
-750.0
 20
-362.0
  0
LWPOLYLINE
  5
2BB
330
28A
100
AcDbEntity
  8
LN-ELEVATION-3
  6
ByBlock
100
AcDbPolyline
 90
4
 70
1
 10
-742.0
 20
-346.0
 10
-742.0
 20
-354.0
 10
-750.0
 20
-354.0
 10
-750.0
 20
-346.0
  0
LWPOLYLINE
  5
2BC
330
28A
100
AcDbEntity
  8
LN-ELEVATION-3
  6
ByBlock
100
AcDbPolyline
 90
4
 70
1
 10
-742.0
 20
-330.0
 10
-742.0
 20
-338.0
 10
-750.0
 20
-338.0
 10
-750.0
 20
-330.0
  0
LWPOLYLINE
  5
2BD
330
28A
100
AcDbEntity
  8
LN-ELEVATION-3
  6
ByBlock
100
AcDbPolyline
 90
4
 70
1
 10
-742.0
 20
-314.0
 10
-742.0
 20
-322.0
 10
-750.0
 20
-322.0
 10
-750.0
 20
-314.0
  0
LWPOLYLINE
  5
2BE
330
28A
100
AcDbEntity
  8
LN-ELEVATION-3
  6
ByBlock
100
AcDbPolyline
 90
4
 70
1
 10
-742.0
 20
-298.0
 10
-742.0
 20
-306.0
 10
-750.0
 20
-306.0
 10
-750.0
 20
-298.0
  0
LWPOLYLINE
  5
2BF
330
28A
100
AcDbEntity
  8
LN-ELEVATION-3
  6
ByBlock
100
AcDbPolyline
 90
4
 70
1
 10
-742.0
 20
-282.0
 10
-742.0
 20
-290.0
 10
-750.0
 20
-290.0
 10
-750.0
 20
-282.0
  0
LWPOLYLINE
  5
2C0
330
28A
100
AcDbEntity
  8
LN-ELEVATION-3
  6
ByBlock
100
AcDbPolyline
 90
4
 70
1
 10
-742.0
 20
-266.0
 10
-742.0
 20
-274.0
 10
-750.0
 20
-274.0
 10
-750.0
 20
-266.0
  0
LWPOLYLINE
  5
2C1
330
28A
100
AcDbEntity
  8
LN-ELEVATION-3
  6
ByBlock
100
AcDbPolyline
 90
4
 70
1
 10
-742.0
 20
-250.0
 10
-742.0
 20
-258.0
 10
-750.0
 20
-258.0
 10
-750.0
 20
-250.0
  0
LWPOLYLINE
  5
2C2
330
28A
100
AcDbEntity
  8
LN-ELEVATION-3
  6
ByBlock
100
AcDbPolyline
 90
4
 70
1
 10
-742.0
 20
-234.0
 10
-742.0
 20
-242.0
 10
-750.0
 20
-242.0
 10
-750.0
 20
-234.0
  0
LWPOLYLINE
  5
2C3
330
28A
100
AcDbEntity
  8
LN-ELEVATION-3
  6
ByBlock
100
AcDbPolyline
 90
4
 70
1
 10
-742.0
 20
-218.0
 10
-742.0
 20
-226.0
 10
-750.0
 20
-226.0
 10
-750.0
 20
-218.0
  0
LWPOLYLINE
  5
2C4
330
28A
100
AcDbEntity
  8
LN-ELEVATION-3
  6
ByBlock
100
AcDbPolyline
 90
4
 70
1
 10
-742.0
 20
-202.0
 10
-742.0
 20
-210.0
 10
-750.0
 20
-210.0
 10
-750.0
 20
-202.0
  0
LWPOLYLINE
  5
2C5
330
28A
100
AcDbEntity
  8
LN-ELEVATION-3
  6
ByBlock
100
AcDbPolyline
 90
4
 70
1
 10
-742.0
 20
-186.0
 10
-742.0
 20
-194.0
 10
-750.0
 20
-194.0
 10
-750.0
 20
-186.0
  0
LWPOLYLINE
  5
2C6
330
28A
100
AcDbEntity
  8
LN-ELEVATION-3
  6
ByBlock
100
AcDbPolyline
 90
4
 70
1
 10
-742.0
 20
-170.0
 10
-742.0
 20
-178.0
 10
-750.0
 20
-178.0
 10
-750.0
 20
-170.0
  0
LWPOLYLINE
  5
2C7
330
28A
100
AcDbEntity
  8
LN-ELEVATION-3
  6
ByBlock
100
AcDbPolyline
 90
4
 70
1
 10
-742.0
 20
-154.0
 10
-742.0
 20
-162.0
 10
-750.0
 20
-162.0
 10
-750.0
 20
-154.0
  0
LWPOLYLINE
  5
2C8
330
28A
100
AcDbEntity
  8
LN-ELEVATION-3
  6
ByBlock
100
AcDbPolyline
 90
4
 70
1
 10
-742.0
 20
-138.0
 10
-742.0
 20
-146.0
 10
-750.0
 20
-146.0
 10
-750.0
 20
-138.0
  0
LWPOLYLINE
  5
2C9
330
28A
100
AcDbEntity
  8
LN-ELEVATION-3
  6
ByBlock
100
AcDbPolyline
 90
4
 70
1
 10
-742.0
 20
-122.0
 10
-742.0
 20
-130.0
 10
-750.0
 20
-130.0
 10
-750.0
 20
-122.0
  0
LWPOLYLINE
  5
2CA
330
28A
100
AcDbEntity
  8
LN-ELEVATION-3
  6
ByBlock
100
AcDbPolyline
 90
4
 70
1
 10
-742.0
 20
-106.0
 10
-742.0
 20
-114.0
 10
-750.0
 20
-114.0
 10
-750.0
 20
-106.0
  0
LWPOLYLINE
  5
2CB
330
28A
100
AcDbEntity
  8
LN-ELEVATION-3
  6
ByBlock
100
AcDbPolyline
 90
4
 70
1
 10
-742.0
 20
-90.0
 10
-742.0
 20
-98.0
 10
-750.0
 20
-98.0
 10
-750.0
 20
-90.0
  0
LWPOLYLINE
  5
2CC
330
28A
100
AcDbEntity
  8
LN-ELEVATION-3
  6
ByBlock
100
AcDbPolyline
 90
4
 70
1
 10
-742.0
 20
-74.0
 10
-742.0
 20
-82.0
 10
-750.0
 20
-82.0
 10
-750.0
 20
-74.0
  0
LWPOLYLINE
  5
2CD
330
28A
100
AcDbEntity
  8
LN-ELEVATION-3
  6
ByBlock
100
AcDbPolyline
 90
4
 70
1
 10
-742.0
 20
-58.0
 10
-742.0
 20
-66.0
 10
-750.0
 20
-66.0
 10
-750.0
 20
-58.0
  0
LWPOLYLINE
  5
2CE
330
28A
100
AcDbEntity
  8
LN-ELEVATION-3
  6
ByBlock
100
AcDbPolyline
 90
4
 70
1
 10
-742.0
 20
-42.0
 10
-742.0
 20
-50.0
 10
-750.0
 20
-50.0
 10
-750.0
 20
-42.0
  0
LWPOLYLINE
  5
2CF
330
28A
100
AcDbEntity
  8
LN-ELEVATION-3
  6
ByBlock
100
AcDbPolyline
 90
4
 70
1
 10
-742.0
 20
-26.0
 10
-742.0
 20
-34.0
 10
-750.0
 20
-34.0
 10
-750.0
 20
-26.0
  0
LWPOLYLINE
  5
2D0
330
28A
100
AcDbEntity
  8
LN-ELEVATION-3
  6
ByBlock
100
AcDbPolyline
 90
4
 70
1
 10
-742.0
 20
-10.0
 10
-742.0
 20
-18.0
 10
-750.0
 20
-18.0
 10
-750.0
 20
-10.0
  0
LWPOLYLINE
  5
2D1
330
28A
100
AcDbEntity
  8
LN-ELEVATION-3
  6
ByBlock
100
AcDbPolyline
 90
4
 70
1
 10
-742.0
 20
6.0
 10
-742.0
 20
-2.0
 10
-750.0
 20
-2.0
 10
-750.0
 20
6.0
  0
LWPOLYLINE
  5
2D2
330
28A
100
AcDbEntity
  8
LN-ELEVATION-3
  6
ByBlock
100
AcDbPolyline
 90
4
 70
1
 10
-742.0
 20
22.0
 10
-742.0
 20
14.0
 10
-750.0
 20
14.0
 10
-750.0
 20
22.0
  0
LWPOLYLINE
  5
2D3
330
28A
100
AcDbEntity
  8
LN-ELEVATION-3
  6
ByBlock
100
AcDbPolyline
 90
4
 70
1
 10
-742.0
 20
38.0
 10
-742.0
 20
30.0
 10
-750.0
 20
30.0
 10
-750.0
 20
38.0
  0
LWPOLYLINE
  5
2D4
330
28A
100
AcDbEntity
  8
LN-ELEVATION-3
  6
ByBlock
100
AcDbPolyline
 90
4
 70
1
 10
-742.0
 20
54.0
 10
-742.0
 20
46.0
 10
-750.0
 20
46.0
 10
-750.0
 20
54.0
  0
LWPOLYLINE
  5
2D5
330
28A
100
AcDbEntity
  8
LN-ELEVATION-3
  6
ByBlock
100
AcDbPolyline
 90
4
 70
1
 10
-742.0
 20
70.0
 10
-742.0
 20
62.0
 10
-750.0
 20
62.0
 10
-750.0
 20
70.0
  0
LWPOLYLINE
  5
2D6
330
28A
100
AcDbEntity
  8
LN-ELEVATION-3
  6
ByBlock
100
AcDbPolyline
 90
4
 70
1
 10
-742.0
 20
86.0
 10
-742.0
 20
78.0
 10
-750.0
 20
78.0
 10
-750.0
 20
86.0
  0
LWPOLYLINE
  5
2D7
330
28A
100
AcDbEntity
  8
LN-ELEVATION-3
  6
ByBlock
100
AcDbPolyline
 90
4
 70
1
 10
-742.0
 20
102.0
 10
-742.0
 20
94.0
 10
-750.0
 20
94.0
 10
-750.0
 20
102.0
  0
LWPOLYLINE
  5
2D8
330
28A
100
AcDbEntity
  8
LN-ELEVATION-3
  6
ByBlock
100
AcDbPolyline
 90
4
 70
1
 10
-742.0
 20
118.0
 10
-742.0
 20
110.0
 10
-750.0
 20
110.0
 10
-750.0
 20
118.0
  0
LWPOLYLINE
  5
2D9
330
28A
100
AcDbEntity
  8
LN-ELEVATION-3
  6
ByBlock
100
AcDbPolyline
 90
4
 70
1
 10
-742.0
 20
134.0
 10
-742.0
 20
126.0
 10
-750.0
 20
126.0
 10
-750.0
 20
134.0
  0
LWPOLYLINE
  5
2DA
330
28A
100
AcDbEntity
  8
LN-ELEVATION-3
  6
ByBlock
100
AcDbPolyline
 90
4
 70
1
 10
-742.0
 20
150.0
 10
-742.0
 20
142.0
 10
-750.0
 20
142.0
 10
-750.0
 20
150.0
  0
LWPOLYLINE
  5
2DB
330
28A
100
AcDbEntity
  8
LN-ELEVATION-3
  6
ByBlock
100
AcDbPolyline
 90
4
 70
1
 10
-742.0
 20
166.0
 10
-742.0
 20
158.0
 10
-750.0
 20
158.0
 10
-750.0
 20
166.0
  0
LWPOLYLINE
  5
2DC
330
28A
100
AcDbEntity
  8
LN-ELEVATION-3
  6
ByBlock
100
AcDbPolyline
 90
4
 70
1
 10
-742.0
 20
182.0
 10
-742.0
 20
174.0
 10
-750.0
 20
174.0
 10
-750.0
 20
182.0
  0
LWPOLYLINE
  5
2DD
330
28A
100
AcDbEntity
  8
LN-ELEVATION-3
  6
ByBlock
100
AcDbPolyline
 90
4
 70
1
 10
-742.0
 20
198.0
 10
-742.0
 20
190.0
 10
-750.0
 20
190.0
 10
-750.0
 20
198.0
  0
LWPOLYLINE
  5
2DE
330
28A
100
AcDbEntity
  8
LN-ELEVATION-3
  6
ByBlock
100
AcDbPolyline
 90
4
 70
1
 10
-742.0
 20
214.0
 10
-742.0
 20
206.0
 10
-750.0
 20
206.0
 10
-750.0
 20
214.0
  0
LWPOLYLINE
  5
2DF
330
28A
100
AcDbEntity
  8
LN-ELEVATION-3
  6
ByBlock
100
AcDbPolyline
 90
4
 70
1
 10
-741.9999999981374
 20
230.0
 10
-741.9999999981374
 20
222.0
 10
-749.9999999981374
 20
222.0
 10
-749.9999999981374
 20
230.0
  0
LWPOLYLINE
  5
2E0
330
28A
100
AcDbEntity
  8
LN-ELEVATION-3
  6
ByBlock
100
AcDbPolyline
 90
4
 70
1
 10
-741.9999999981374
 20
246.0
 10
-741.9999999981374
 20
238.0
 10
-749.9999999981374
 20
238.0
 10
-749.9999999981374
 20
246.0
  0
LWPOLYLINE
  5
2E1
330
28A
100
AcDbEntity
  8
LN-ELEVATION-3
  6
ByBlock
100
AcDbPolyline
 90
4
 70
1
 10
-741.9999999962747
 20
262.0
 10
-741.9999999962747
 20
254.0
 10
-749.9999999962747
 20
254.0
 10
-749.9999999962747
 20
262.0
  0
LWPOLYLINE
  5
2E2
330
28A
100
AcDbEntity
  8
LN-ELEVATION-3
  6
ByBlock
100
AcDbPolyline
 90
4
 70
1
 10
-741.9999999962747
 20
278.0
 10
-741.9999999962747
 20
270.0
 10
-749.9999999962747
 20
270.0
 10
-749.9999999962747
 20
278.0
  0
LWPOLYLINE
  5
2E3
330
28A
100
AcDbEntity
  8
LN-ELEVATION-3
  6
ByBlock
100
AcDbPolyline
 90
4
 70
1
 10
-741.9999999962747
 20
294.0
 10
-741.9999999962747
 20
286.0
 10
-749.9999999962747
 20
286.0
 10
-749.9999999962747
 20
294.0
  0
LWPOLYLINE
  5
2E4
330
28A
100
AcDbEntity
  8
LN-ELEVATION-3
  6
ByBlock
100
AcDbPolyline
 90
4
 70
1
 10
-734.0
 20
-434.0
 10
-734.0
 20
-442.0
 10
-742.0
 20
-442.0
 10
-742.0
 20
-434.0
  0
LWPOLYLINE
  5
2E5
330
28A
100
AcDbEntity
  8
LN-ELEVATION-3
  6
ByBlock
100
AcDbPolyline
 90
4
 70
1
 10
-718.0
 20
-434.0
 10
-718.0
 20
-442.0
 10
-726.0
 20
-442.0
 10
-726.0
 20
-434.0
  0
LWPOLYLINE
  5
2E6
330
28A
100
AcDbEntity
  8
LN-ELEVATION-3
  6
ByBlock
100
AcDbPolyline
 90
4
 70
1
 10
-702.0
 20
-434.0
 10
-702.0
 20
-442.0
 10
-710.0
 20
-442.0
 10
-710.0
 20
-434.0
  0
LWPOLYLINE
  5
2E7
330
28A
100
AcDbEntity
  8
LN-ELEVATION-3
  6
ByBlock
100
AcDbPolyline
 90
4
 70
1
 10
-686.0
 20
-434.0
 10
-686.0
 20
-442.0
 10
-694.0
 20
-442.0
 10
-694.0
 20
-434.0
  0
LWPOLYLINE
  5
2E8
330
28A
100
AcDbEntity
  8
LN-ELEVATION-3
  6
ByBlock
100
AcDbPolyline
 90
4
 70
1
 10
-670.0
 20
-434.0
 10
-670.0
 20
-442.0
 10
-678.0
 20
-442.0
 10
-678.0
 20
-434.0
  0
LWPOLYLINE
  5
2E9
330
28A
100
AcDbEntity
  8
LN-ELEVATION-3
  6
ByBlock
100
AcDbPolyline
 90
4
 70
1
 10
-654.0
 20
-434.0
 10
-654.0
 20
-442.0
 10
-662.0
 20
-442.0
 10
-662.0
 20
-434.0
  0
LWPOLYLINE
  5
2EA
330
28A
100
AcDbEntity
  8
LN-ELEVATION-3
  6
ByBlock
100
AcDbPolyline
 90
4
 70
1
 10
-638.0
 20
-434.0
 10
-638.0
 20
-442.0
 10
-646.0
 20
-442.0
 10
-646.0
 20
-434.0
  0
LWPOLYLINE
  5
2EB
330
28A
100
AcDbEntity
  8
LN-ELEVATION-3
  6
ByBlock
100
AcDbPolyline
 90
4
 70
1
 10
-622.0
 20
-434.0
 10
-622.0
 20
-442.0
 10
-630.0
 20
-442.0
 10
-630.0
 20
-434.0
  0
LWPOLYLINE
  5
2EC
330
28A
100
AcDbEntity
  8
LN-ELEVATION-3
  6
ByBlock
100
AcDbPolyline
 90
4
 70
1
 10
-606.0
 20
-434.0
 10
-606.0
 20
-442.0
 10
-614.0
 20
-442.0
 10
-614.0
 20
-434.0
  0
LWPOLYLINE
  5
2ED
330
28A
100
AcDbEntity
  8
LN-ELEVATION-3
  6
ByBlock
100
AcDbPolyline
 90
4
 70
1
 10
-590.0
 20
-434.0
 10
-590.0
 20
-442.0
 10
-598.0
 20
-442.0
 10
-598.0
 20
-434.0
  0
LWPOLYLINE
  5
2EE
330
28A
100
AcDbEntity
  8
LN-ELEVATION-3
  6
ByBlock
100
AcDbPolyline
 90
4
 70
1
 10
-574.0
 20
-434.0
 10
-574.0
 20
-442.0
 10
-582.0
 20
-442.0
 10
-582.0
 20
-434.0
  0
LWPOLYLINE
  5
2EF
330
28A
100
AcDbEntity
  8
LN-ELEVATION-3
  6
ByBlock
100
AcDbPolyline
 90
4
 70
1
 10
-558.0
 20
-434.0
 10
-558.0
 20
-442.0
 10
-566.0
 20
-442.0
 10
-566.0
 20
-434.0
  0
LWPOLYLINE
  5
2F0
330
28A
100
AcDbEntity
  8
LN-ELEVATION-3
  6
ByBlock
100
AcDbPolyline
 90
4
 70
1
 10
-542.0
 20
-434.0
 10
-542.0
 20
-442.0
 10
-550.0
 20
-442.0
 10
-550.0
 20
-434.0
  0
LWPOLYLINE
  5
2F1
330
28A
100
AcDbEntity
  8
LN-ELEVATION-3
  6
ByBlock
100
AcDbPolyline
 90
4
 70
1
 10
-526.0
 20
-434.0
 10
-526.0
 20
-442.0
 10
-534.0
 20
-442.0
 10
-534.0
 20
-434.0
  0
LWPOLYLINE
  5
2F2
330
28A
100
AcDbEntity
  8
LN-ELEVATION-3
  6
ByBlock
100
AcDbPolyline
 90
4
 70
1
 10
-510.0
 20
-434.0
 10
-510.0
 20
-442.0
 10
-518.0
 20
-442.0
 10
-518.0
 20
-434.0
  0
LWPOLYLINE
  5
2F3
330
28A
100
AcDbEntity
  8
LN-ELEVATION-3
  6
ByBlock
100
AcDbPolyline
 90
4
 70
1
 10
-494.0
 20
-434.0
 10
-494.0
 20
-442.0
 10
-502.0
 20
-442.0
 10
-502.0
 20
-434.0
  0
LWPOLYLINE
  5
2F4
330
28A
100
AcDbEntity
  8
LN-ELEVATION-3
  6
ByBlock
100
AcDbPolyline
 90
4
 70
1
 10
-478.0
 20
-434.0
 10
-478.0
 20
-442.0
 10
-486.0
 20
-442.0
 10
-486.0
 20
-434.0
  0
LWPOLYLINE
  5
2F5
330
28A
100
AcDbEntity
  8
LN-ELEVATION-3
  6
ByBlock
100
AcDbPolyline
 90
4
 70
1
 10
-462.0
 20
-434.0
 10
-462.0
 20
-442.0
 10
-470.0
 20
-442.0
 10
-470.0
 20
-434.0
  0
LWPOLYLINE
  5
2F6
330
28A
100
AcDbEntity
  8
LN-ELEVATION-3
  6
ByBlock
100
AcDbPolyline
 90
4
 70
1
 10
-446.0
 20
-434.0
 10
-446.0
 20
-442.0
 10
-454.0
 20
-442.0
 10
-454.0
 20
-434.0
  0
LWPOLYLINE
  5
2F7
330
28A
100
AcDbEntity
  8
LN-ELEVATION-3
  6
ByBlock
100
AcDbPolyline
 90
4
 70
1
 10
-430.0
 20
-434.0
 10
-430.0
 20
-442.0
 10
-438.0
 20
-442.0
 10
-438.0
 20
-434.0
  0
LWPOLYLINE
  5
2F8
330
28A
100
AcDbEntity
  8
LN-ELEVATION-3
  6
ByBlock
100
AcDbPolyline
 90
4
 70
1
 10
-414.0
 20
-434.0
 10
-414.0
 20
-442.0
 10
-422.0
 20
-442.0
 10
-422.0
 20
-434.0
  0
LWPOLYLINE
  5
2F9
330
28A
100
AcDbEntity
  8
LN-ELEVATION-3
  6
ByBlock
100
AcDbPolyline
 90
4
 70
1
 10
-398.0
 20
-434.0
 10
-398.0
 20
-442.0
 10
-406.0
 20
-442.0
 10
-406.0
 20
-434.0
  0
LWPOLYLINE
  5
2FA
330
28A
100
AcDbEntity
  8
LN-ELEVATION-3
  6
ByBlock
100
AcDbPolyline
 90
4
 70
1
 10
-382.0
 20
-434.0
 10
-382.0
 20
-442.0
 10
-390.0
 20
-442.0
 10
-390.0
 20
-434.0
  0
LWPOLYLINE
  5
2FB
330
28A
100
AcDbEntity
  8
LN-ELEVATION-3
  6
ByBlock
100
AcDbPolyline
 90
4
 70
1
 10
-366.0
 20
-434.0
 10
-366.0
 20
-442.0
 10
-374.0
 20
-442.0
 10
-374.0
 20
-434.0
  0
LWPOLYLINE
  5
2FC
330
28A
100
AcDbEntity
  8
LN-ELEVATION-3
  6
ByBlock
100
AcDbPolyline
 90
4
 70
1
 10
-350.0
 20
-434.0
 10
-350.0
 20
-442.0
 10
-358.0
 20
-442.0
 10
-358.0
 20
-434.0
  0
LWPOLYLINE
  5
2FD
330
28A
100
AcDbEntity
  8
LN-ELEVATION-3
  6
ByBlock
100
AcDbPolyline
 90
4
 70
1
 10
-334.0
 20
-434.0
 10
-334.0
 20
-442.0
 10
-342.0
 20
-442.0
 10
-342.0
 20
-434.0
  0
LWPOLYLINE
  5
2FE
330
28A
100
AcDbEntity
  8
LN-ELEVATION-3
  6
ByBlock
100
AcDbPolyline
 90
4
 70
1
 10
-318.0
 20
-434.0
 10
-318.0
 20
-442.0
 10
-326.0
 20
-442.0
 10
-326.0
 20
-434.0
  0
LWPOLYLINE
  5
2FF
330
28A
100
AcDbEntity
  8
LN-ELEVATION-3
  6
ByBlock
100
AcDbPolyline
 90
4
 70
1
 10
-302.0
 20
-434.0
 10
-302.0
 20
-442.0
 10
-310.0
 20
-442.0
 10
-310.0
 20
-434.0
  0
LWPOLYLINE
  5
300
330
28A
100
AcDbEntity
  8
LN-ELEVATION-3
  6
ByBlock
100
AcDbPolyline
 90
4
 70
1
 10
-286.0
 20
-434.0
 10
-286.0
 20
-442.0
 10
-294.0
 20
-442.0
 10
-294.0
 20
-434.0
  0
LWPOLYLINE
  5
301
330
28A
100
AcDbEntity
  8
LN-ELEVATION-3
  6
ByBlock
100
AcDbPolyline
 90
4
 70
1
 10
-270.0
 20
-434.0
 10
-270.0
 20
-442.0
 10
-278.0
 20
-442.0
 10
-278.0
 20
-434.0
  0
LWPOLYLINE
  5
302
330
28A
100
AcDbEntity
  8
LN-ELEVATION-3
  6
ByBlock
100
AcDbPolyline
 90
4
 70
1
 10
-254.0
 20
-434.0
 10
-254.0
 20
-442.0
 10
-262.0
 20
-442.0
 10
-262.0
 20
-434.0
  0
LWPOLYLINE
  5
303
330
28A
100
AcDbEntity
  8
LN-ELEVATION-3
  6
ByBlock
100
AcDbPolyline
 90
4
 70
1
 10
-238.0
 20
-434.0
 10
-238.0
 20
-442.0
 10
-246.0
 20
-442.0
 10
-246.0
 20
-434.0
  0
LWPOLYLINE
  5
304
330
28A
100
AcDbEntity
  8
LN-ELEVATION-3
  6
ByBlock
100
AcDbPolyline
 90
4
 70
1
 10
-222.0
 20
-434.0
 10
-222.0
 20
-442.0
 10
-230.0
 20
-442.0
 10
-230.0
 20
-434.0
  0
LWPOLYLINE
  5
305
330
28A
100
AcDbEntity
  8
LN-ELEVATION-3
  6
ByBlock
100
AcDbPolyline
 90
4
 70
1
 10
-206.0
 20
-434.0
 10
-206.0
 20
-442.0
 10
-214.0
 20
-442.0
 10
-214.0
 20
-434.0
  0
LWPOLYLINE
  5
306
330
28A
100
AcDbEntity
  8
LN-ELEVATION-3
  6
ByBlock
100
AcDbPolyline
 90
4
 70
1
 10
-190.0
 20
-434.0
 10
-190.0
 20
-442.0
 10
-198.0
 20
-442.0
 10
-198.0
 20
-434.0
  0
LWPOLYLINE
  5
307
330
28A
100
AcDbEntity
  8
LN-ELEVATION-3
  6
ByBlock
100
AcDbPolyline
 90
4
 70
1
 10
-174.0
 20
-434.0
 10
-174.0
 20
-442.0
 10
-182.0
 20
-442.0
 10
-182.0
 20
-434.0
  0
LWPOLYLINE
  5
308
330
28A
100
AcDbEntity
  8
LN-ELEVATION-3
  6
ByBlock
100
AcDbPolyline
 90
4
 70
1
 10
-158.0
 20
-434.0
 10
-158.0
 20
-442.0
 10
-166.0
 20
-442.0
 10
-166.0
 20
-434.0
  0
LWPOLYLINE
  5
309
330
28A
100
AcDbEntity
  8
LN-ELEVATION-3
  6
ByBlock
100
AcDbPolyline
 90
4
 70
1
 10
-142.0
 20
-434.0
 10
-142.0
 20
-442.0
 10
-150.0
 20
-442.0
 10
-150.0
 20
-434.0
  0
LWPOLYLINE
  5
30A
330
28A
100
AcDbEntity
  8
LN-ELEVATION-3
  6
ByBlock
100
AcDbPolyline
 90
4
 70
1
 10
-126.0
 20
-434.0
 10
-126.0
 20
-442.0
 10
-134.0
 20
-442.0
 10
-134.0
 20
-434.0
  0
LWPOLYLINE
  5
30B
330
28A
100
AcDbEntity
  8
LN-ELEVATION-3
  6
ByBlock
100
AcDbPolyline
 90
4
 70
1
 10
-110.0
 20
-434.0
 10
-110.0
 20
-442.0
 10
-118.0
 20
-442.0
 10
-118.0
 20
-434.0
  0
LWPOLYLINE
  5
30C
330
28A
100
AcDbEntity
  8
LN-ELEVATION-3
  6
ByBlock
100
AcDbPolyline
 90
4
 70
1
 10
-94.0
 20
-434.0
 10
-94.0
 20
-442.0
 10
-102.0
 20
-442.0
 10
-102.0
 20
-434.0
  0
LWPOLYLINE
  5
30D
330
28A
100
AcDbEntity
  8
LN-ELEVATION-3
  6
ByBlock
100
AcDbPolyline
 90
4
 70
1
 10
-78.0
 20
-434.0
 10
-78.0
 20
-442.0
 10
-86.0
 20
-442.0
 10
-86.0
 20
-434.0
  0
LWPOLYLINE
  5
30E
330
28A
100
AcDbEntity
  8
LN-ELEVATION-3
  6
ByBlock
100
AcDbPolyline
 90
4
 70
1
 10
-62.0
 20
-434.0
 10
-62.0
 20
-442.0
 10
-70.0
 20
-442.0
 10
-70.0
 20
-434.0
  0
LWPOLYLINE
  5
30F
330
28A
100
AcDbEntity
  8
LN-ELEVATION-3
  6
ByBlock
100
AcDbPolyline
 90
4
 70
1
 10
-46.0
 20
-434.0
 10
-46.0
 20
-442.0
 10
-54.0
 20
-442.0
 10
-54.0
 20
-434.0
  0
LWPOLYLINE
  5
310
330
28A
100
AcDbEntity
  8
LN-ELEVATION-3
  6
ByBlock
100
AcDbPolyline
 90
4
 70
1
 10
-30.0
 20
-434.0
 10
-30.0
 20
-442.0
 10
-38.0
 20
-442.0
 10
-38.0
 20
-434.0
  0
LWPOLYLINE
  5
311
330
28A
100
AcDbEntity
  8
LN-ELEVATION-3
  6
ByBlock
100
AcDbPolyline
 90
4
 70
1
 10
-14.0
 20
-434.0
 10
-14.0
 20
-442.0
 10
-22.0
 20
-442.0
 10
-22.0
 20
-434.0
  0
LWPOLYLINE
  5
312
330
28A
100
AcDbEntity
  8
LN-ELEVATION-3
  6
ByBlock
100
AcDbPolyline
 90
4
 70
1
 10
2.0
 20
-434.0
 10
2.0
 20
-442.0
 10
-6.0
 20
-442.0
 10
-6.0
 20
-434.0
  0
LWPOLYLINE
  5
313
330
28A
100
AcDbEntity
  8
LN-ELEVATION-3
  6
ByBlock
100
AcDbPolyline
 90
4
 70
1
 10
18.0
 20
-434.0
 10
18.0
 20
-442.0
 10
10.0
 20
-442.0
 10
10.0
 20
-434.0
  0
LWPOLYLINE
  5
314
330
28A
100
AcDbEntity
  8
LN-ELEVATION-3
  6
ByBlock
100
AcDbPolyline
 90
4
 70
1
 10
34.0
 20
-434.0
 10
34.0
 20
-442.0
 10
26.0
 20
-442.0
 10
26.0
 20
-434.0
  0
LWPOLYLINE
  5
315
330
28A
100
AcDbEntity
  8
LN-ELEVATION-3
  6
ByBlock
100
AcDbPolyline
 90
4
 70
1
 10
50.0
 20
-434.0
 10
50.0
 20
-442.0
 10
42.0
 20
-442.0
 10
42.0
 20
-434.0
  0
LWPOLYLINE
  5
316
330
28A
100
AcDbEntity
  8
LN-ELEVATION-3
  6
ByBlock
100
AcDbPolyline
 90
4
 70
1
 10
66.0
 20
-434.0
 10
66.0
 20
-442.0
 10
58.0
 20
-442.0
 10
58.0
 20
-434.0
  0
LWPOLYLINE
  5
317
330
28A
100
AcDbEntity
  8
LN-ELEVATION-3
  6
ByBlock
100
AcDbPolyline
 90
4
 70
1
 10
82.0
 20
-434.0
 10
82.0
 20
-442.0
 10
74.0
 20
-442.0
 10
74.0
 20
-434.0
  0
LWPOLYLINE
  5
318
330
28A
100
AcDbEntity
  8
LN-ELEVATION-3
  6
ByBlock
100
AcDbPolyline
 90
4
 70
1
 10
98.0
 20
-434.0
 10
98.0
 20
-442.0
 10
90.0
 20
-442.0
 10
90.0
 20
-434.0
  0
LWPOLYLINE
  5
319
330
28A
100
AcDbEntity
  8
LN-ELEVATION-3
  6
ByBlock
100
AcDbPolyline
 90
4
 70
1
 10
114.0
 20
-434.0
 10
114.0
 20
-442.0
 10
106.0
 20
-442.0
 10
106.0
 20
-434.0
  0
LWPOLYLINE
  5
31A
330
28A
100
AcDbEntity
  8
LN-ELEVATION-3
  6
ByBlock
100
AcDbPolyline
 90
4
 70
1
 10
130.0
 20
-434.0
 10
130.0
 20
-442.0
 10
122.0
 20
-442.0
 10
122.0
 20
-434.0
  0
LWPOLYLINE
  5
31B
330
28A
100
AcDbEntity
  8
LN-ELEVATION-3
  6
ByBlock
100
AcDbPolyline
 90
4
 70
1
 10
146.0
 20
-434.0
 10
146.0
 20
-442.0
 10
138.0
 20
-442.0
 10
138.0
 20
-434.0
  0
LWPOLYLINE
  5
31C
330
28A
100
AcDbEntity
  8
LN-ELEVATION-3
  6
ByBlock
100
AcDbPolyline
 90
4
 70
1
 10
162.0
 20
-434.0
 10
162.0
 20
-442.0
 10
154.0
 20
-442.0
 10
154.0
 20
-434.0
  0
LWPOLYLINE
  5
31D
330
28A
100
AcDbEntity
  8
LN-ELEVATION-3
  6
ByBlock
100
AcDbPolyline
 90
4
 70
1
 10
178.0
 20
-434.0
 10
178.0
 20
-442.0
 10
170.0
 20
-442.0
 10
170.0
 20
-434.0
  0
LWPOLYLINE
  5
31E
330
28A
100
AcDbEntity
  8
LN-ELEVATION-3
  6
ByBlock
100
AcDbPolyline
 90
4
 70
1
 10
194.0
 20
-434.0
 10
194.0
 20
-442.0
 10
186.0
 20
-442.0
 10
186.0
 20
-434.0
  0
LWPOLYLINE
  5
31F
330
28A
100
AcDbEntity
  8
LN-ELEVATION-3
  6
ByBlock
100
AcDbPolyline
 90
4
 70
1
 10
210.0
 20
-434.0
 10
210.0
 20
-442.0
 10
202.0
 20
-442.0
 10
202.0
 20
-434.0
  0
LWPOLYLINE
  5
320
330
28A
100
AcDbEntity
  8
LN-ELEVATION-3
  6
ByBlock
100
AcDbPolyline
 90
4
 70
1
 10
226.0
 20
-434.0
 10
226.0
 20
-442.0
 10
218.0
 20
-442.0
 10
218.0
 20
-434.0
  0
LWPOLYLINE
  5
321
330
28A
100
AcDbEntity
  8
LN-ELEVATION-3
  6
ByBlock
100
AcDbPolyline
 90
4
 70
1
 10
242.0
 20
-434.0
 10
242.0
 20
-442.0
 10
234.0
 20
-442.0
 10
234.0
 20
-434.0
  0
LWPOLYLINE
  5
322
330
28A
100
AcDbEntity
  8
LN-ELEVATION-3
  6
ByBlock
100
AcDbPolyline
 90
4
 70
1
 10
258.0
 20
-434.0
 10
258.0
 20
-442.0
 10
250.0
 20
-442.0
 10
250.0
 20
-434.0
  0
LWPOLYLINE
  5
323
330
28A
100
AcDbEntity
  8
LN-ELEVATION-3
  6
ByBlock
100
AcDbPolyline
 90
4
 70
1
 10
274.0
 20
-434.0
 10
274.0
 20
-442.0
 10
266.0
 20
-442.0
 10
266.0
 20
-434.0
  0
LWPOLYLINE
  5
324
330
28A
100
AcDbEntity
  8
LN-ELEVATION-3
  6
ByBlock
100
AcDbPolyline
 90
4
 70
1
 10
290.0
 20
-434.0
 10
290.0
 20
-442.0
 10
282.0
 20
-442.0
 10
282.0
 20
-434.0
  0
LWPOLYLINE
  5
325
330
28A
100
AcDbEntity
  8
LN-ELEVATION-3
  6
ByBlock
100
AcDbPolyline
 90
4
 70
1
 10
306.0
 20
-434.0
 10
306.0
 20
-442.0
 10
298.0
 20
-442.0
 10
298.0
 20
-434.0
  0
LWPOLYLINE
  5
326
330
28A
100
AcDbEntity
  8
LN-ELEVATION-3
  6
ByBlock
100
AcDbPolyline
 90
4
 70
1
 10
322.0
 20
-434.0
 10
322.0
 20
-442.0
 10
314.0
 20
-442.0
 10
314.0
 20
-434.0
  0
LWPOLYLINE
  5
327
330
28A
100
AcDbEntity
  8
LN-ELEVATION-3
  6
ByBlock
100
AcDbPolyline
 90
4
 70
1
 10
338.0
 20
-434.0
 10
338.0
 20
-442.0
 10
330.0
 20
-442.0
 10
330.0
 20
-434.0
  0
LWPOLYLINE
  5
328
330
28A
100
AcDbEntity
  8
LN-ELEVATION-3
  6
ByBlock
100
AcDbPolyline
 90
4
 70
1
 10
354.0
 20
-434.0
 10
354.0
 20
-442.0
 10
346.0
 20
-442.0
 10
346.0
 20
-434.0
  0
LWPOLYLINE
  5
329
330
28A
100
AcDbEntity
  8
LN-ELEVATION-3
  6
ByBlock
100
AcDbPolyline
 90
4
 70
1
 10
370.0
 20
-434.0
 10
370.0
 20
-442.0
 10
362.0
 20
-442.0
 10
362.0
 20
-434.0
  0
LWPOLYLINE
  5
32A
330
28A
100
AcDbEntity
  8
LN-ELEVATION-3
  6
ByBlock
100
AcDbPolyline
 90
4
 70
1
 10
386.0
 20
-434.0
 10
386.0
 20
-442.0
 10
378.0
 20
-442.0
 10
378.0
 20
-434.0
  0
LWPOLYLINE
  5
32B
330
28A
100
AcDbEntity
  8
LN-ELEVATION-3
  6
ByBlock
100
AcDbPolyline
 90
4
 70
1
 10
402.0
 20
-434.0
 10
402.0
 20
-442.0
 10
394.0
 20
-442.0
 10
394.0
 20
-434.0
  0
LWPOLYLINE
  5
32C
330
28A
100
AcDbEntity
  8
LN-ELEVATION-3
  6
ByBlock
100
AcDbPolyline
 90
4
 70
1
 10
418.0
 20
-434.0
 10
418.0
 20
-442.0
 10
410.0
 20
-442.0
 10
410.0
 20
-434.0
  0
LWPOLYLINE
  5
32D
330
28A
100
AcDbEntity
  8
LN-ELEVATION-3
  6
ByBlock
100
AcDbPolyline
 90
4
 70
1
 10
742.0
 20
-426.0
 10
742.0
 20
-434.0
 10
750.0
 20
-434.0
 10
750.0
 20
-426.0
  0
LWPOLYLINE
  5
32E
330
28A
100
AcDbEntity
  8
LN-ELEVATION-3
  6
ByBlock
100
AcDbPolyline
 90
4
 70
1
 10
742.0
 20
-410.0
 10
742.0
 20
-418.0
 10
750.0
 20
-418.0
 10
750.0
 20
-410.0
  0
LWPOLYLINE
  5
32F
330
28A
100
AcDbEntity
  8
LN-ELEVATION-3
  6
ByBlock
100
AcDbPolyline
 90
4
 70
1
 10
742.0
 20
-394.0
 10
742.0
 20
-402.0
 10
750.0
 20
-402.0
 10
750.0
 20
-394.0
  0
LWPOLYLINE
  5
330
330
28A
100
AcDbEntity
  8
LN-ELEVATION-3
  6
ByBlock
100
AcDbPolyline
 90
4
 70
1
 10
742.0
 20
-378.0
 10
742.0
 20
-386.0
 10
750.0
 20
-386.0
 10
750.0
 20
-378.0
  0
LWPOLYLINE
  5
331
330
28A
100
AcDbEntity
  8
LN-ELEVATION-3
  6
ByBlock
100
AcDbPolyline
 90
4
 70
1
 10
742.0
 20
-362.0
 10
742.0
 20
-370.0
 10
750.0
 20
-370.0
 10
750.0
 20
-362.0
  0
LWPOLYLINE
  5
332
330
28A
100
AcDbEntity
  8
LN-ELEVATION-3
  6
ByBlock
100
AcDbPolyline
 90
4
 70
1
 10
742.0
 20
-346.0
 10
742.0
 20
-354.0
 10
750.0
 20
-354.0
 10
750.0
 20
-346.0
  0
LWPOLYLINE
  5
333
330
28A
100
AcDbEntity
  8
LN-ELEVATION-3
  6
ByBlock
100
AcDbPolyline
 90
4
 70
1
 10
742.0
 20
-330.0
 10
742.0
 20
-338.0
 10
750.0
 20
-338.0
 10
750.0
 20
-330.0
  0
LWPOLYLINE
  5
334
330
28A
100
AcDbEntity
  8
LN-ELEVATION-3
  6
ByBlock
100
AcDbPolyline
 90
4
 70
1
 10
742.0
 20
-314.0
 10
742.0
 20
-322.0
 10
750.0
 20
-322.0
 10
750.0
 20
-314.0
  0
LWPOLYLINE
  5
335
330
28A
100
AcDbEntity
  8
LN-ELEVATION-3
  6
ByBlock
100
AcDbPolyline
 90
4
 70
1
 10
742.0
 20
-298.0
 10
742.0
 20
-306.0
 10
750.0
 20
-306.0
 10
750.0
 20
-298.0
  0
LWPOLYLINE
  5
336
330
28A
100
AcDbEntity
  8
LN-ELEVATION-3
  6
ByBlock
100
AcDbPolyline
 90
4
 70
1
 10
742.0
 20
-282.0
 10
742.0
 20
-290.0
 10
750.0
 20
-290.0
 10
750.0
 20
-282.0
  0
LWPOLYLINE
  5
337
330
28A
100
AcDbEntity
  8
LN-ELEVATION-3
  6
ByBlock
100
AcDbPolyline
 90
4
 70
1
 10
742.0
 20
-266.0
 10
742.0
 20
-274.0
 10
750.0
 20
-274.0
 10
750.0
 20
-266.0
  0
LWPOLYLINE
  5
338
330
28A
100
AcDbEntity
  8
LN-ELEVATION-3
  6
ByBlock
100
AcDbPolyline
 90
4
 70
1
 10
742.0
 20
-250.0
 10
742.0
 20
-258.0
 10
750.0
 20
-258.0
 10
750.0
 20
-250.0
  0
LWPOLYLINE
  5
339
330
28A
100
AcDbEntity
  8
LN-ELEVATION-3
  6
ByBlock
100
AcDbPolyline
 90
4
 70
1
 10
742.0
 20
-234.0
 10
742.0
 20
-242.0
 10
750.0
 20
-242.0
 10
750.0
 20
-234.0
  0
LWPOLYLINE
  5
33A
330
28A
100
AcDbEntity
  8
LN-ELEVATION-3
  6
ByBlock
100
AcDbPolyline
 90
4
 70
1
 10
742.0
 20
-218.0
 10
742.0
 20
-226.0
 10
750.0
 20
-226.0
 10
750.0
 20
-218.0
  0
LWPOLYLINE
  5
33B
330
28A
100
AcDbEntity
  8
LN-ELEVATION-3
  6
ByBlock
100
AcDbPolyline
 90
4
 70
1
 10
742.0
 20
-202.0
 10
742.0
 20
-210.0
 10
750.0
 20
-210.0
 10
750.0
 20
-202.0
  0
LWPOLYLINE
  5
33C
330
28A
100
AcDbEntity
  8
LN-ELEVATION-3
  6
ByBlock
100
AcDbPolyline
 90
4
 70
1
 10
742.0
 20
-186.0
 10
742.0
 20
-194.0
 10
750.0
 20
-194.0
 10
750.0
 20
-186.0
  0
LWPOLYLINE
  5
33D
330
28A
100
AcDbEntity
  8
LN-ELEVATION-3
  6
ByBlock
100
AcDbPolyline
 90
4
 70
1
 10
742.0
 20
-170.0
 10
742.0
 20
-178.0
 10
750.0
 20
-178.0
 10
750.0
 20
-170.0
  0
LWPOLYLINE
  5
33E
330
28A
100
AcDbEntity
  8
LN-ELEVATION-3
  6
ByBlock
100
AcDbPolyline
 90
4
 70
1
 10
742.0
 20
-154.0
 10
742.0
 20
-162.0
 10
750.0
 20
-162.0
 10
750.0
 20
-154.0
  0
LWPOLYLINE
  5
33F
330
28A
100
AcDbEntity
  8
LN-ELEVATION-3
  6
ByBlock
100
AcDbPolyline
 90
4
 70
1
 10
742.0
 20
-138.0
 10
742.0
 20
-146.0
 10
750.0
 20
-146.0
 10
750.0
 20
-138.0
  0
LWPOLYLINE
  5
340
330
28A
100
AcDbEntity
  8
LN-ELEVATION-3
  6
ByBlock
100
AcDbPolyline
 90
4
 70
1
 10
742.0
 20
-122.0
 10
742.0
 20
-130.0
 10
750.0
 20
-130.0
 10
750.0
 20
-122.0
  0
LWPOLYLINE
  5
341
330
28A
100
AcDbEntity
  8
LN-ELEVATION-3
  6
ByBlock
100
AcDbPolyline
 90
4
 70
1
 10
742.0
 20
-106.0
 10
742.0
 20
-114.0
 10
750.0
 20
-114.0
 10
750.0
 20
-106.0
  0
LWPOLYLINE
  5
342
330
28A
100
AcDbEntity
  8
LN-ELEVATION-3
  6
ByBlock
100
AcDbPolyline
 90
4
 70
1
 10
742.0
 20
-90.0
 10
742.0
 20
-98.0
 10
750.0
 20
-98.0
 10
750.0
 20
-90.0
  0
LWPOLYLINE
  5
343
330
28A
100
AcDbEntity
  8
LN-ELEVATION-3
  6
ByBlock
100
AcDbPolyline
 90
4
 70
1
 10
742.0
 20
-74.0
 10
742.0
 20
-82.0
 10
750.0
 20
-82.0
 10
750.0
 20
-74.0
  0
LWPOLYLINE
  5
344
330
28A
100
AcDbEntity
  8
LN-ELEVATION-3
  6
ByBlock
100
AcDbPolyline
 90
4
 70
1
 10
742.0
 20
-58.0
 10
742.0
 20
-66.0
 10
750.0
 20
-66.0
 10
750.0
 20
-58.0
  0
LWPOLYLINE
  5
345
330
28A
100
AcDbEntity
  8
LN-ELEVATION-3
  6
ByBlock
100
AcDbPolyline
 90
4
 70
1
 10
742.0
 20
-42.0
 10
742.0
 20
-50.0
 10
750.0
 20
-50.0
 10
750.0
 20
-42.0
  0
LWPOLYLINE
  5
346
330
28A
100
AcDbEntity
  8
LN-ELEVATION-3
  6
ByBlock
100
AcDbPolyline
 90
4
 70
1
 10
742.0
 20
-26.0
 10
742.0
 20
-34.0
 10
750.0
 20
-34.0
 10
750.0
 20
-26.0
  0
LWPOLYLINE
  5
347
330
28A
100
AcDbEntity
  8
LN-ELEVATION-3
  6
ByBlock
100
AcDbPolyline
 90
4
 70
1
 10
742.0
 20
-10.0
 10
742.0
 20
-18.0
 10
750.0
 20
-18.0
 10
750.0
 20
-10.0
  0
LWPOLYLINE
  5
348
330
28A
100
AcDbEntity
  8
LN-ELEVATION-3
  6
ByBlock
100
AcDbPolyline
 90
4
 70
1
 10
742.0
 20
6.0
 10
742.0
 20
-2.0
 10
750.0
 20
-2.0
 10
750.0
 20
6.0
  0
LWPOLYLINE
  5
349
330
28A
100
AcDbEntity
  8
LN-ELEVATION-3
  6
ByBlock
100
AcDbPolyline
 90
4
 70
1
 10
742.0
 20
22.0
 10
742.0
 20
14.0
 10
750.0
 20
14.0
 10
750.0
 20
22.0
  0
LWPOLYLINE
  5
34A
330
28A
100
AcDbEntity
  8
LN-ELEVATION-3
  6
ByBlock
100
AcDbPolyline
 90
4
 70
1
 10
742.0
 20
38.0
 10
742.0
 20
30.0
 10
750.0
 20
30.0
 10
750.0
 20
38.0
  0
LWPOLYLINE
  5
34B
330
28A
100
AcDbEntity
  8
LN-ELEVATION-3
  6
ByBlock
100
AcDbPolyline
 90
4
 70
1
 10
742.0
 20
54.0
 10
742.0
 20
46.0
 10
750.0
 20
46.0
 10
750.0
 20
54.0
  0
LWPOLYLINE
  5
34C
330
28A
100
AcDbEntity
  8
LN-ELEVATION-3
  6
ByBlock
100
AcDbPolyline
 90
4
 70
1
 10
742.0
 20
70.0
 10
742.0
 20
62.0
 10
750.0
 20
62.0
 10
750.0
 20
70.0
  0
LWPOLYLINE
  5
34D
330
28A
100
AcDbEntity
  8
LN-ELEVATION-3
  6
ByBlock
100
AcDbPolyline
 90
4
 70
1
 10
742.0
 20
86.0
 10
742.0
 20
78.0
 10
750.0
 20
78.0
 10
750.0
 20
86.0
  0
LWPOLYLINE
  5
34E
330
28A
100
AcDbEntity
  8
LN-ELEVATION-3
  6
ByBlock
100
AcDbPolyline
 90
4
 70
1
 10
742.0
 20
102.0
 10
742.0
 20
94.0
 10
750.0
 20
94.0
 10
750.0
 20
102.0
  0
LWPOLYLINE
  5
34F
330
28A
100
AcDbEntity
  8
LN-ELEVATION-3
  6
ByBlock
100
AcDbPolyline
 90
4
 70
1
 10
742.0
 20
118.0
 10
742.0
 20
110.0
 10
750.0
 20
110.0
 10
750.0
 20
118.0
  0
LWPOLYLINE
  5
350
330
28A
100
AcDbEntity
  8
LN-ELEVATION-3
  6
ByBlock
100
AcDbPolyline
 90
4
 70
1
 10
742.0
 20
134.0
 10
742.0
 20
126.0
 10
750.0
 20
126.0
 10
750.0
 20
134.0
  0
LWPOLYLINE
  5
351
330
28A
100
AcDbEntity
  8
LN-ELEVATION-3
  6
ByBlock
100
AcDbPolyline
 90
4
 70
1
 10
742.0
 20
150.0
 10
742.0
 20
142.0
 10
750.0
 20
142.0
 10
750.0
 20
150.0
  0
LWPOLYLINE
  5
352
330
28A
100
AcDbEntity
  8
LN-ELEVATION-3
  6
ByBlock
100
AcDbPolyline
 90
4
 70
1
 10
742.0
 20
166.0
 10
742.0
 20
158.0
 10
750.0
 20
158.0
 10
750.0
 20
166.0
  0
LWPOLYLINE
  5
353
330
28A
100
AcDbEntity
  8
LN-ELEVATION-3
  6
ByBlock
100
AcDbPolyline
 90
4
 70
1
 10
742.0
 20
182.0
 10
742.0
 20
174.0
 10
750.0
 20
174.0
 10
750.0
 20
182.0
  0
LWPOLYLINE
  5
354
330
28A
100
AcDbEntity
  8
LN-ELEVATION-3
  6
ByBlock
100
AcDbPolyline
 90
4
 70
1
 10
742.0
 20
198.0
 10
742.0
 20
190.0
 10
750.0
 20
190.0
 10
750.0
 20
198.0
  0
LWPOLYLINE
  5
355
330
28A
100
AcDbEntity
  8
LN-ELEVATION-3
  6
ByBlock
100
AcDbPolyline
 90
4
 70
1
 10
742.0
 20
214.0
 10
742.0
 20
206.0
 10
750.0
 20
206.0
 10
750.0
 20
214.0
  0
LWPOLYLINE
  5
356
330
28A
100
AcDbEntity
  8
LN-ELEVATION-3
  6
ByBlock
100
AcDbPolyline
 90
4
 70
1
 10
742.0
 20
230.0
 10
742.0
 20
222.0
 10
750.0
 20
222.0
 10
750.0
 20
230.0
  0
LWPOLYLINE
  5
357
330
28A
100
AcDbEntity
  8
LN-ELEVATION-3
  6
ByBlock
100
AcDbPolyline
 90
4
 70
1
 10
742.0
 20
246.0
 10
742.0
 20
238.0
 10
750.0
 20
238.0
 10
750.0
 20
246.0
  0
LWPOLYLINE
  5
358
330
28A
100
AcDbEntity
  8
LN-ELEVATION-3
  6
ByBlock
100
AcDbPolyline
 90
4
 70
1
 10
742.0
 20
262.0
 10
742.0
 20
254.0
 10
750.0
 20
254.0
 10
750.0
 20
262.0
  0
LWPOLYLINE
  5
359
330
28A
100
AcDbEntity
  8
LN-ELEVATION-3
  6
ByBlock
100
AcDbPolyline
 90
4
 70
1
 10
742.0
 20
278.0
 10
742.0
 20
270.0
 10
750.0
 20
270.0
 10
750.0
 20
278.0
  0
LWPOLYLINE
  5
35A
330
28A
100
AcDbEntity
  8
LN-ELEVATION-3
  6
ByBlock
100
AcDbPolyline
 90
4
 70
1
 10
742.0
 20
294.0
 10
742.0
 20
286.0
 10
750.0
 20
286.0
 10
750.0
 20
294.0
  0
LWPOLYLINE
  5
35B
330
28A
100
AcDbEntity
  8
LN-ELEVATION-1
100
AcDbPolyline
 90
4
 70
1
 10
-706.0
 20
-260.0
 10
-706.0
 20
-268.0
 10
-714.0
 20
-268.0
 10
-714.0
 20
-260.0
  0
LWPOLYLINE
  5
35C
330
28A
100
AcDbEntity
  8
LN-ELEVATION-1
100
AcDbPolyline
 90
4
 70
1
 10
-706.0
 20
-244.0
 10
-706.0
 20
-252.0
 10
-714.0
 20
-252.0
 10
-714.0
 20
-244.0
  0
LWPOLYLINE
  5
35D
330
28A
100
AcDbEntity
  8
LN-ELEVATION-1
100
AcDbPolyline
 90
4
 70
1
 10
-706.0
 20
-228.0
 10
-706.0
 20
-236.0
 10
-714.0
 20
-236.0
 10
-714.0
 20
-228.0
  0
LWPOLYLINE
  5
35E
330
28A
100
AcDbEntity
  8
LN-ELEVATION-1
100
AcDbPolyline
 90
4
 70
1
 10
-706.0
 20
-212.0
 10
-706.0
 20
-220.0
 10
-714.0
 20
-220.0
 10
-714.0
 20
-212.0
  0
LWPOLYLINE
  5
35F
330
28A
100
AcDbEntity
  8
LN-ELEVATION-1
100
AcDbPolyline
 90
4
 70
1
 10
-706.0
 20
-196.0
 10
-706.0
 20
-204.0
 10
-714.0
 20
-204.0
 10
-714.0
 20
-196.0
  0
LWPOLYLINE
  5
360
330
28A
100
AcDbEntity
  8
LN-ELEVATION-1
100
AcDbPolyline
 90
4
 70
1
 10
-706.0
 20
-180.0
 10
-706.0
 20
-188.0
 10
-714.0
 20
-188.0
 10
-714.0
 20
-180.0
  0
LWPOLYLINE
  5
361
330
28A
100
AcDbEntity
  8
LN-ELEVATION-1
100
AcDbPolyline
 90
4
 70
1
 10
-706.0
 20
-164.0
 10
-706.0
 20
-172.0
 10
-714.0
 20
-172.0
 10
-714.0
 20
-164.0
  0
LWPOLYLINE
  5
362
330
28A
100
AcDbEntity
  8
LN-ELEVATION-1
100
AcDbPolyline
 90
4
 70
1
 10
-706.0
 20
-148.0
 10
-706.0
 20
-156.0
 10
-714.0
 20
-156.0
 10
-714.0
 20
-148.0
  0
LWPOLYLINE
  5
363
330
28A
100
AcDbEntity
  8
LN-ELEVATION-1
100
AcDbPolyline
 90
4
 70
1
 10
-706.0
 20
-132.0
 10
-706.0
 20
-140.0
 10
-714.0
 20
-140.0
 10
-714.0
 20
-132.0
  0
LWPOLYLINE
  5
364
330
28A
100
AcDbEntity
  8
LN-ELEVATION-1
100
AcDbPolyline
 90
4
 70
1
 10
-706.0
 20
-116.0
 10
-706.0
 20
-124.0
 10
-714.0
 20
-124.0
 10
-714.0
 20
-116.0
  0
LWPOLYLINE
  5
365
330
28A
100
AcDbEntity
  8
LN-ELEVATION-1
100
AcDbPolyline
 90
4
 70
1
 10
-706.0
 20
-100.0
 10
-706.0
 20
-108.0
 10
-714.0
 20
-108.0
 10
-714.0
 20
-100.0
  0
LWPOLYLINE
  5
366
330
28A
100
AcDbEntity
  8
LN-ELEVATION-1
100
AcDbPolyline
 90
4
 70
1
 10
-706.0
 20
-84.0
 10
-706.0
 20
-92.0
 10
-714.0
 20
-92.0
 10
-714.0
 20
-84.0
  0
LWPOLYLINE
  5
367
330
28A
100
AcDbEntity
  8
LN-ELEVATION-1
100
AcDbPolyline
 90
4
 70
1
 10
-706.0
 20
-68.0
 10
-706.0
 20
-76.0
 10
-714.0
 20
-76.0
 10
-714.0
 20
-68.0
  0
LWPOLYLINE
  5
368
330
28A
100
AcDbEntity
  8
LN-ELEVATION-1
100
AcDbPolyline
 90
4
 70
1
 10
-706.0
 20
-52.0
 10
-706.0
 20
-60.0
 10
-714.0
 20
-60.0
 10
-714.0
 20
-52.0
  0
LWPOLYLINE
  5
369
330
28A
100
AcDbEntity
  8
LN-ELEVATION-1
100
AcDbPolyline
 90
4
 70
1
 10
-706.0
 20
-36.0
 10
-706.0
 20
-44.0
 10
-714.0
 20
-44.0
 10
-714.0
 20
-36.0
  0
LWPOLYLINE
  5
36A
330
28A
100
AcDbEntity
  8
LN-ELEVATION-3
  6
ByBlock
100
AcDbPolyline
 90
4
 70
0
 10
742.0
 20
298.0
 10
742.0
 20
-434.0
 10
-742.0
 20
-434.0
 10
-741.9999999962747
 20
298.0
  0
LWPOLYLINE
  5
36B
330
28A
100
AcDbEntity
  8
LN-ELEVATION-3
  6
ByBlock
100
AcDbPolyline
 90
4
 70
0
 10
734.0
 20
298.0
 10
734.0
 20
-426.0
 10
-734.0
 20
-426.0
 10
-733.9999999962746
 20
298.0
  0
LWPOLYLINE
  5
36C
330
28A
100
AcDbEntity
  8
LN-ELEVATION-3
  6
ByBlock
100
AcDbPolyline
 90
4
 70
0
 10
732.0
 20
298.0
 10
732.0
 20
-424.0
 10
-732.0
 20
-424.0
 10
-731.9999999962747
 20
298.0
  0
LWPOLYLINE
  5
36D
330
28A
100
AcDbEntity
  8
LN-ELEVATION-3
  6
ByBlock
100
AcDbPolyline
 90
4
 70
0
 10
714.0
 20
298.0
 10
714.0
 20
-406.0
 10
-714.0
 20
-406.0
 10
-713.9999999962746
 20
298.0
  0
LWPOLYLINE
  5
36E
330
28A
100
AcDbEntity
  8
LN-ELEVATION-3
  6
ByBlock
100
AcDbPolyline
 90
4
 70
1
 10
714.0
 20
-268.0
 10
-713.9999999981374
 20
-268.0
 10
-713.9999999981374
 20
-286.0
 10
714.0
 20
-286.0
  0
LWPOLYLINE
  5
36F
330
28A
100
AcDbEntity
  8
LN-ELEVATION-3
  6
ByBlock
100
AcDbPolyline
 90
2
 70
0
 10
-741.9999999962747
 20
298.0
 10
-713.9999999962746
 20
298.0
  0
LWPOLYLINE
  5
370
330
28A
100
AcDbEntity
  8
LN-ELEVATION-1
100
AcDbPolyline
 90
4
 70
0
 10
-697.9999999981374
 20
0.0
 10
-697.9999999981374
 20
-252.0
 10
698.0
 20
-252.0
 10
698.0
 20
0.0
  0
LWPOLYLINE
  5
371
330
28A
100
AcDbEntity
  8
LN-ELEVATION-1
100
AcDbPolyline
 90
4
 70
0
 10
-705.9999999981374
 20
0.0
 10
-705.9999999981374
 20
-260.0
 10
706.0
 20
-260.0
 10
706.0
 20
0.0
  0
LWPOLYLINE
  5
372
330
28A
100
AcDbEntity
  8
LN-ELEVATION-1
100
AcDbPolyline
 90
4
 70
0
 10
-695.9999999981374
 20
0.0
 10
-695.9999999981374
 20
-250.0
 10
696.0
 20
-250.0
 10
696.0
 20
0.0
  0
LWPOLYLINE
  5
373
330
28A
100
AcDbEntity
  8
LN-ELEVATION-3
  6
ByBlock
100
AcDbPolyline
 90
2
 70
0
 10
742.0
 20
298.0
 10
714.0
 20
298.0
  0
LWPOLYLINE
  5
374
330
28A
100
AcDbEntity
  8
LN-ELEVATION-1
100
AcDbPolyline
 90
2
 70
0
 10
-695.9999999981374
 20
0.0
 10
-713.9999999962746
 20
0.0
  0
LWPOLYLINE
  5
375
330
28A
100
AcDbEntity
  8
LN-ELEVATION-1
100
AcDbPolyline
 90
2
 70
0
 10
696.0
 20
0.0
 10
714.0
 20
0.0
  0
LWPOLYLINE
  5
376
330
28A
100
AcDbEntity
  8
LN-ELEVATION-1
100
AcDbPolyline
 90
2
 70
0
 10
-695.9999999981374
 20
0.0
 10
696.0
 20
0.0
  0
LWPOLYLINE
  5
377
330
28A
100
AcDbEntity
  8
LN-ELEVATION-1
100
AcDbPolyline
 90
4
 70
1
 10
-706.0
 20
-20.0
 10
-706.0
 20
-28.0
 10
-714.0
 20
-28.0
 10
-714.0
 20
-20.0
  0
LWPOLYLINE
  5
378
330
28A
100
AcDbEntity
  8
LN-ELEVATION-1
100
AcDbPolyline
 90
4
 70
1
 10
-706.0
 20
-4.0
 10
-706.0
 20
-12.0
 10
-714.0
 20
-12.0
 10
-714.0
 20
-4.0
  0
LWPOLYLINE
  5
379
330
28A
100
AcDbEntity
  8
LN-ELEVATION-1
100
AcDbPolyline
 90
4
 70
1
 10
-690.0000000018626
 20
-260.0
 10
-690.0000000018626
 20
-268.0
 10
-698.0000000018626
 20
-268.0
 10
-698.0000000018626
 20
-260.0
  0
LWPOLYLINE
  5
37A
330
28A
100
AcDbEntity
  8
LN-ELEVATION-1
100
AcDbPolyline
 90
4
 70
1
 10
-674.0000000055879
 20
-260.0
 10
-674.0000000055879
 20
-268.0
 10
-682.0000000055879
 20
-268.0
 10
-682.0000000055879
 20
-260.0
  0
LWPOLYLINE
  5
37B
330
28A
100
AcDbEntity
  8
LN-ELEVATION-1
100
AcDbPolyline
 90
4
 70
1
 10
-658.0000000093132
 20
-260.0
 10
-658.0000000093132
 20
-268.0
 10
-666.0000000093132
 20
-268.0
 10
-666.0000000093132
 20
-260.0
  0
LWPOLYLINE
  5
37C
330
28A
100
AcDbEntity
  8
LN-ELEVATION-1
100
AcDbPolyline
 90
4
 70
1
 10
-642.0000000130385
 20
-260.0
 10
-642.0000000130385
 20
-268.0
 10
-650.0000000130385
 20
-268.0
 10
-650.0000000130385
 20
-260.0
  0
LWPOLYLINE
  5
37D
330
28A
100
AcDbEntity
  8
LN-ELEVATION-1
100
AcDbPolyline
 90
4
 70
1
 10
-626.0000000167638
 20
-260.0
 10
-626.0000000167638
 20
-268.0
 10
-634.0000000167638
 20
-268.0
 10
-634.0000000167638
 20
-260.0
  0
LWPOLYLINE
  5
37E
330
28A
100
AcDbEntity
  8
LN-ELEVATION-1
100
AcDbPolyline
 90
4
 70
1
 10
-610.000000020489
 20
-260.0
 10
-610.000000020489
 20
-268.0
 10
-618.000000020489
 20
-268.0
 10
-618.000000020489
 20
-260.0
  0
LWPOLYLINE
  5
37F
330
28A
100
AcDbEntity
  8
LN-ELEVATION-1
100
AcDbPolyline
 90
4
 70
1
 10
-594.0000000242143
 20
-260.0
 10
-594.0000000242143
 20
-268.0
 10
-602.0000000242143
 20
-268.0
 10
-602.0000000242143
 20
-260.0
  0
LWPOLYLINE
  5
380
330
28A
100
AcDbEntity
  8
LN-ELEVATION-1
100
AcDbPolyline
 90
4
 70
1
 10
-578.0000000279397
 20
-260.0
 10
-578.0000000279397
 20
-268.0
 10
-586.0000000279397
 20
-268.0
 10
-586.0000000279397
 20
-260.0
  0
LWPOLYLINE
  5
381
330
28A
100
AcDbEntity
  8
LN-ELEVATION-1
100
AcDbPolyline
 90
4
 70
1
 10
-562.0000000316649
 20
-260.0
 10
-562.0000000316649
 20
-268.0
 10
-570.0000000316649
 20
-268.0
 10
-570.0000000316649
 20
-260.0
  0
LWPOLYLINE
  5
382
330
28A
100
AcDbEntity
  8
LN-ELEVATION-1
100
AcDbPolyline
 90
4
 70
1
 10
-546.0000000353901
 20
-260.0
 10
-546.0000000353901
 20
-268.0
 10
-554.0000000353901
 20
-268.0
 10
-554.0000000353901
 20
-260.0
  0
LWPOLYLINE
  5
383
330
28A
100
AcDbEntity
  8
LN-ELEVATION-1
100
AcDbPolyline
 90
4
 70
1
 10
-530.0000000391155
 20
-260.0
 10
-530.0000000391155
 20
-268.0
 10
-538.0000000391155
 20
-268.0
 10
-538.0000000391155
 20
-260.0
  0
LWPOLYLINE
  5
384
330
28A
100
AcDbEntity
  8
LN-ELEVATION-1
100
AcDbPolyline
 90
4
 70
1
 10
-514.0000000428408
 20
-260.0
 10
-514.0000000428408
 20
-268.0
 10
-522.0000000428408
 20
-268.0
 10
-522.0000000428408
 20
-260.0
  0
LWPOLYLINE
  5
385
330
28A
100
AcDbEntity
  8
LN-ELEVATION-1
100
AcDbPolyline
 90
4
 70
1
 10
-498.0000000465661
 20
-260.0
 10
-498.0000000465661
 20
-268.0
 10
-506.0000000465661
 20
-268.0
 10
-506.0000000465661
 20
-260.0
  0
LWPOLYLINE
  5
386
330
28A
100
AcDbEntity
  8
LN-ELEVATION-1
100
AcDbPolyline
 90
4
 70
1
 10
-482.0000000502914
 20
-260.0
 10
-482.0000000502914
 20
-268.0
 10
-490.0000000502914
 20
-268.0
 10
-490.0000000502914
 20
-260.0
  0
LWPOLYLINE
  5
387
330
28A
100
AcDbEntity
  8
LN-ELEVATION-1
100
AcDbPolyline
 90
4
 70
1
 10
-466.0000000540167
 20
-260.0
 10
-466.0000000540167
 20
-268.0
 10
-474.0000000540167
 20
-268.0
 10
-474.0000000540167
 20
-260.0
  0
LWPOLYLINE
  5
388
330
28A
100
AcDbEntity
  8
LN-ELEVATION-1
100
AcDbPolyline
 90
4
 70
1
 10
-450.0000000577419
 20
-260.0
 10
-450.0000000577419
 20
-268.0
 10
-458.0000000577419
 20
-268.0
 10
-458.0000000577419
 20
-260.0
  0
LWPOLYLINE
  5
389
330
28A
100
AcDbEntity
  8
LN-ELEVATION-1
100
AcDbPolyline
 90
4
 70
1
 10
-434.0000000614672
 20
-260.0
 10
-434.0000000614672
 20
-268.0
 10
-442.0000000614672
 20
-268.0
 10
-442.0000000614672
 20
-260.0
  0
LWPOLYLINE
  5
38A
330
28A
100
AcDbEntity
  8
LN-ELEVATION-1
100
AcDbPolyline
 90
4
 70
1
 10
-418.0000000651926
 20
-260.0
 10
-418.0000000651926
 20
-268.0
 10
-426.0000000651926
 20
-268.0
 10
-426.0000000651926
 20
-260.0
  0
LWPOLYLINE
  5
38B
330
28A
100
AcDbEntity
  8
LN-ELEVATION-1
100
AcDbPolyline
 90
4
 70
1
 10
-402.0000000689178
 20
-260.0
 10
-402.0000000689178
 20
-268.0
 10
-410.0000000689179
 20
-268.0
 10
-410.0000000689179
 20
-260.0
  0
LWPOLYLINE
  5
38C
330
28A
100
AcDbEntity
  8
LN-ELEVATION-1
100
AcDbPolyline
 90
4
 70
1
 10
-386.0000000726432
 20
-260.0
 10
-386.0000000726432
 20
-268.0
 10
-394.0000000726432
 20
-268.0
 10
-394.0000000726432
 20
-260.0
  0
LWPOLYLINE
  5
38D
330
28A
100
AcDbEntity
  8
LN-ELEVATION-1
100
AcDbPolyline
 90
4
 70
1
 10
-370.0000000763684
 20
-260.0
 10
-370.0000000763684
 20
-268.0
 10
-378.0000000763684
 20
-268.0
 10
-378.0000000763684
 20
-260.0
  0
LWPOLYLINE
  5
38E
330
28A
100
AcDbEntity
  8
LN-ELEVATION-1
100
AcDbPolyline
 90
4
 70
1
 10
-354.0000000800938
 20
-260.0
 10
-354.0000000800938
 20
-268.0
 10
-362.0000000800938
 20
-268.0
 10
-362.0000000800938
 20
-260.0
  0
LWPOLYLINE
  5
38F
330
28A
100
AcDbEntity
  8
LN-ELEVATION-1
100
AcDbPolyline
 90
4
 70
1
 10
-338.000000083819
 20
-260.0
 10
-338.000000083819
 20
-268.0
 10
-346.000000083819
 20
-268.0
 10
-346.000000083819
 20
-260.0
  0
LWPOLYLINE
  5
390
330
28A
100
AcDbEntity
  8
LN-ELEVATION-1
100
AcDbPolyline
 90
4
 70
1
 10
-322.0000000875443
 20
-260.0
 10
-322.0000000875443
 20
-268.0
 10
-330.0000000875443
 20
-268.0
 10
-330.0000000875443
 20
-260.0
  0
LWPOLYLINE
  5
391
330
28A
100
AcDbEntity
  8
LN-ELEVATION-1
100
AcDbPolyline
 90
4
 70
1
 10
-306.0000000912696
 20
-260.0
 10
-306.0000000912696
 20
-268.0
 10
-314.0000000912696
 20
-268.0
 10
-314.0000000912696
 20
-260.0
  0
LWPOLYLINE
  5
392
330
28A
100
AcDbEntity
  8
LN-ELEVATION-1
100
AcDbPolyline
 90
4
 70
1
 10
-290.0000000949949
 20
-260.0
 10
-290.0000000949949
 20
-268.0
 10
-298.0000000949949
 20
-268.0
 10
-298.0000000949949
 20
-260.0
  0
LWPOLYLINE
  5
393
330
28A
100
AcDbEntity
  8
LN-ELEVATION-1
100
AcDbPolyline
 90
4
 70
1
 10
-274.0000000987202
 20
-260.0
 10
-274.0000000987202
 20
-268.0
 10
-282.0000000987202
 20
-268.0
 10
-282.0000000987202
 20
-260.0
  0
LWPOLYLINE
  5
394
330
28A
100
AcDbEntity
  8
LN-ELEVATION-1
100
AcDbPolyline
 90
4
 70
1
 10
-258.0000001024455
 20
-260.0
 10
-258.0000001024455
 20
-268.0
 10
-266.0000001024455
 20
-268.0
 10
-266.0000001024455
 20
-260.0
  0
LWPOLYLINE
  5
395
330
28A
100
AcDbEntity
  8
LN-ELEVATION-1
100
AcDbPolyline
 90
4
 70
1
 10
-242.0000001061708
 20
-260.0
 10
-242.0000001061708
 20
-268.0
 10
-250.0000001061708
 20
-268.0
 10
-250.0000001061708
 20
-260.0
  0
LWPOLYLINE
  5
396
330
28A
100
AcDbEntity
  8
LN-ELEVATION-1
100
AcDbPolyline
 90
4
 70
1
 10
-226.0000001098961
 20
-260.0
 10
-226.0000001098961
 20
-268.0
 10
-234.0000001098961
 20
-268.0
 10
-234.0000001098961
 20
-260.0
  0
LWPOLYLINE
  5
397
330
28A
100
AcDbEntity
  8
LN-ELEVATION-1
100
AcDbPolyline
 90
4
 70
1
 10
-210.0000001136213
 20
-260.0
 10
-210.0000001136213
 20
-268.0
 10
-218.0000001136213
 20
-268.0
 10
-218.0000001136213
 20
-260.0
  0
LWPOLYLINE
  5
398
330
28A
100
AcDbEntity
  8
LN-ELEVATION-1
100
AcDbPolyline
 90
4
 70
1
 10
-194.0000001173466
 20
-260.0
 10
-194.0000001173466
 20
-268.0
 10
-202.0000001173467
 20
-268.0
 10
-202.0000001173467
 20
-260.0
  0
LWPOLYLINE
  5
399
330
28A
100
AcDbEntity
  8
LN-ELEVATION-1
100
AcDbPolyline
 90
4
 70
1
 10
-178.0000001210719
 20
-260.0
 10
-178.0000001210719
 20
-268.0
 10
-186.0000001210719
 20
-268.0
 10
-186.0000001210719
 20
-260.0
  0
LWPOLYLINE
  5
39A
330
28A
100
AcDbEntity
  8
LN-ELEVATION-1
100
AcDbPolyline
 90
4
 70
1
 10
-162.0000001247972
 20
-260.0
 10
-162.0000001247972
 20
-268.0
 10
-170.0000001247972
 20
-268.0
 10
-170.0000001247972
 20
-260.0
  0
LWPOLYLINE
  5
39B
330
28A
100
AcDbEntity
  8
LN-ELEVATION-1
100
AcDbPolyline
 90
4
 70
1
 10
-146.0000001285225
 20
-260.0
 10
-146.0000001285225
 20
-268.0
 10
-154.0000001285225
 20
-268.0
 10
-154.0000001285225
 20
-260.0
  0
LWPOLYLINE
  5
39C
330
28A
100
AcDbEntity
  8
LN-ELEVATION-1
100
AcDbPolyline
 90
4
 70
1
 10
-130.0000001322478
 20
-260.0
 10
-130.0000001322478
 20
-268.0
 10
-138.0000001322478
 20
-268.0
 10
-138.0000001322478
 20
-260.0
  0
LWPOLYLINE
  5
39D
330
28A
100
AcDbEntity
  8
LN-ELEVATION-1
100
AcDbPolyline
 90
4
 70
1
 10
-114.0000001359731
 20
-260.0
 10
-114.0000001359731
 20
-268.0
 10
-122.0000001359731
 20
-268.0
 10
-122.0000001359731
 20
-260.0
  0
LWPOLYLINE
  5
39E
330
28A
100
AcDbEntity
  8
LN-ELEVATION-1
100
AcDbPolyline
 90
4
 70
1
 10
-98.00000013969839
 20
-260.0
 10
-98.00000013969839
 20
-268.0
 10
-106.0000001396984
 20
-268.0
 10
-106.0000001396984
 20
-260.0
  0
LWPOLYLINE
  5
39F
330
28A
100
AcDbEntity
  8
LN-ELEVATION-1
100
AcDbPolyline
 90
4
 70
1
 10
-82.00000014342368
 20
-260.0
 10
-82.00000014342368
 20
-268.0
 10
-90.00000014342368
 20
-268.0
 10
-90.00000014342368
 20
-260.0
  0
LWPOLYLINE
  5
3A0
330
28A
100
AcDbEntity
  8
LN-ELEVATION-1
100
AcDbPolyline
 90
4
 70
1
 10
-66.00000014714897
 20
-260.0
 10
-66.00000014714897
 20
-268.0
 10
-74.00000014714897
 20
-268.0
 10
-74.00000014714897
 20
-260.0
  0
LWPOLYLINE
  5
3A1
330
28A
100
AcDbEntity
  8
LN-ELEVATION-1
100
AcDbPolyline
 90
4
 70
1
 10
-50.00000015087426
 20
-260.0
 10
-50.00000015087426
 20
-268.0
 10
-58.00000015087426
 20
-268.0
 10
-58.00000015087426
 20
-260.0
  0
LWPOLYLINE
  5
3A2
330
28A
100
AcDbEntity
  8
LN-ELEVATION-1
100
AcDbPolyline
 90
4
 70
1
 10
-34.00000015459955
 20
-260.0
 10
-34.00000015459955
 20
-268.0
 10
-42.00000015459955
 20
-268.0
 10
-42.00000015459955
 20
-260.0
  0
LWPOLYLINE
  5
3A3
330
28A
100
AcDbEntity
  8
LN-ELEVATION-1
100
AcDbPolyline
 90
4
 70
1
 10
-18.00000015832484
 20
-260.0
 10
-18.00000015832484
 20
-268.0
 10
-26.00000015832484
 20
-268.0
 10
-26.00000015832484
 20
-260.0
  0
LWPOLYLINE
  5
3A4
330
28A
100
AcDbEntity
  8
LN-ELEVATION-1
100
AcDbPolyline
 90
4
 70
1
 10
-2.000000162050127
 20
-260.0
 10
-2.000000162050127
 20
-268.0
 10
-10.00000016205013
 20
-268.0
 10
-10.00000016205013
 20
-260.0
  0
LWPOLYLINE
  5
3A5
330
28A
100
AcDbEntity
  8
LN-ELEVATION-1
100
AcDbPolyline
 90
4
 70
1
 10
13.99999983422458
 20
-260.0
 10
13.99999983422458
 20
-268.0
 10
5.999999834224581
 20
-268.0
 10
5.999999834224581
 20
-260.0
  0
LWPOLYLINE
  5
3A6
330
28A
100
AcDbEntity
  8
LN-ELEVATION-1
100
AcDbPolyline
 90
4
 70
1
 10
29.99999983049929
 20
-260.0
 10
29.99999983049929
 20
-268.0
 10
21.99999983049929
 20
-268.0
 10
21.99999983049929
 20
-260.0
  0
LWPOLYLINE
  5
3A7
330
28A
100
AcDbEntity
  8
LN-ELEVATION-1
100
AcDbPolyline
 90
4
 70
1
 10
45.999999826774
 20
-260.0
 10
45.999999826774
 20
-268.0
 10
37.999999826774
 20
-268.0
 10
37.999999826774
 20
-260.0
  0
LWPOLYLINE
  5
3A8
330
28A
100
AcDbEntity
  8
LN-ELEVATION-1
100
AcDbPolyline
 90
4
 70
1
 10
61.99999982304871
 20
-260.0
 10
61.99999982304871
 20
-268.0
 10
53.99999982304871
 20
-268.0
 10
53.99999982304871
 20
-260.0
  0
LWPOLYLINE
  5
3A9
330
28A
100
AcDbEntity
  8
LN-ELEVATION-1
100
AcDbPolyline
 90
4
 70
1
 10
77.99999981932342
 20
-260.0
 10
77.99999981932342
 20
-268.0
 10
69.99999981932342
 20
-268.0
 10
69.99999981932342
 20
-260.0
  0
LWPOLYLINE
  5
3AA
330
28A
100
AcDbEntity
  8
LN-ELEVATION-1
100
AcDbPolyline
 90
4
 70
1
 10
93.99999981559814
 20
-260.0
 10
93.99999981559814
 20
-268.0
 10
85.99999981559813
 20
-268.0
 10
85.99999981559813
 20
-260.0
  0
LWPOLYLINE
  5
3AB
330
28A
100
AcDbEntity
  8
LN-ELEVATION-1
100
AcDbPolyline
 90
4
 70
1
 10
109.9999998118728
 20
-260.0
 10
109.9999998118728
 20
-268.0
 10
101.9999998118728
 20
-268.0
 10
101.9999998118728
 20
-260.0
  0
LWPOLYLINE
  5
3AC
330
28A
100
AcDbEntity
  8
LN-ELEVATION-1
100
AcDbPolyline
 90
4
 70
1
 10
125.9999998081475
 20
-260.0
 10
125.9999998081475
 20
-268.0
 10
117.9999998081475
 20
-268.0
 10
117.9999998081475
 20
-260.0
  0
LWPOLYLINE
  5
3AD
330
28A
100
AcDbEntity
  8
LN-ELEVATION-1
100
AcDbPolyline
 90
4
 70
1
 10
141.9999998044222
 20
-260.0
 10
141.9999998044222
 20
-268.0
 10
133.9999998044222
 20
-268.0
 10
133.9999998044222
 20
-260.0
  0
LWPOLYLINE
  5
3AE
330
28A
100
AcDbEntity
  8
LN-ELEVATION-1
100
AcDbPolyline
 90
4
 70
1
 10
157.9999998006969
 20
-260.0
 10
157.9999998006969
 20
-268.0
 10
149.999999800697
 20
-268.0
 10
149.999999800697
 20
-260.0
  0
LWPOLYLINE
  5
3AF
330
28A
100
AcDbEntity
  8
LN-ELEVATION-1
100
AcDbPolyline
 90
4
 70
1
 10
173.9999997969716
 20
-260.0
 10
173.9999997969716
 20
-268.0
 10
165.9999997969717
 20
-268.0
 10
165.9999997969717
 20
-260.0
  0
LWPOLYLINE
  5
3B0
330
28A
100
AcDbEntity
  8
LN-ELEVATION-1
100
AcDbPolyline
 90
4
 70
1
 10
189.9999997932464
 20
-260.0
 10
189.9999997932464
 20
-268.0
 10
181.9999997932464
 20
-268.0
 10
181.9999997932464
 20
-260.0
  0
LWPOLYLINE
  5
3B1
330
28A
100
AcDbEntity
  8
LN-ELEVATION-1
100
AcDbPolyline
 90
4
 70
1
 10
205.9999997895211
 20
-260.0
 10
205.9999997895211
 20
-268.0
 10
197.9999997895211
 20
-268.0
 10
197.9999997895211
 20
-260.0
  0
LWPOLYLINE
  5
3B2
330
28A
100
AcDbEntity
  8
LN-ELEVATION-1
100
AcDbPolyline
 90
4
 70
1
 10
221.9999997857958
 20
-260.0
 10
221.9999997857958
 20
-268.0
 10
213.9999997857958
 20
-268.0
 10
213.9999997857958
 20
-260.0
  0
LWPOLYLINE
  5
3B3
330
28A
100
AcDbEntity
  8
LN-ELEVATION-1
100
AcDbPolyline
 90
4
 70
1
 10
237.9999997820705
 20
-260.0
 10
237.9999997820705
 20
-268.0
 10
229.9999997820705
 20
-268.0
 10
229.9999997820705
 20
-260.0
  0
LWPOLYLINE
  5
3B4
330
28A
100
AcDbEntity
  8
LN-ELEVATION-1
100
AcDbPolyline
 90
4
 70
1
 10
253.9999997783452
 20
-260.0
 10
253.9999997783452
 20
-268.0
 10
245.9999997783452
 20
-268.0
 10
245.9999997783452
 20
-260.0
  0
LWPOLYLINE
  5
3B5
330
28A
100
AcDbEntity
  8
LN-ELEVATION-1
100
AcDbPolyline
 90
4
 70
1
 10
269.9999997746199
 20
-260.0
 10
269.9999997746199
 20
-268.0
 10
261.9999997746199
 20
-268.0
 10
261.9999997746199
 20
-260.0
  0
LWPOLYLINE
  5
3B6
330
28A
100
AcDbEntity
  8
LN-ELEVATION-1
100
AcDbPolyline
 90
4
 70
1
 10
285.9999997708946
 20
-260.0
 10
285.9999997708946
 20
-268.0
 10
277.9999997708947
 20
-268.0
 10
277.9999997708947
 20
-260.0
  0
LWPOLYLINE
  5
3B7
330
28A
100
AcDbEntity
  8
LN-ELEVATION-1
100
AcDbPolyline
 90
4
 70
1
 10
301.9999997671694
 20
-260.0
 10
301.9999997671694
 20
-268.0
 10
293.9999997671693
 20
-268.0
 10
293.9999997671693
 20
-260.0
  0
LWPOLYLINE
  5
3B8
330
28A
100
AcDbEntity
  8
LN-ELEVATION-1
100
AcDbPolyline
 90
4
 70
1
 10
317.9999997634441
 20
-260.0
 10
317.9999997634441
 20
-268.0
 10
309.9999997634441
 20
-268.0
 10
309.9999997634441
 20
-260.0
  0
LWPOLYLINE
  5
3B9
330
28A
100
AcDbEntity
  8
LN-ELEVATION-1
100
AcDbPolyline
 90
4
 70
1
 10
333.9999997597188
 20
-260.0
 10
333.9999997597188
 20
-268.0
 10
325.9999997597188
 20
-268.0
 10
325.9999997597188
 20
-260.0
  0
LWPOLYLINE
  5
3BA
330
28A
100
AcDbEntity
  8
LN-ELEVATION-1
100
AcDbPolyline
 90
4
 70
1
 10
349.9999997559935
 20
-260.0
 10
349.9999997559935
 20
-268.0
 10
341.9999997559935
 20
-268.0
 10
341.9999997559935
 20
-260.0
  0
LWPOLYLINE
  5
3BB
330
28A
100
AcDbEntity
  8
LN-ELEVATION-1
100
AcDbPolyline
 90
4
 70
1
 10
365.9999997522682
 20
-260.0
 10
365.9999997522682
 20
-268.0
 10
357.9999997522682
 20
-268.0
 10
357.9999997522682
 20
-260.0
  0
LWPOLYLINE
  5
3BC
330
28A
100
AcDbEntity
  8
LN-ELEVATION-1
100
AcDbPolyline
 90
4
 70
1
 10
381.9999997485429
 20
-260.0
 10
381.9999997485429
 20
-268.0
 10
373.9999997485429
 20
-268.0
 10
373.9999997485429
 20
-260.0
  0
LWPOLYLINE
  5
3BD
330
28A
100
AcDbEntity
  8
LN-ELEVATION-1
100
AcDbPolyline
 90
4
 70
1
 10
397.9999997448176
 20
-260.0
 10
397.9999997448176
 20
-268.0
 10
389.9999997448176
 20
-268.0
 10
389.9999997448176
 20
-260.0
  0
LWPOLYLINE
  5
3BE
330
28A
100
AcDbEntity
  8
LN-ELEVATION-1
100
AcDbPolyline
 90
4
 70
1
 10
413.9999997410923
 20
-260.0
 10
413.9999997410923
 20
-268.0
 10
405.9999997410923
 20
-268.0
 10
405.9999997410923
 20
-260.0
  0
LWPOLYLINE
  5
3BF
330
28A
100
AcDbEntity
  8
LN-ELEVATION-1
100
AcDbPolyline
 90
4
 70
1
 10
429.999999737367
 20
-260.0
 10
429.999999737367
 20
-268.0
 10
421.999999737367
 20
-268.0
 10
421.999999737367
 20
-260.0
  0
LWPOLYLINE
  5
3C0
330
28A
100
AcDbEntity
  8
LN-ELEVATION-1
100
AcDbPolyline
 90
4
 70
1
 10
445.9999997336417
 20
-260.0
 10
445.9999997336417
 20
-268.0
 10
437.9999997336417
 20
-268.0
 10
437.9999997336417
 20
-260.0
  0
LWPOLYLINE
  5
3C1
330
28A
100
AcDbEntity
  8
LN-ELEVATION-1
100
AcDbPolyline
 90
4
 70
1
 10
461.9999997299164
 20
-260.0
 10
461.9999997299164
 20
-268.0
 10
453.9999997299164
 20
-268.0
 10
453.9999997299164
 20
-260.0
  0
LWPOLYLINE
  5
3C2
330
28A
100
AcDbEntity
  8
LN-ELEVATION-1
100
AcDbPolyline
 90
4
 70
1
 10
477.9999997261911
 20
-260.0
 10
477.9999997261911
 20
-268.0
 10
469.9999997261911
 20
-268.0
 10
469.9999997261911
 20
-260.0
  0
LWPOLYLINE
  5
3C3
330
28A
100
AcDbEntity
  8
LN-ELEVATION-1
100
AcDbPolyline
 90
4
 70
1
 10
713.9999996032566
 20
-252.0
 10
713.9999996032566
 20
-260.0
 10
705.9999996032566
 20
-260.0
 10
705.9999996032566
 20
-252.0
  0
LWPOLYLINE
  5
3C4
330
28A
100
AcDbEntity
  8
LN-ELEVATION-1
100
AcDbPolyline
 90
4
 70
1
 10
713.9999996032566
 20
-236.0
 10
713.9999996032566
 20
-244.0
 10
705.9999996032566
 20
-244.0
 10
705.9999996032566
 20
-236.0
  0
LWPOLYLINE
  5
3C5
330
28A
100
AcDbEntity
  8
LN-ELEVATION-1
100
AcDbPolyline
 90
4
 70
1
 10
714.0
 20
-220.0
 10
714.0
 20
-228.0
 10
706.0
 20
-228.0
 10
706.0
 20
-220.0
  0
LWPOLYLINE
  5
3C6
330
28A
100
AcDbEntity
  8
LN-ELEVATION-1
100
AcDbPolyline
 90
4
 70
1
 10
714.0
 20
-204.0
 10
714.0
 20
-212.0
 10
706.0
 20
-212.0
 10
706.0
 20
-204.0
  0
LWPOLYLINE
  5
3C7
330
28A
100
AcDbEntity
  8
LN-ELEVATION-1
100
AcDbPolyline
 90
4
 70
1
 10
713.9999996032566
 20
-188.0
 10
713.9999996032566
 20
-196.0
 10
705.9999996032566
 20
-196.0
 10
705.9999996032566
 20
-188.0
  0
LWPOLYLINE
  5
3C8
330
28A
100
AcDbEntity
  8
LN-ELEVATION-1
100
AcDbPolyline
 90
4
 70
1
 10
714.0
 20
-172.0
 10
714.0
 20
-180.0
 10
706.0
 20
-180.0
 10
706.0
 20
-172.0
  0
LWPOLYLINE
  5
3C9
330
28A
100
AcDbEntity
  8
LN-ELEVATION-1
100
AcDbPolyline
 90
4
 70
1
 10
714.0
 20
-156.0
 10
714.0
 20
-164.0
 10
706.0
 20
-164.0
 10
706.0
 20
-156.0
  0
LWPOLYLINE
  5
3CA
330
28A
100
AcDbEntity
  8
LN-ELEVATION-1
100
AcDbPolyline
 90
4
 70
1
 10
713.9999996032566
 20
-140.0
 10
713.9999996032566
 20
-148.0
 10
705.9999996032566
 20
-148.0
 10
705.9999996032566
 20
-140.0
  0
LWPOLYLINE
  5
3CB
330
28A
100
AcDbEntity
  8
LN-ELEVATION-1
100
AcDbPolyline
 90
4
 70
1
 10
714.0
 20
-124.0
 10
714.0
 20
-132.0
 10
706.0
 20
-132.0
 10
706.0
 20
-124.0
  0
LWPOLYLINE
  5
3CC
330
28A
100
AcDbEntity
  8
LN-ELEVATION-1
100
AcDbPolyline
 90
4
 70
1
 10
714.0
 20
-108.0
 10
714.0
 20
-116.0
 10
706.0
 20
-116.0
 10
706.0
 20
-108.0
  0
LWPOLYLINE
  5
3CD
330
28A
100
AcDbEntity
  8
LN-ELEVATION-1
100
AcDbPolyline
 90
4
 70
1
 10
713.9999996032566
 20
-92.0
 10
713.9999996032566
 20
-100.0
 10
705.9999996032566
 20
-100.0
 10
705.9999996032566
 20
-92.0
  0
LWPOLYLINE
  5
3CE
330
28A
100
AcDbEntity
  8
LN-ELEVATION-1
100
AcDbPolyline
 90
4
 70
1
 10
714.0
 20
-76.0
 10
714.0
 20
-84.0
 10
706.0
 20
-84.0
 10
706.0
 20
-76.0
  0
LWPOLYLINE
  5
3CF
330
28A
100
AcDbEntity
  8
LN-ELEVATION-1
100
AcDbPolyline
 90
4
 70
1
 10
714.0
 20
-60.0
 10
714.0
 20
-68.0
 10
706.0
 20
-68.0
 10
706.0
 20
-60.0
  0
LWPOLYLINE
  5
3D0
330
28A
100
AcDbEntity
  8
LN-ELEVATION-1
100
AcDbPolyline
 90
4
 70
1
 10
713.9999996032566
 20
-44.0
 10
713.9999996032566
 20
-52.0
 10
705.9999996032566
 20
-52.0
 10
705.9999996032566
 20
-44.0
  0
LWPOLYLINE
  5
3D1
330
28A
100
AcDbEntity
  8
LN-ELEVATION-1
100
AcDbPolyline
 90
4
 70
1
 10
714.0
 20
-28.0
 10
714.0
 20
-36.0
 10
706.0
 20
-36.0
 10
706.0
 20
-28.0
  0
LWPOLYLINE
  5
3D2
330
28A
100
AcDbEntity
  8
LN-ELEVATION-1
100
AcDbPolyline
 90
4
 70
1
 10
714.0
 20
-12.0
 10
714.0
 20
-20.0
 10
706.0
 20
-20.0
 10
706.0
 20
-12.0
  0
LWPOLYLINE
  5
3D3
330
28A
100
AcDbEntity
  8
LN-ELEVATION-1
100
AcDbPolyline
 90
4
 70
1
 10
714.0
 20
0.0
 10
714.0
 20
-4.0
 10
706.0
 20
-4.0
 10
706.0
 20
0.0
  0
LWPOLYLINE
  5
3D4
330
28A
100
AcDbEntity
  8
LN-ELEVATION-3
  6
ByBlock
100
AcDbPolyline
 90
2
 70
0
 10
714.0
 20
298.0000000011642
 10
101.0
 20
298.0000000006985
  0
LWPOLYLINE
  5
3D5
330
28A
100
AcDbEntity
  8
LN-ELEVATION-5
100
AcDbPolyline
 90
2
 70
0
 10
-676.0
 20
298.0
 10
101.0
 20
298.0000000006985
  0
LWPOLYLINE
  5
3D6
330
28A
100
AcDbEntity
  8
LN-ELEVATION-3
 62
13
100
AcDbPolyline
 90
4
 70
1
 10
-102.5
 20
19.94398226519115
 10
-472.5
 20
19.94398226519115
 10
-522.5
 20
69.94398226519115
 10
-52.5
 20
69.94398226519115
  0
LWPOLYLINE
  5
3D7
330
28A
100
AcDbEntity
  8
LN-ELEVATION-3
 62
13
100
AcDbPolyline
 90
4
 70
1
 10
-52.5
 20
69.94398226519115
 10
-522.5
 20
69.94398226519115
 10
-522.5
 20
81.94398226519115
 10
-52.5
 20
81.94398226519115
  0
MTEXT
  5
3D8
330
28A
100
AcDbEntity
  8
LN-ELEVATION-3
 62
13
100
AcDbMText
 10
-405.5994535386562
 20
151.776373407105
 30
0.0
 40
50.0
 41
12804.14671268733
 71
1
  1
SCREEN
  0
LWPOLYLINE
  5
3D9
330
28A
100
AcDbEntity
  8
LN-ELEVATION-3
 62
13
100
AcDbPolyline
 90
4
 70
0
 10
101.0
 20
0.0
 10
101.0
 20
-143.0
 10
-676.0
 20
-143.0
 10
-676.0
 20
0.0
  0
CIRCLE
  5
3DA
330
28A
100
AcDbEntity
  8
LN-ELEVATION-3
 62
13
100
AcDbCircle
 10
601.0
 20
-180.0994427369442
 30
0.0
 40
20.0
  0
LINE
  5
3DB
330
28A
100
AcDbEntity
  8
LN-ELEVATION-3
 62
13
100
AcDbLine
 10
-256.5952919460833
 20
-143.0
 30
0.0
 11
-256.5952919460833
 21
-161.0
 31
0.0
  0
LINE
  5
3DC
330
28A
100
AcDbEntity
  8
LN-ELEVATION-3
 62
13
100
AcDbLine
 10
-318.0166578367352
 20
-143.0
 30
0.0
 11
-318.0166578367352
 21
-161.0
 31
0.0
  0
LINE
  5
3DD
330
28A
100
AcDbEntity
  8
LN-ELEVATION-3
 62
13
100
AcDbLine
 10
-316.1554839015007
 20
-143.0
 30
0.0
 11
-316.1554839015007
 21
-161.0
 31
0.0
  0
LINE
  5
3DE
330
28A
100
AcDbEntity
  8
LN-ELEVATION-3
 62
13
100
AcDbLine
 10
-259.0332000274211
 20
-143.0
 30
0.0
 11
-259.0332000274211
 21
-161.0
 31
0.0
  0
LINE
  5
3DF
330
28A
100
AcDbEntity
  8
LN-ELEVATION-3
 62
13
100
AcDbLine
 10
-264.814656207338
 20
-143.0
 30
0.0
 11
-264.814656207338
 21
-161.0
 31
0.0
  0
LINE
  5
3E0
330
28A
100
AcDbEntity
  8
LN-ELEVATION-3
 62
13
100
AcDbLine
 10
-274.5410133339465
 20
-143.0
 30
0.0
 11
-274.5410133339465
 21
-161.0
 31
0.0
  0
LINE
  5
3E1
330
28A
100
AcDbEntity
  8
LN-ELEVATION-3
 62
13
100
AcDbLine
 10
-285.5783984493464
 20
-143.0
 30
0.0
 11
-285.5783984493464
 21
-161.0
 31
0.0
  0
LINE
  5
3E2
330
28A
100
AcDbEntity
  8
LN-ELEVATION-3
 62
13
100
AcDbLine
 10
-297.0096828117966
 20
-143.0
 30
0.0
 11
-297.0096828117966
 21
-161.0
 31
0.0
  0
LINE
  5
3E3
330
28A
100
AcDbEntity
  8
LN-ELEVATION-3
 62
13
100
AcDbLine
 10
-307.9157681781798
 20
-143.0
 30
0.0
 11
-307.9157681781798
 21
-161.0
 31
0.0
  0
LINE
  5
3E4
330
28A
100
AcDbEntity
  8
LN-ELEVATION-3
 62
13
100
AcDbLine
 10
-312.1203143764287
 20
-143.0
 30
0.0
 11
-312.1203143764287
 21
-161.0
 31
0.0
  0
LWPOLYLINE
  5
3E5
330
28A
100
AcDbEntity
  8
LN-ELEVATION-3
 62
13
100
AcDbPolyline
 90
4
 70
1
 10
-255.0
 20
-143.0
 10
-320.0
 20
-143.0
 10
-320.0
 20
-161.0
 10
-255.0
 20
-161.0
  0
LWPOLYLINE
  5
3E6
330
28A
100
AcDbEntity
  8
Defpoints
100
AcDbPolyline
 90
4
 70
1
 10
-749.9999999962783
 20
298.0000000006077
 10
749.9999999999962
 20
298.0000000006077
 10
750.0
 20
-442.0
 10
-749.9999999962747
 20
-442.0
  0
ENDBLK
  5
28C
330
28A
100
AcDbEntity
  8
0
100
AcDbBlockEnd
  0
BLOCK
  5
3E8
330
3E7
100
AcDbEntity
  8
0
100
AcDbBlockBegin
  2
A$Cf47e29e2
 70
0
 10
0.0
 20
0.0
 30
0.0
  3
A$Cf47e29e2
  1

  0
LWPOLYLINE
  5
3EA
330
3E7
100
AcDbEntity
  8
LN-ELEVATION-2
100
AcDbPolyline
 90
4
 70
1
 10
-371.8125
 20
-56.0
 10
-371.8125
 20
984.0
 10
483.1875
 20
984.0
 10
483.1875
 20
-56.0
  0
LWPOLYLINE
  5
3EB
330
3E7
100
AcDbEntity
  8
LN-ELEVATION-1
100
AcDbPolyline
 90
4
 70
1
 10
-341.8125
 20
-6.0
 10
-341.8125
 20
934.0
 10
453.1875
 20
934.0
 10
453.1875
 20
-6.0
  0
LWPOLYLINE
  5
3EC
330
3E7
100
AcDbEntity
  8
LN-ELEVATION-1
100
AcDbPolyline
 90
4
 70
1
 10
70.6875
 20
-6.0
 10
70.6875
 20
934.0
 10
40.6875
 20
934.0
 10
40.6875
 20
-6.0
  0
LWPOLYLINE
  5
3ED
330
3E7
100
AcDbEntity
  8
LN-ELEVATION-1
100
AcDbPolyline
 90
4
 70
1
 10
40.6875
 20
-6.0
 10
40.6875
 20
934.0
 10
-341.8125
 20
934.0
 10
-341.8125
 20
-6.0
  0
LWPOLYLINE
  5
3EE
330
3E7
100
AcDbEntity
  8
LN-ELEVATION-1
100
AcDbPolyline
 90
2
 70
0
 10
-185.4375
 20
0.0
 10
-116.0625
 20
0.0
  0
LWPOLYLINE
  5
3EF
330
3E7
100
AcDbEntity
  8
LN-ELEVATION-1
100
AcDbPolyline
 90
2
 70
0
 10
-110.0625
 20
0.0
 10
-40.6875
 20
0.0
  0
LWPOLYLINE
  5
3F0
330
3E7
100
AcDbEntity
  8
LN-ELEVATION-1
100
AcDbPolyline
 90
3
 70
0
 10
-34.6875
 20
0.0
 10
34.6875
 20
0.0
 10
34.6875
 20
180.7999999970197
  0
LWPOLYLINE
  5
3F1
330
3E7
100
AcDbEntity
  8
LN-ELEVATION-1
100
AcDbPolyline
 90
2
 70
0
 10
34.6875
 20
186.7999999970198
 10
34.6875
 20
367.5999999940395
  0
LWPOLYLINE
  5
3F2
330
3E7
100
AcDbEntity
  8
LN-ELEVATION-1
100
AcDbPolyline
 90
2
 70
0
 10
34.6875
 20
373.5999999940395
 10
34.6875
 20
554.3999999910592
  0
LWPOLYLINE
  5
3F3
330
3E7
100
AcDbEntity
  8
LN-ELEVATION-1
100
AcDbPolyline
 90
2
 70
0
 10
34.6875
 20
560.3999999910593
 10
34.6875
 20
741.1999999880791
  0
LWPOLYLINE
  5
3F4
330
3E7
100
AcDbEntity
  8
LN-ELEVATION-1
100
AcDbPolyline
 90
3
 70
0
 10
34.6875
 20
747.199999988079
 10
34.6875
 20
928.0
 10
-34.6875
 20
928.0
  0
LWPOLYLINE
  5
3F5
330
3E7
100
AcDbEntity
  8
LN-ELEVATION-1
100
AcDbPolyline
 90
2
 70
0
 10
-40.6875
 20
928.0
 10
-110.0625
 20
928.0
  0
LWPOLYLINE
  5
3F6
330
3E7
100
AcDbEntity
  8
LN-ELEVATION-1
100
AcDbPolyline
 90
2
 70
0
 10
-116.0625
 20
928.0
 10
-185.4375
 20
928.0
  0
LWPOLYLINE
  5
3F7
330
3E7
100
AcDbEntity
  8
LN-ELEVATION-1
100
AcDbPolyline
 90
3
 70
0
 10
-191.4375
 20
928.0
 10
-335.8125
 20
928.0
 10
-335.8125
 20
747.199999988079
  0
LWPOLYLINE
  5
3F8
330
3E7
100
AcDbEntity
  8
LN-ELEVATION-1
100
AcDbPolyline
 90
2
 70
0
 10
-335.8125
 20
741.1999999880791
 10
-335.8125
 20
560.3999999910593
  0
LWPOLYLINE
  5
3F9
330
3E7
100
AcDbEntity
  8
LN-ELEVATION-1
100
AcDbPolyline
 90
2
 70
0
 10
-335.8125
 20
554.3999999910592
 10
-335.8125
 20
373.5999999940395
  0
LWPOLYLINE
  5
3FA
330
3E7
100
AcDbEntity
  8
LN-ELEVATION-1
100
AcDbPolyline
 90
2
 70
0
 10
-335.8125
 20
367.5999999940395
 10
-335.8125
 20
186.7999999970198
  0
LWPOLYLINE
  5
3FB
330
3E7
100
AcDbEntity
  8
LN-ELEVATION-1
100
AcDbPolyline
 90
3
 70
0
 10
-335.8125
 20
180.7999999970197
 10
-335.8125
 20
0.0
 10
-191.4375
 20
0.0
  0
LWPOLYLINE
  5
3FC
330
3E7
100
AcDbEntity
  8
LN-ELEVATION-1
100
AcDbPolyline
 90
4
 70
1
 10
40.6875
 20
180.7999999970197
 10
40.6875
 20
186.7999999970198
 10
-341.8125
 20
186.7999999970198
 10
-341.8125
 20
180.7999999970197
  0
LWPOLYLINE
  5
3FD
330
3E7
100
AcDbEntity
  8
LN-ELEVATION-1
100
AcDbPolyline
 90
4
 70
1
 10
40.6875
 20
367.5999999940395
 10
40.6875
 20
373.5999999940395
 10
-341.8125
 20
373.5999999940395
 10
-341.8125
 20
367.5999999940395
  0
LWPOLYLINE
  5
3FE
330
3E7
100
AcDbEntity
  8
LN-ELEVATION-1
100
AcDbPolyline
 90
4
 70
1
 10
40.6875
 20
554.3999999910592
 10
40.6875
 20
560.3999999910593
 10
-341.8125
 20
560.3999999910593
 10
-341.8125
 20
554.3999999910592
  0
LWPOLYLINE
  5
3FF
330
3E7
100
AcDbEntity
  8
LN-ELEVATION-1
100
AcDbPolyline
 90
4
 70
1
 10
40.6875
 20
741.1999999880791
 10
40.6875
 20
747.199999988079
 10
-341.8125
 20
747.199999988079
 10
-341.8125
 20
741.1999999880791
  0
LWPOLYLINE
  5
400
330
3E7
100
AcDbEntity
  8
LN-ELEVATION-1
100
AcDbPolyline
 90
4
 70
1
 10
-34.6875
 20
747.199999988079
 10
-34.6875
 20
934.0
 10
-40.6875
 20
934.0
 10
-40.6875
 20
747.199999988079
  0
LWPOLYLINE
  5
401
330
3E7
100
AcDbEntity
  8
LN-ELEVATION-1
100
AcDbPolyline
 90
4
 70
1
 10
-110.0625
 20
747.199999988079
 10
-110.0625
 20
934.0
 10
-116.0625
 20
934.0
 10
-116.0625
 20
747.199999988079
  0
LWPOLYLINE
  5
402
330
3E7
100
AcDbEntity
  8
LN-ELEVATION-1
100
AcDbPolyline
 90
4
 70
1
 10
-185.4375
 20
747.199999988079
 10
-185.4375
 20
934.0
 10
-191.4375
 20
934.0
 10
-191.4375
 20
747.199999988079
  0
LWPOLYLINE
  5
403
330
3E7
100
AcDbEntity
  8
LN-ELEVATION-1
100
AcDbPolyline
 90
4
 70
1
 10
-34.6875
 20
560.3999999761581
 10
-34.6875
 20
741.1999999880791
 10
-40.6875
 20
741.1999999880791
 10
-40.6875
 20
560.3999999761581
  0
LWPOLYLINE
  5
404
330
3E7
100
AcDbEntity
  8
LN-ELEVATION-1
100
AcDbPolyline
 90
4
 70
1
 10
-110.0625
 20
560.3999999761581
 10
-110.0625
 20
741.1999999880791
 10
-116.0625
 20
741.1999999880791
 10
-116.0625
 20
560.3999999761581
  0
LWPOLYLINE
  5
405
330
3E7
100
AcDbEntity
  8
LN-ELEVATION-1
100
AcDbPolyline
 90
4
 70
1
 10
-185.4375
 20
560.3999999761581
 10
-185.4375
 20
741.1999999880791
 10
-191.4375
 20
741.1999999880791
 10
-191.4375
 20
560.3999999761581
  0
LWPOLYLINE
  5
406
330
3E7
100
AcDbEntity
  8
LN-ELEVATION-1
100
AcDbPolyline
 90
4
 70
1
 10
-34.6875
 20
373.5999999791384
 10
-34.6875
 20
554.3999999910592
 10
-40.6875
 20
554.3999999910592
 10
-40.6875
 20
373.5999999791384
  0
LWPOLYLINE
  5
407
330
3E7
100
AcDbEntity
  8
LN-ELEVATION-1
100
AcDbPolyline
 90
4
 70
1
 10
-110.0625
 20
373.5999999791384
 10
-110.0625
 20
554.3999999910592
 10
-116.0625
 20
554.3999999910592
 10
-116.0625
 20
373.5999999791384
  0
LWPOLYLINE
  5
408
330
3E7
100
AcDbEntity
  8
LN-ELEVATION-1
100
AcDbPolyline
 90
4
 70
1
 10
-185.4375
 20
373.5999999791384
 10
-185.4375
 20
554.3999999910592
 10
-191.4375
 20
554.3999999910592
 10
-191.4375
 20
373.5999999791384
  0
LWPOLYLINE
  5
409
330
3E7
100
AcDbEntity
  8
LN-ELEVATION-1
100
AcDbPolyline
 90
4
 70
1
 10
-34.6875
 20
186.7999999821186
 10
-34.6875
 20
367.5999999940395
 10
-40.6875
 20
367.5999999940395
 10
-40.6875
 20
186.7999999821186
  0
LWPOLYLINE
  5
40A
330
3E7
100
AcDbEntity
  8
LN-ELEVATION-1
100
AcDbPolyline
 90
4
 70
1
 10
-110.0625
 20
186.7999999821186
 10
-110.0625
 20
367.5999999940395
 10
-116.0625
 20
367.5999999940395
 10
-116.0625
 20
186.7999999821186
  0
LWPOLYLINE
  5
40B
330
3E7
100
AcDbEntity
  8
LN-ELEVATION-1
100
AcDbPolyline
 90
4
 70
1
 10
-185.4375
 20
186.7999999821186
 10
-185.4375
 20
367.5999999940395
 10
-191.4375
 20
367.5999999940395
 10
-191.4375
 20
186.7999999821186
  0
LWPOLYLINE
  5
40C
330
3E7
100
AcDbEntity
  8
LN-ELEVATION-1
100
AcDbPolyline
 90
4
 70
1
 10
-34.6875
 20
-6.000000014901161
 10
-34.6875
 20
180.7999999970197
 10
-40.6875
 20
180.7999999970197
 10
-40.6875
 20
-6.000000014901161
  0
LWPOLYLINE
  5
40D
330
3E7
100
AcDbEntity
  8
LN-ELEVATION-1
100
AcDbPolyline
 90
4
 70
1
 10
-110.0625
 20
-6.000000014901161
 10
-110.0625
 20
180.7999999970197
 10
-116.0625
 20
180.7999999970197
 10
-116.0625
 20
-6.000000014901161
  0
LWPOLYLINE
  5
40E
330
3E7
100
AcDbEntity
  8
LN-ELEVATION-1
100
AcDbPolyline
 90
4
 70
1
 10
-185.4375
 20
-6.000000014901161
 10
-185.4375
 20
180.7999999970197
 10
-191.4375
 20
180.7999999970197
 10
-191.4375
 20
-6.000000014901161
  0
LWPOLYLINE
  5
40F
330
3E7
100
AcDbEntity
  8
LN-ELEVATION-2
100
AcDbPolyline
 90
2
 70
0
 10
453.1875
 20
934.0
 10
483.1875
 20
984.0
  0
LWPOLYLINE
  5
410
330
3E7
100
AcDbEntity
  8
LN-ELEVATION-2
100
AcDbPolyline
 90
2
 70
0
 10
-341.8125
 20
934.0
 10
-371.8125
 20
984.0
  0
LWPOLYLINE
  5
411
330
3E7
100
AcDbEntity
  8
LN-ELEVATION-2
100
AcDbPolyline
 90
2
 70
0
 10
453.1875
 20
-6.0
 10
483.1875
 20
-56.0
  0
LWPOLYLINE
  5
412
330
3E7
100
AcDbEntity
  8
LN-ELEVATION-2
100
AcDbPolyline
 90
2
 70
0
 10
-341.8125
 20
-6.0
 10
-371.8125
 20
-56.0
  0
LWPOLYLINE
  5
413
330
3E7
100
AcDbEntity
  8
LN-ELEVATION-3
100
AcDbPolyline
 90
4
 70
1
 10
-433.8124999999999
 20
-36.0
 10
-433.8124999999999
 20
964.0
 10
-451.8125
 20
964.0
 10
-451.8125
 20
-36.0
  0
LWPOLYLINE
  5
414
330
3E7
100
AcDbEntity
  8
LN-ELEVATION-3
100
AcDbPolyline
 90
4
 70
1
 10
-371.8125
 20
934.0
 10
-371.8125
 20
964.0
 10
-433.8124999999999
 20
964.0
 10
-433.8124999999999
 20
934.0
  0
LWPOLYLINE
  5
415
330
3E7
100
AcDbEntity
  8
LN-ELEVATION-3
100
AcDbPolyline
 90
4
 70
1
 10
-371.8125
 20
-36.0
 10
-371.8125
 20
-6.0
 10
-433.8124999999999
 20
-6.0
 10
-433.8124999999999
 20
-36.0
  0
LWPOLYLINE
  5
416
330
3E7
100
AcDbEntity
  8
LN-ELEVATION-4
100
AcDbPolyline
 90
4
 70
1
 10
-513.8125
 20
-36.0
 10
-513.8125
 20
964.0
 10
-531.8125
 20
964.0
 10
-531.8125
 20
-36.0
  0
LWPOLYLINE
  5
417
330
3E7
100
AcDbEntity
  8
LN-ELEVATION-4
100
AcDbPolyline
 90
4
 70
1
 10
-451.8125
 20
934.0
 10
-451.8125
 20
964.0
 10
-513.8125
 20
964.0
 10
-513.8125
 20
934.0
  0
LWPOLYLINE
  5
418
330
3E7
100
AcDbEntity
  8
LN-ELEVATION-4
100
AcDbPolyline
 90
4
 70
1
 10
-451.8125
 20
-36.0
 10
-451.8125
 20
-6.0
 10
-513.8125
 20
-6.0
 10
-513.8125
 20
-36.0
  0
LWPOLYLINE
  5
419
330
3E7
100
AcDbEntity
  8
LN-ELEVATION-1
100
AcDbPolyline
 90
4
 70
1
 10
70.6875
 20
-6.0
 10
70.6875
 20
934.0
 10
453.1875
 20
934.0
 10
453.1875
 20
-6.0
  0
LWPOLYLINE
  5
41A
330
3E7
100
AcDbEntity
  8
LN-ELEVATION-1
100
AcDbPolyline
 90
2
 70
0
 10
296.8125
 20
0.0
 10
227.4375
 20
0.0
  0
LWPOLYLINE
  5
41B
330
3E7
100
AcDbEntity
  8
LN-ELEVATION-1
100
AcDbPolyline
 90
2
 70
0
 10
221.4375
 20
0.0
 10
152.0625
 20
0.0
  0
LWPOLYLINE
  5
41C
330
3E7
100
AcDbEntity
  8
LN-ELEVATION-1
100
AcDbPolyline
 90
3
 70
0
 10
146.0625
 20
0.0
 10
76.6875
 20
0.0
 10
76.6875
 20
180.7999999970197
  0
LWPOLYLINE
  5
41D
330
3E7
100
AcDbEntity
  8
LN-ELEVATION-1
100
AcDbPolyline
 90
2
 70
0
 10
76.6875
 20
186.7999999970198
 10
76.6875
 20
367.5999999940395
  0
LWPOLYLINE
  5
41E
330
3E7
100
AcDbEntity
  8
LN-ELEVATION-1
100
AcDbPolyline
 90
2
 70
0
 10
76.6875
 20
373.5999999940395
 10
76.6875
 20
554.3999999910592
  0
LWPOLYLINE
  5
41F
330
3E7
100
AcDbEntity
  8
LN-ELEVATION-1
100
AcDbPolyline
 90
2
 70
0
 10
76.6875
 20
560.3999999910593
 10
76.6875
 20
741.1999999880791
  0
LWPOLYLINE
  5
420
330
3E7
100
AcDbEntity
  8
LN-ELEVATION-1
100
AcDbPolyline
 90
3
 70
0
 10
76.6875
 20
747.199999988079
 10
76.6875
 20
928.0
 10
146.0625
 20
928.0
  0
LWPOLYLINE
  5
421
330
3E7
100
AcDbEntity
  8
LN-ELEVATION-1
100
AcDbPolyline
 90
2
 70
0
 10
152.0625
 20
928.0
 10
221.4375
 20
928.0
  0
LWPOLYLINE
  5
422
330
3E7
100
AcDbEntity
  8
LN-ELEVATION-1
100
AcDbPolyline
 90
2
 70
0
 10
227.4375
 20
928.0
 10
296.8125
 20
928.0
  0
LWPOLYLINE
  5
423
330
3E7
100
AcDbEntity
  8
LN-ELEVATION-1
100
AcDbPolyline
 90
3
 70
0
 10
302.8125
 20
928.0
 10
447.1874999999999
 20
928.0
 10
447.1874999999999
 20
747.199999988079
  0
LWPOLYLINE
  5
424
330
3E7
100
AcDbEntity
  8
LN-ELEVATION-1
100
AcDbPolyline
 90
2
 70
0
 10
447.1874999999999
 20
741.1999999880791
 10
447.1874999999999
 20
560.3999999910593
  0
LWPOLYLINE
  5
425
330
3E7
100
AcDbEntity
  8
LN-ELEVATION-1
100
AcDbPolyline
 90
2
 70
0
 10
447.1874999999999
 20
554.3999999910592
 10
447.1874999999999
 20
373.5999999940395
  0
LWPOLYLINE
  5
426
330
3E7
100
AcDbEntity
  8
LN-ELEVATION-1
100
AcDbPolyline
 90
2
 70
0
 10
447.1874999999999
 20
367.5999999940395
 10
447.1874999999999
 20
186.7999999970198
  0
LWPOLYLINE
  5
427
330
3E7
100
AcDbEntity
  8
LN-ELEVATION-1
100
AcDbPolyline
 90
3
 70
0
 10
447.1874999999999
 20
180.7999999970197
 10
447.1874999999999
 20
0.0
 10
302.8125
 20
0.0
  0
LWPOLYLINE
  5
428
330
3E7
100
AcDbEntity
  8
LN-ELEVATION-1
100
AcDbPolyline
 90
4
 70
1
 10
70.6875
 20
180.7999999970197
 10
70.6875
 20
186.7999999970198
 10
453.1875
 20
186.7999999970198
 10
453.1875
 20
180.7999999970197
  0
LWPOLYLINE
  5
429
330
3E7
100
AcDbEntity
  8
LN-ELEVATION-1
100
AcDbPolyline
 90
4
 70
1
 10
70.6875
 20
367.5999999940395
 10
70.6875
 20
373.5999999940395
 10
453.1875
 20
373.5999999940395
 10
453.1875
 20
367.5999999940395
  0
LWPOLYLINE
  5
42A
330
3E7
100
AcDbEntity
  8
LN-ELEVATION-1
100
AcDbPolyline
 90
4
 70
1
 10
70.6875
 20
554.3999999910592
 10
70.6875
 20
560.3999999910593
 10
453.1875
 20
560.3999999910593
 10
453.1875
 20
554.3999999910592
  0
LWPOLYLINE
  5
42B
330
3E7
100
AcDbEntity
  8
LN-ELEVATION-1
100
AcDbPolyline
 90
4
 70
1
 10
70.6875
 20
741.1999999880791
 10
70.6875
 20
747.199999988079
 10
453.1875
 20
747.199999988079
 10
453.1875
 20
741.1999999880791
  0
LWPOLYLINE
  5
42C
330
3E7
100
AcDbEntity
  8
LN-ELEVATION-1
100
AcDbPolyline
 90
4
 70
1
 10
146.0625
 20
747.199999988079
 10
146.0625
 20
934.0
 10
152.0625
 20
934.0
 10
152.0625
 20
747.199999988079
  0
LWPOLYLINE
  5
42D
330
3E7
100
AcDbEntity
  8
LN-ELEVATION-1
100
AcDbPolyline
 90
4
 70
1
 10
221.4375
 20
747.199999988079
 10
221.4375
 20
934.0
 10
227.4375
 20
934.0
 10
227.4375
 20
747.199999988079
  0
LWPOLYLINE
  5
42E
330
3E7
100
AcDbEntity
  8
LN-ELEVATION-1
100
AcDbPolyline
 90
4
 70
1
 10
296.8125
 20
747.199999988079
 10
296.8125
 20
934.0
 10
302.8125
 20
934.0
 10
302.8125
 20
747.199999988079
  0
LWPOLYLINE
  5
42F
330
3E7
100
AcDbEntity
  8
LN-ELEVATION-1
100
AcDbPolyline
 90
4
 70
1
 10
146.0625
 20
560.3999999761581
 10
146.0625
 20
741.1999999880791
 10
152.0625
 20
741.1999999880791
 10
152.0625
 20
560.3999999761581
  0
LWPOLYLINE
  5
430
330
3E7
100
AcDbEntity
  8
LN-ELEVATION-1
100
AcDbPolyline
 90
4
 70
1
 10
221.4375
 20
560.3999999761581
 10
221.4375
 20
741.1999999880791
 10
227.4375
 20
741.1999999880791
 10
227.4375
 20
560.3999999761581
  0
LWPOLYLINE
  5
431
330
3E7
100
AcDbEntity
  8
LN-ELEVATION-1
100
AcDbPolyline
 90
4
 70
1
 10
296.8125
 20
560.3999999761581
 10
296.8125
 20
741.1999999880791
 10
302.8125
 20
741.1999999880791
 10
302.8125
 20
560.3999999761581
  0
LWPOLYLINE
  5
432
330
3E7
100
AcDbEntity
  8
LN-ELEVATION-1
100
AcDbPolyline
 90
4
 70
1
 10
146.0625
 20
373.5999999791384
 10
146.0625
 20
554.3999999910592
 10
152.0625
 20
554.3999999910592
 10
152.0625
 20
373.5999999791384
  0
LWPOLYLINE
  5
433
330
3E7
100
AcDbEntity
  8
LN-ELEVATION-1
100
AcDbPolyline
 90
4
 70
1
 10
221.4375
 20
373.5999999791384
 10
221.4375
 20
554.3999999910592
 10
227.4375
 20
554.3999999910592
 10
227.4375
 20
373.5999999791384
  0
LWPOLYLINE
  5
434
330
3E7
100
AcDbEntity
  8
LN-ELEVATION-1
100
AcDbPolyline
 90
4
 70
1
 10
296.8125
 20
373.5999999791384
 10
296.8125
 20
554.3999999910592
 10
302.8125
 20
554.3999999910592
 10
302.8125
 20
373.5999999791384
  0
LWPOLYLINE
  5
435
330
3E7
100
AcDbEntity
  8
LN-ELEVATION-1
100
AcDbPolyline
 90
4
 70
1
 10
146.0625
 20
186.7999999821186
 10
146.0625
 20
367.5999999940395
 10
152.0625
 20
367.5999999940395
 10
152.0625
 20
186.7999999821186
  0
LWPOLYLINE
  5
436
330
3E7
100
AcDbEntity
  8
LN-ELEVATION-1
100
AcDbPolyline
 90
4
 70
1
 10
221.4375
 20
186.7999999821186
 10
221.4375
 20
367.5999999940395
 10
227.4375
 20
367.5999999940395
 10
227.4375
 20
186.7999999821186
  0
LWPOLYLINE
  5
437
330
3E7
100
AcDbEntity
  8
LN-ELEVATION-1
100
AcDbPolyline
 90
4
 70
1
 10
296.8125
 20
186.7999999821186
 10
296.8125
 20
367.5999999940395
 10
302.8125
 20
367.5999999940395
 10
302.8125
 20
186.7999999821186
  0
LWPOLYLINE
  5
438
330
3E7
100
AcDbEntity
  8
LN-ELEVATION-1
100
AcDbPolyline
 90
4
 70
1
 10
146.0625
 20
-6.000000014901161
 10
146.0625
 20
180.7999999970197
 10
152.0625
 20
180.7999999970197
 10
152.0625
 20
-6.000000014901161
  0
LWPOLYLINE
  5
439
330
3E7
100
AcDbEntity
  8
LN-ELEVATION-1
100
AcDbPolyline
 90
4
 70
1
 10
221.4375
 20
-6.000000014901161
 10
221.4375
 20
180.7999999970197
 10
227.4375
 20
180.7999999970197
 10
227.4375
 20
-6.000000014901161
  0
LWPOLYLINE
  5
43A
330
3E7
100
AcDbEntity
  8
LN-ELEVATION-1
100
AcDbPolyline
 90
4
 70
1
 10
296.8125
 20
-6.000000014901161
 10
296.8125
 20
180.7999999970197
 10
302.8125
 20
180.7999999970197
 10
302.8125
 20
-6.000000014901161
  0
LWPOLYLINE
  5
43B
330
3E7
100
AcDbEntity
  8
LN-ELEVATION-4
100
AcDbPolyline
 90
4
 70
1
 10
-371.8125
 20
-6.0
 10
-371.8125
 20
0.0
 10
-433.8124999999999
 20
0.0
 10
-433.8124999999999
 20
-6.0
  0
LWPOLYLINE
  5
43C
330
3E7
100
AcDbEntity
  8
LN-ELEVATION-4
100
AcDbPolyline
 90
4
 70
1
 10
-427.8125
 20
0.0
 10
-427.8125
 20
180.7999999970197
 10
-433.8124999999999
 20
180.7999999970197
 10
-433.8124999999999
 20
0.0
  0
LWPOLYLINE
  5
43D
330
3E7
100
AcDbEntity
  8
LN-ELEVATION-4
100
AcDbPolyline
 90
4
 70
1
 10
-371.8125
 20
180.7999999970197
 10
-371.8125
 20
186.7999999970198
 10
-433.8124999999999
 20
186.7999999970198
 10
-433.8124999999999
 20
180.7999999970197
  0
LWPOLYLINE
  5
43E
330
3E7
100
AcDbEntity
  8
LN-ELEVATION-4
100
AcDbPolyline
 90
4
 70
1
 10
-371.8125
 20
367.5999999940395
 10
-371.8125
 20
373.5999999940395
 10
-433.8124999999999
 20
373.5999999940395
 10
-433.8124999999999
 20
367.5999999940395
  0
LWPOLYLINE
  5
43F
330
3E7
100
AcDbEntity
  8
LN-ELEVATION-4
100
AcDbPolyline
 90
4
 70
1
 10
-371.8125
 20
554.3999999910592
 10
-371.8125
 20
560.3999999910593
 10
-433.8124999999999
 20
560.3999999910593
 10
-433.8124999999999
 20
554.3999999910592
  0
LWPOLYLINE
  5
440
330
3E7
100
AcDbEntity
  8
LN-ELEVATION-4
100
AcDbPolyline
 90
4
 70
1
 10
-371.8125
 20
741.1999999880791
 10
-371.8125
 20
747.199999988079
 10
-433.8124999999999
 20
747.199999988079
 10
-433.8124999999999
 20
741.1999999880791
  0
LWPOLYLINE
  5
441
330
3E7
100
AcDbEntity
  8
LN-ELEVATION-4
100
AcDbPolyline
 90
4
 70
1
 10
-371.8125
 20
928.0
 10
-371.8125
 20
934.0
 10
-433.8124999999999
 20
934.0
 10
-433.8124999999999
 20
928.0
  0
LWPOLYLINE
  5
442
330
3E7
100
AcDbEntity
  8
LN-ELEVATION-4
100
AcDbPolyline
 90
4
 70
1
 10
-427.8125
 20
186.7999999970198
 10
-427.8125
 20
367.5999999940395
 10
-433.8124999999999
 20
367.5999999940395
 10
-433.8124999999999
 20
186.7999999970198
  0
LWPOLYLINE
  5
443
330
3E7
100
AcDbEntity
  8
LN-ELEVATION-4
100
AcDbPolyline
 90
4
 70
1
 10
-427.8125
 20
373.5999999940395
 10
-427.8125
 20
554.3999999910592
 10
-433.8124999999999
 20
554.3999999910592
 10
-433.8124999999999
 20
373.5999999940395
  0
LWPOLYLINE
  5
444
330
3E7
100
AcDbEntity
  8
LN-ELEVATION-4
100
AcDbPolyline
 90
4
 70
1
 10
-427.8125
 20
560.3999999910593
 10
-427.8125
 20
741.1999999880791
 10
-433.8124999999999
 20
741.1999999880791
 10
-433.8124999999999
 20
560.3999999910593
  0
LWPOLYLINE
  5
445
330
3E7
100
AcDbEntity
  8
LN-ELEVATION-4
100
AcDbPolyline
 90
4
 70
1
 10
-427.8125
 20
747.199999988079
 10
-427.8125
 20
927.9999999850987
 10
-433.8124999999999
 20
927.9999999850987
 10
-433.8124999999999
 20
747.199999988079
  0
LWPOLYLINE
  5
446
330
3E7
100
AcDbEntity
  8
LN-ELEVATION-5
100
AcDbPolyline
 90
4
 70
1
 10
-451.8125
 20
-6.0
 10
-451.8125
 20
0.0
 10
-513.8125
 20
0.0
 10
-513.8125
 20
-6.0
  0
LWPOLYLINE
  5
447
330
3E7
100
AcDbEntity
  8
LN-ELEVATION-5
100
AcDbPolyline
 90
4
 70
1
 10
-507.8125
 20
0.0
 10
-507.8125
 20
180.7999999970197
 10
-513.8125
 20
180.7999999970197
 10
-513.8125
 20
0.0
  0
LWPOLYLINE
  5
448
330
3E7
100
AcDbEntity
  8
LN-ELEVATION-5
100
AcDbPolyline
 90
4
 70
1
 10
-451.8125
 20
180.7999999970197
 10
-451.8125
 20
186.7999999970198
 10
-513.8125
 20
186.7999999970198
 10
-513.8125
 20
180.7999999970197
  0
LWPOLYLINE
  5
449
330
3E7
100
AcDbEntity
  8
LN-ELEVATION-5
100
AcDbPolyline
 90
4
 70
1
 10
-451.8125
 20
367.5999999940395
 10
-451.8125
 20
373.5999999940395
 10
-513.8125
 20
373.5999999940395
 10
-513.8125
 20
367.5999999940395
  0
LWPOLYLINE
  5
44A
330
3E7
100
AcDbEntity
  8
LN-ELEVATION-5
100
AcDbPolyline
 90
4
 70
1
 10
-451.8125
 20
554.3999999910592
 10
-451.8125
 20
560.3999999910593
 10
-513.8125
 20
560.3999999910593
 10
-513.8125
 20
554.3999999910592
  0
LWPOLYLINE
  5
44B
330
3E7
100
AcDbEntity
  8
LN-ELEVATION-5
100
AcDbPolyline
 90
4
 70
1
 10
-451.8125
 20
741.1999999880791
 10
-451.8125
 20
747.199999988079
 10
-513.8125
 20
747.199999988079
 10
-513.8125
 20
741.1999999880791
  0
LWPOLYLINE
  5
44C
330
3E7
100
AcDbEntity
  8
LN-ELEVATION-5
100
AcDbPolyline
 90
4
 70
1
 10
-451.8125
 20
928.0
 10
-451.8125
 20
934.0
 10
-513.8125
 20
934.0
 10
-513.8125
 20
928.0
  0
LWPOLYLINE
  5
44D
330
3E7
100
AcDbEntity
  8
LN-ELEVATION-5
100
AcDbPolyline
 90
4
 70
1
 10
-507.8125
 20
186.7999999970198
 10
-507.8125
 20
367.5999999940395
 10
-513.8125
 20
367.5999999940395
 10
-513.8125
 20
186.7999999970198
  0
LWPOLYLINE
  5
44E
330
3E7
100
AcDbEntity
  8
LN-ELEVATION-5
100
AcDbPolyline
 90
4
 70
1
 10
-507.8125
 20
373.5999999940395
 10
-507.8125
 20
554.3999999910592
 10
-513.8125
 20
554.3999999910592
 10
-513.8125
 20
373.5999999940395
  0
LWPOLYLINE
  5
44F
330
3E7
100
AcDbEntity
  8
LN-ELEVATION-5
100
AcDbPolyline
 90
4
 70
1
 10
-507.8125
 20
560.3999999910593
 10
-507.8125
 20
741.1999999880791
 10
-513.8125
 20
741.1999999880791
 10
-513.8125
 20
560.3999999910593
  0
LWPOLYLINE
  5
450
330
3E7
100
AcDbEntity
  8
LN-ELEVATION-5
100
AcDbPolyline
 90
4
 70
1
 10
-507.8125
 20
747.199999988079
 10
-507.8125
 20
927.9999999850987
 10
-513.8125
 20
927.9999999850987
 10
-513.8125
 20
747.199999988079
  0
LWPOLYLINE
  5
451
330
3E7
100
AcDbEntity
  8
LN-ELEVATION-3
100
AcDbPolyline
 90
4
 70
1
 10
545.1875
 20
-36.0
 10
545.1875
 20
964.0
 10
563.1874999999999
 20
964.0
 10
563.1874999999999
 20
-36.0
  0
LWPOLYLINE
  5
452
330
3E7
100
AcDbEntity
  8
LN-ELEVATION-3
100
AcDbPolyline
 90
4
 70
1
 10
483.1875
 20
934.0
 10
483.1875
 20
964.0
 10
545.1875
 20
964.0
 10
545.1875
 20
934.0
  0
LWPOLYLINE
  5
453
330
3E7
100
AcDbEntity
  8
LN-ELEVATION-3
100
AcDbPolyline
 90
4
 70
1
 10
483.1875
 20
-36.0
 10
483.1875
 20
-6.0
 10
545.1875
 20
-6.0
 10
545.1875
 20
-36.0
  0
LWPOLYLINE
  5
454
330
3E7
100
AcDbEntity
  8
LN-ELEVATION-4
100
AcDbPolyline
 90
4
 70
1
 10
625.1875
 20
-36.0
 10
625.1875
 20
964.0
 10
643.1874999999999
 20
964.0
 10
643.1874999999999
 20
-36.0
  0
LWPOLYLINE
  5
455
330
3E7
100
AcDbEntity
  8
LN-ELEVATION-4
100
AcDbPolyline
 90
4
 70
1
 10
563.1874999999999
 20
934.0
 10
563.1874999999999
 20
964.0
 10
625.1875
 20
964.0
 10
625.1875
 20
934.0
  0
LWPOLYLINE
  5
456
330
3E7
100
AcDbEntity
  8
LN-ELEVATION-4
100
AcDbPolyline
 90
4
 70
1
 10
563.1874999999999
 20
-36.0
 10
563.1874999999999
 20
-6.0
 10
625.1875
 20
-6.0
 10
625.1875
 20
-36.0
  0
LWPOLYLINE
  5
457
330
3E7
100
AcDbEntity
  8
LN-ELEVATION-4
100
AcDbPolyline
 90
4
 70
1
 10
483.1875
 20
-6.0
 10
483.1875
 20
0.0
 10
545.1875
 20
0.0
 10
545.1875
 20
-6.0
  0
LWPOLYLINE
  5
458
330
3E7
100
AcDbEntity
  8
LN-ELEVATION-4
100
AcDbPolyline
 90
4
 70
1
 10
539.1874999999999
 20
0.0
 10
539.1874999999999
 20
180.7999999970197
 10
545.1875
 20
180.7999999970197
 10
545.1875
 20
0.0
  0
LWPOLYLINE
  5
459
330
3E7
100
AcDbEntity
  8
LN-ELEVATION-4
100
AcDbPolyline
 90
4
 70
1
 10
483.1875
 20
180.7999999970197
 10
483.1875
 20
186.7999999970198
 10
545.1875
 20
186.7999999970198
 10
545.1875
 20
180.7999999970197
  0
LWPOLYLINE
  5
45A
330
3E7
100
AcDbEntity
  8
LN-ELEVATION-4
100
AcDbPolyline
 90
4
 70
1
 10
483.1875
 20
367.5999999940395
 10
483.1875
 20
373.5999999940395
 10
545.1875
 20
373.5999999940395
 10
545.1875
 20
367.5999999940395
  0
LWPOLYLINE
  5
45B
330
3E7
100
AcDbEntity
  8
LN-ELEVATION-4
100
AcDbPolyline
 90
4
 70
1
 10
483.1875
 20
554.3999999910592
 10
483.1875
 20
560.3999999910593
 10
545.1875
 20
560.3999999910593
 10
545.1875
 20
554.3999999910592
  0
LWPOLYLINE
  5
45C
330
3E7
100
AcDbEntity
  8
LN-ELEVATION-4
100
AcDbPolyline
 90
4
 70
1
 10
483.1875
 20
741.1999999880791
 10
483.1875
 20
747.199999988079
 10
545.1875
 20
747.199999988079
 10
545.1875
 20
741.1999999880791
  0
LWPOLYLINE
  5
45D
330
3E7
100
AcDbEntity
  8
LN-ELEVATION-4
100
AcDbPolyline
 90
4
 70
1
 10
483.1875
 20
928.0
 10
483.1875
 20
934.0
 10
545.1875
 20
934.0
 10
545.1875
 20
928.0
  0
LWPOLYLINE
  5
45E
330
3E7
100
AcDbEntity
  8
LN-ELEVATION-4
100
AcDbPolyline
 90
4
 70
1
 10
539.1874999999999
 20
186.7999999970198
 10
539.1874999999999
 20
367.5999999940395
 10
545.1875
 20
367.5999999940395
 10
545.1875
 20
186.7999999970198
  0
LWPOLYLINE
  5
45F
330
3E7
100
AcDbEntity
  8
LN-ELEVATION-4
100
AcDbPolyline
 90
4
 70
1
 10
539.1874999999999
 20
373.5999999940395
 10
539.1874999999999
 20
554.3999999910592
 10
545.1875
 20
554.3999999910592
 10
545.1875
 20
373.5999999940395
  0
LWPOLYLINE
  5
460
330
3E7
100
AcDbEntity
  8
LN-ELEVATION-4
100
AcDbPolyline
 90
4
 70
1
 10
539.1874999999999
 20
560.3999999910593
 10
539.1874999999999
 20
741.1999999880791
 10
545.1875
 20
741.1999999880791
 10
545.1875
 20
560.3999999910593
  0
LWPOLYLINE
  5
461
330
3E7
100
AcDbEntity
  8
LN-ELEVATION-4
100
AcDbPolyline
 90
4
 70
1
 10
539.1874999999999
 20
747.199999988079
 10
539.1874999999999
 20
927.9999999850987
 10
545.1875
 20
927.9999999850987
 10
545.1875
 20
747.199999988079
  0
LWPOLYLINE
  5
462
330
3E7
100
AcDbEntity
  8
LN-ELEVATION-5
100
AcDbPolyline
 90
4
 70
1
 10
563.1874999999999
 20
-6.0
 10
563.1874999999999
 20
0.0
 10
625.1875
 20
0.0
 10
625.1875
 20
-6.0
  0
LWPOLYLINE
  5
463
330
3E7
100
AcDbEntity
  8
LN-ELEVATION-5
100
AcDbPolyline
 90
4
 70
1
 10
619.1875
 20
0.0
 10
619.1875
 20
180.7999999970197
 10
625.1875
 20
180.7999999970197
 10
625.1875
 20
0.0
  0
LWPOLYLINE
  5
464
330
3E7
100
AcDbEntity
  8
LN-ELEVATION-5
100
AcDbPolyline
 90
4
 70
1
 10
563.1874999999999
 20
180.7999999970197
 10
563.1874999999999
 20
186.7999999970198
 10
625.1875
 20
186.7999999970198
 10
625.1875
 20
180.7999999970197
  0
LWPOLYLINE
  5
465
330
3E7
100
AcDbEntity
  8
LN-ELEVATION-5
100
AcDbPolyline
 90
4
 70
1
 10
563.1874999999999
 20
367.5999999940395
 10
563.1874999999999
 20
373.5999999940395
 10
625.1875
 20
373.5999999940395
 10
625.1875
 20
367.5999999940395
  0
LWPOLYLINE
  5
466
330
3E7
100
AcDbEntity
  8
LN-ELEVATION-5
100
AcDbPolyline
 90
4
 70
1
 10
563.1874999999999
 20
554.3999999910592
 10
563.1874999999999
 20
560.3999999910593
 10
625.1875
 20
560.3999999910593
 10
625.1875
 20
554.3999999910592
  0
LWPOLYLINE
  5
467
330
3E7
100
AcDbEntity
  8
LN-ELEVATION-5
100
AcDbPolyline
 90
4
 70
1
 10
563.1874999999999
 20
741.1999999880791
 10
563.1874999999999
 20
747.199999988079
 10
625.1875
 20
747.199999988079
 10
625.1875
 20
741.1999999880791
  0
LWPOLYLINE
  5
468
330
3E7
100
AcDbEntity
  8
LN-ELEVATION-5
100
AcDbPolyline
 90
4
 70
1
 10
563.1874999999999
 20
928.0
 10
563.1874999999999
 20
934.0
 10
625.1875
 20
934.0
 10
625.1875
 20
928.0
  0
LWPOLYLINE
  5
469
330
3E7
100
AcDbEntity
  8
LN-ELEVATION-5
100
AcDbPolyline
 90
4
 70
1
 10
619.1875
 20
186.7999999970198
 10
619.1875
 20
367.5999999940395
 10
625.1875
 20
367.5999999940395
 10
625.1875
 20
186.7999999970198
  0
LWPOLYLINE
  5
46A
330
3E7
100
AcDbEntity
  8
LN-ELEVATION-5
100
AcDbPolyline
 90
4
 70
1
 10
619.1875
 20
373.5999999940395
 10
619.1875
 20
554.3999999910592
 10
625.1875
 20
554.3999999910592
 10
625.1875
 20
373.5999999940395
  0
LWPOLYLINE
  5
46B
330
3E7
100
AcDbEntity
  8
LN-ELEVATION-5
100
AcDbPolyline
 90
4
 70
1
 10
619.1875
 20
560.3999999910593
 10
619.1875
 20
741.1999999880791
 10
625.1875
 20
741.1999999880791
 10
625.1875
 20
560.3999999910593
  0
LWPOLYLINE
  5
46C
330
3E7
100
AcDbEntity
  8
LN-ELEVATION-5
100
AcDbPolyline
 90
4
 70
1
 10
619.1875
 20
747.199999988079
 10
619.1875
 20
927.9999999850987
 10
625.1875
 20
927.9999999850987
 10
625.1875
 20
747.199999988079
  0
INSERT
  5
46D
330
3E7
100
AcDbEntity
  8
LN-DIMENSION
100
AcDbBlockReference
  2
ffgd
 10
52.76274626515806
 20
474.0
 30
0.0
 41
-1.0
 50
270.0
  0
LWPOLYLINE
  5
46F
330
3E7
100
AcDbEntity
  8
LN-ELEVATION-1
100
AcDbPolyline
 90
4
 70
1
 10
-260.8125
 20
747.199999988079
 10
-260.8125
 20
934.0
 10
-266.8125
 20
934.0
 10
-266.8125
 20
747.199999988079
  0
LWPOLYLINE
  5
470
330
3E7
100
AcDbEntity
  8
LN-ELEVATION-1
100
AcDbPolyline
 90
4
 70
1
 10
-260.8125
 20
560.3999999761581
 10
-260.8125
 20
741.1999999880791
 10
-266.8125
 20
741.1999999880791
 10
-266.8125
 20
560.3999999761581
  0
LWPOLYLINE
  5
471
330
3E7
100
AcDbEntity
  8
LN-ELEVATION-1
100
AcDbPolyline
 90
4
 70
1
 10
-260.8125
 20
373.5999999791384
 10
-260.8125
 20
554.3999999910592
 10
-266.8125
 20
554.3999999910592
 10
-266.8125
 20
373.5999999791384
  0
LWPOLYLINE
  5
472
330
3E7
100
AcDbEntity
  8
LN-ELEVATION-1
100
AcDbPolyline
 90
4
 70
1
 10
-260.8125
 20
186.7999999821186
 10
-260.8125
 20
367.5999999940395
 10
-266.8125
 20
367.5999999940395
 10
-266.8125
 20
186.7999999821186
  0
LWPOLYLINE
  5
473
330
3E7
100
AcDbEntity
  8
LN-ELEVATION-1
100
AcDbPolyline
 90
4
 70
1
 10
-260.8125
 20
-6.000000014901161
 10
-260.8125
 20
180.7999999970197
 10
-266.8125
 20
180.7999999970197
 10
-266.8125
 20
-6.000000014901161
  0
LWPOLYLINE
  5
474
330
3E7
100
AcDbEntity
  8
LN-ELEVATION-1
100
AcDbPolyline
 90
4
 70
1
 10
372.1875
 20
747.199999988079
 10
372.1875
 20
934.0
 10
378.1875
 20
934.0
 10
378.1875
 20
747.199999988079
  0
LWPOLYLINE
  5
475
330
3E7
100
AcDbEntity
  8
LN-ELEVATION-1
100
AcDbPolyline
 90
4
 70
1
 10
372.1875
 20
560.3999999761581
 10
372.1875
 20
741.1999999880791
 10
378.1875
 20
741.1999999880791
 10
378.1875
 20
560.3999999761581
  0
LWPOLYLINE
  5
476
330
3E7
100
AcDbEntity
  8
LN-ELEVATION-1
100
AcDbPolyline
 90
4
 70
1
 10
372.1875
 20
373.5999999791384
 10
372.1875
 20
554.3999999910592
 10
378.1875
 20
554.3999999910592
 10
378.1875
 20
373.5999999791384
  0
LWPOLYLINE
  5
477
330
3E7
100
AcDbEntity
  8
LN-ELEVATION-1
100
AcDbPolyline
 90
4
 70
1
 10
372.1875
 20
186.7999999821186
 10
372.1875
 20
367.5999999940395
 10
378.1875
 20
367.5999999940395
 10
378.1875
 20
186.7999999821186
  0
LWPOLYLINE
  5
478
330
3E7
100
AcDbEntity
  8
LN-ELEVATION-1
100
AcDbPolyline
 90
4
 70
1
 10
372.1875
 20
-6.000000014901161
 10
372.1875
 20
180.7999999970197
 10
378.1875
 20
180.7999999970197
 10
378.1875
 20
-6.000000014901161
  0
ENDBLK
  5
3E9
330
3E7
100
AcDbEntity
  8
0
100
AcDbBlockEnd
  0
BLOCK
  5
47A
330
479
100
AcDbEntity
  8
0
100
AcDbBlockBegin
  2
CLINIC - MOP CLOSET
 70
0
 10
0.0
 20
0.0
 30
0.0
  3
CLINIC - MOP CLOSET
  1

  0
HATCH
  5
47C
330
479
100
AcDbEntity
  8
LN-HATCH
 62
7
100
AcDbHatch
 10
0.0
 20
0.0
 30
0.0
210
0.0
220
0.0
230
1.0
  2
ANSI31
 70
0
 71
0
 91
0
 75
0
 76
1
 98
0
  0
LWPOLYLINE
  5
47D
330
479
100
AcDbEntity
  8
LN-ELEVATION-1
100
AcDbPolyline
 90
4
 70
1
 10
89.6404564275872
 20
216.0
 10
107.6404564275872
 20
216.0
 10
107.6404564275872
 20
148.0
 10
89.6404564275872
 20
148.0
  0
HATCH
  5
47E
330
479
100
AcDbEntity
  8
LN-HATCH
 62
7
100
AcDbHatch
 10
0.0
 20
0.0
 30
0.0
210
0.0
220
0.0
230
1.0
  2
ANSI31
 70
0
 71
0
 91
0
 75
0
 76
1
 98
0
  0
LWPOLYLINE
  5
47F
330
479
100
AcDbEntity
  8
LN-ELEVATION-1
100
AcDbPolyline
 90
4
 70
1
 10
-106.3595435724128
 20
216.0
 10
-88.3595435724128
 20
216.0
 10
-88.3595435724128
 20
148.0
 10
-106.3595435724128
 20
148.0
  0
HATCH
  5
480
330
479
100
AcDbEntity
  8
LN-HATCH
 62
7
100
AcDbHatch
 10
0.0
 20
0.0
 30
0.0
210
0.0
220
0.0
230
1.0
  2
ANSI31
 70
0
 71
0
 91
0
 75
0
 76
1
 98
0
  0
LWPOLYLINE
  5
481
330
479
100
AcDbEntity
  8
LN-ELEVATION-1
100
AcDbPolyline
 90
4
 70
1
 10
-88.3595435724128
 20
148.0
 10
89.6404564275872
 20
148.0
 10
89.6404564275872
 20
166.0
 10
-88.3595435724128
 20
166.0
  0
HATCH
  5
482
330
479
100
AcDbEntity
  8
LN-HATCH
 62
7
100
AcDbHatch
 10
0.0
 20
0.0
 30
0.0
210
0.0
220
0.0
230
1.0
  2
ANSI31
 70
0
 71
0
 91
0
 75
0
 76
1
 98
0
  0
LWPOLYLINE
  5
483
330
479
100
AcDbEntity
  8
LN-ELEVATION-1
100
AcDbPolyline
 90
4
 70
1
 10
107.6404564275872
 20
216.0
 10
125.6404564275872
 20
216.0
 10
125.6404564275872
 20
-216.0
 10
107.6404564275872
 20
-216.0
  0
HATCH
  5
484
330
479
100
AcDbEntity
  8
LN-HATCH
 62
7
100
AcDbHatch
 10
0.0
 20
0.0
 30
0.0
210
0.0
220
0.0
230
1.0
  2
ANSI31
 70
0
 71
0
 91
0
 75
0
 76
1
 98
0
  0
LWPOLYLINE
  5
485
330
479
100
AcDbEntity
  8
LN-ELEVATION-1
100
AcDbPolyline
 90
4
 70
1
 10
-106.3595435724128
 20
216.0
 10
-124.3595435724128
 20
216.0
 10
-124.3595435724128
 20
-216.0
 10
-106.3595435724128
 20
-216.0
  0
LINE
  5
486
330
479
100
AcDbEntity
  8
LN-HATCH
100
AcDbLine
 10
89.6404564275872
 20
216.0
 30
0.0
 11
-88.3595435724128
 21
166.0
 31
0.0
  0
LINE
  5
487
330
479
100
AcDbEntity
  8
LN-HATCH
100
AcDbLine
 10
-88.3595435724128
 20
216.0
 30
0.0
 11
89.6404564275872
 21
166.0
 31
0.0
  0
HATCH
  5
488
330
479
100
AcDbEntity
  8
LN-HATCH
 62
7
100
AcDbHatch
 10
0.0
 20
0.0
 30
0.0
210
0.0
220
0.0
230
1.0
  2
ANSI31
 70
0
 71
0
 91
0
 75
0
 76
1
 98
0
  0
LWPOLYLINE
  5
489
330
479
100
AcDbEntity
  8
LN-ELEVATION-1
100
AcDbPolyline
 90
5
 70
1
 10
-124.3595435724128
 20
-225.0
 10
-124.3595435724128
 20
-234.0
 10
125.6404564275872
 20
-234.0
 10
125.6404564275872
 20
-216.0
 10
-115.3595435724128
 20
-216.0
  0
ENDBLK
  5
47B
330
479
100
AcDbEntity
  8
0
100
AcDbBlockEnd
  0
BLOCK
  5
48B
330
48A
100
AcDbEntity
  8
0
100
AcDbBlockBegin
  2
CLINIC - CABINET SINK
 70
0
 10
0.0
 20
0.0
 30
0.0
  3
CLINIC - CABINET SINK
  1

  0
HATCH
  5
48D
330
48A
100
AcDbEntity
  8
LN-HATCH
 62
7
100
AcDbHatch
 10
0.0
 20
0.0
 30
0.0
210
0.0
220
0.0
230
1.0
  2
ANSI31
 70
0
 71
0
 91
0
 75
0
 76
1
 98
0
  0
LWPOLYLINE
  5
48E
330
48A
100
AcDbEntity
  8
LN-ELEVATION-1
100
AcDbPolyline
 90
4
 70
1
 10
564.640456427587
 20
225.0
 10
582.6404564275869
 20
225.0
 10
582.6404564275869
 20
156.9999999999999
 10
564.640456427587
 20
156.9999999999999
  0
LWPOLYLINE
  5
48F
330
48A
100
AcDbEntity
  8
LN-ELEVATION-1
100
AcDbPolyline
 90
4
 70
1
 10
-581.359543572413
 20
225.0
 10
-563.359543572413
 20
225.0
 10
-563.359543572413
 20
156.9999999999999
 10
-581.359543572413
 20
156.9999999999999
  0
LWPOLYLINE
  5
490
330
48A
100
AcDbEntity
  8
LN-ELEVATION-1
100
AcDbPolyline
 90
4
 70
1
 10
-563.359543572413
 20
156.9999999999999
 10
564.640456427587
 20
156.9999999999999
 10
564.640456427587
 20
174.9999999999999
 10
-563.359543572413
 20
174.9999999999999
  0
LWPOLYLINE
  5
491
330
48A
100
AcDbEntity
  8
LN-ELEVATION-1
100
AcDbPolyline
 90
4
 70
1
 10
582.6404564275869
 20
225.0
 10
600.6404564275869
 20
225.0
 10
600.6404564275869
 20
-225.0
 10
582.6404564275869
 20
-225.0
  0
LWPOLYLINE
  5
492
330
48A
100
AcDbEntity
  8
LN-ELEVATION-1
100
AcDbPolyline
 90
4
 70
1
 10
-581.359543572413
 20
225.0
 10
-599.359543572413
 20
225.0
 10
-599.359543572413
 20
-225.0
 10
-581.359543572413
 20
-225.0
  0
LINE
  5
493
330
48A
100
AcDbEntity
  8
LN-ELEVATION-2
100
AcDbLine
 10
582.6404564275869
 20
-225.0
 30
0.0
 11
-581.359543572413
 21
-225.0
 31
0.0
  0
LINE
  5
494
330
48A
100
AcDbEntity
  8
LN-HATCH
100
AcDbLine
 10
564.640456427587
 20
225.0
 30
0.0
 11
-563.359543572413
 21
174.9999999999999
 31
0.0
  0
LINE
  5
495
330
48A
100
AcDbEntity
  8
LN-HATCH
100
AcDbLine
 10
-563.359543572413
 20
225.0
 30
0.0
 11
564.640456427587
 21
174.9999999999999
 31
0.0
  0
INSERT
  5
496
330
48A
100
AcDbEntity
  8
LN-ELEVATION-3
100
AcDbBlockReference
  2
dsg
 10
-103569.3304926871
 20
136346.6509754679
 30
0.0
 41
-1.0
 50
41.1558274151866
  0
ENDBLK
  5
48C
330
48A
100
AcDbEntity
  8
0
100
AcDbBlockEnd
  0
BLOCK
  5
499
330
498
100
AcDbEntity
  8
0
100
AcDbBlockBegin
  2
G-Door
 70
0
 10
0.0
 20
0.0
 30
0.0
  3
G-Door
  1

  0
CIRCLE
  5
49B
330
498
100
AcDbEntity
  8
LENS_GLASS
100
AcDbCircle
 10
-22.30381580255926
 20
3.936055007186951
 30
0.0
 40
17.27835681042744
  0
LWPOLYLINE
  5
49C
330
498
100
AcDbEntity
  8
LENS_GLASS
100
AcDbPolyline
 90
4
 70
1
 10
8.37966799736e-05
 20
10.49771844185307
 10
-1049.999916233122
 20
10.49812493668287
 10
-1050.000000029802
 20
0.0004064948880114
 10
0.0
 20
0.0
  0
LWPOLYLINE
  5
49D
330
498
100
AcDbEntity
  8
LENS_GLASS
100
AcDbPolyline
 90
4
 70
1
 10
-1.312709931284189
 20
10.49772690006648
 10
-125.9471507593989
 20
10.49904562893789
 10
-125.9470813535154
 20
17.05875304099754
 10
-1.312640529125928
 20
17.05696786480257
  0
LWPOLYLINE
  5
49E
330
498
100
AcDbEntity
  8
LENS_GLASS
100
AcDbPolyline
 90
4
 70
1
 10
-1.312793727964162
 20
8.458213415e-06
 10
-125.9472345560789
 20
0.001327187026618
 10
-125.9473039638251
 20
-6.558380225033033
 10
-1.312863130122423
 20
-6.559232506580883
  0
LWPOLYLINE
  5
49F
330
498
100
AcDbEntity
  8
LENS_GLASS
100
AcDbPolyline
 90
4
 70
1
 10
-1034.25527475588
 20
10.50574185489677
 10
-909.6208339259028
 20
10.50442312593804
 10
-909.6207645200193
 20
17.0641305380268
 10
-1034.255205353722
 20
17.06498281960375
  0
LWPOLYLINE
  5
4A0
330
498
100
AcDbEntity
  8
LENS_GLASS
100
AcDbPolyline
 90
4
 70
1
 10
-1034.25535855256
 20
0.0080237199144904
 10
-909.6209177225828
 20
0.006704990984872
 10
-909.620987130329
 20
-6.553002421074779
 10
-1034.255427952856
 20
-6.551217244850704
  0
LWPOLYLINE
  5
4A1
330
498
100
AcDbEntity
  8
LENS_GLASS
100
AcDbPolyline
 90
4
 70
1
 10
-281.2492706030607
 20
57.95582792288041
 10
-1.312298737466335
 20
57.9535660960828
 10
-1.313204921782016
 20
-47.45583012411953
 10
-281.2501767892391
 20
-47.45356829723459
  0
HATCH
  5
4A2
330
498
100
AcDbEntity
  8
LENS_GLASS
 62
7
100
AcDbHatch
 10
0.0
 20
0.0
 30
0.0
210
0.0
220
0.0
230
1.0
  2
SOLID
 70
1
 71
0
 91
0
 75
0
 76
1
 98
0
  0
LWPOLYLINE
  5
4A3
330
498
100
AcDbEntity
  8
LENS_GLASS
100
AcDbPolyline
 90
4
 70
1
 10
-17.05189880914986
 20
-17.05505061036092
 10
-17.05169553868472
 20
1032.944949421653
 10
-27.55597375147045
 20
1032.94503321941
 10
-27.5561769977212
 20
-17.05496681260411
  0
CIRCLE
  5
4A4
330
498
100
AcDbEntity
  8
LENS_GLASS
100
AcDbCircle
 10
-985.7138139270245
 20
-35.31221223672037
 30
0.0
 40
16.61792544480665
  0
LINE
  5
4A5
330
498
100
AcDbEntity
  8
LENS_GLASS
100
AcDbLine
 10
-992.2734472975134
 20
-20.0437265188375
 30
0.0
 11
-992.2732351403682
 21
0.0075792096322402
 31
0.0
  0
LINE
  5
4A6
330
498
100
AcDbEntity
  8
LENS_GLASS
100
AcDbLine
 10
-979.1540324725211
 20
-20.04379013826838
 30
0.0
 11
-979.1538203153759
 21
0.0074403960607015
 31
0.0
  0
CIRCLE
  5
4A7
330
498
100
AcDbEntity
  8
LENS_GLASS
100
AcDbCircle
 10
-985.713798219338
 20
45.82595932605909
 30
0.0
 40
16.61792544480665
  0
LINE
  5
4A8
330
498
100
AcDbEntity
  8
LENS_GLASS
100
AcDbLine
 10
-992.2734375037252
 20
30.55747614766005
 30
0.0
 11
-992.2732331082224
 21
10.506170419103
 31
0.0
  0
LINE
  5
4A9
330
498
100
AcDbEntity
  8
LENS_GLASS
100
AcDbLine
 10
-979.1540226787329
 20
30.55753468806506
 30
0.0
 11
-979.1538182832301
 21
10.50630415370688
 31
0.0
  0
LWPOLYLINE
  5
4AA
330
498
100
AcDbEntity
  8
LENS_GLASS
100
AcDbPolyline
 90
4
 70
1
 10
-17.05301426723599
 20
908.3105085925781
 10
-17.05169553868472
 20
1032.944949421653
 10
-10.49198812618851
 20
1032.944880014897
 10
-10.49377330206334
 20
908.310439190769
  0
CIRCLE
  5
4AB
330
498
100
AcDbEntity
  8
LENS_GLASS
100
AcDbCircle
 10
18.26722435466945
 20
970.6277221703494
 30
0.0
 40
16.61792544480665
  0
LINE
  5
4AC
330
498
100
AcDbEntity
  8
LENS_GLASS
100
AcDbLine
 10
2.998738637194037
 20
964.0680887986382
 30
0.0
 11
-17.05256709083915
 21
964.0683009569766
 31
0.0
  0
LINE
  5
4AD
330
498
100
AcDbEntity
  8
LENS_GLASS
100
AcDbLine
 10
2.998802257701754
 20
977.1875036234851
 30
0.0
 11
-17.0524282772094
 21
977.1877157809795
 31
0.0
  0
LWPOLYLINE
  5
4AE
330
498
100
AcDbEntity
  8
LENS_GLASS
100
AcDbPolyline
 90
4
 70
1
 10
-27.55470327287913
 20
908.3105106253641
 10
-27.55597375147045
 20
1032.944951454963
 10
-34.11568116210401
 20
1032.944884587719
 10
-34.11394423805177
 20
908.3104437629227
  0
CIRCLE
  5
4AF
330
498
100
AcDbEntity
  8
LENS_GLASS
100
AcDbCircle
 10
-62.87491776980459
 20
970.6277378769591
 30
0.0
 40
16.61792544480665
  0
LINE
  5
4B0
330
498
100
AcDbEntity
  8
LENS_GLASS
100
AcDbLine
 10
-47.60643459297717
 20
964.0680985942308
 30
0.0
 11
-27.55512886308134
 21
964.0683029899374
 31
0.0
  0
LINE
  5
4B1
330
498
100
AcDbEntity
  8
LENS_GLASS
100
AcDbLine
 10
-47.60649313218891
 20
977.1875134191068
 30
0.0
 11
-27.55526259914041
 21
977.1877178140275
 31
0.0
  0
LINE
  5
4B2
330
498
100
AcDbEntity
  8
LENS_GLASS
100
AcDbLine
 10
-27.55617369711399
 20
0.0002861334360205
 30
0.0
 11
-17.05189347453415
 21
10.49784741579788
 31
0.0
  0
ARC
  5
4B3
330
498
100
AcDbEntity
  8
LENS_GLASS
100
AcDbCircle
 10
-22.30403358675539
 20
5.249066774616949
 30
0.0
 40
1027.695924514747
100
AcDbArc
 50
89.9999889009426
 51
179.9995426424623
  0
ENDBLK
  5
49A
330
498
100
AcDbEntity
  8
0
100
AcDbBlockEnd
  0
BLOCK
  5
4B5
330
4B4
100
AcDbEntity
  8
0
100
AcDbBlockBegin
  2
A$C22e4fd2c
 70
0
 10
0.0
 20
0.0
 30
0.0
  3
A$C22e4fd2c
  1

  0
MTEXT
  5
4B7
330
4B4
100
AcDbEntity
  8
LENS_TEXT
100
AcDbMText
 10
42.989302558708
 20
-217.4766162433662
 30
0.0
 40
58.22657605151512
 41
366.0
 71
1
  1
LG Screen
  0
LWPOLYLINE
  5
4B8
330
4B4
100
AcDbEntity
  8
TV
 62
3
100
AcDbPolyline
 90
4
 70
1
 10
-67.22699990251567
 20
-350.0454854713753
 10
-67.22699990251567
 20
-319.6674821043853
 10
-97.60500326938927
 20
-319.6674821043853
 10
-97.60500326938927
 20
-350.0454854713753
  0
LWPOLYLINE
  5
4B9
330
4B4
100
AcDbEntity
  8
TV
 62
3
100
AcDbPolyline
 90
4
 70
1
 10
-70.26480023923796
 20
-347.007685134653
 10
-70.26480023923796
 20
-322.7052824411075
 10
-94.5672029327834
 20
-322.7052824411075
 10
-94.5672029327834
 20
-347.007685134653
  0
LWPOLYLINE
  5
4BA
330
4B4
100
AcDbEntity
  8
TV
 62
3
100
AcDbPolyline
 90
4
 70
1
 10
-67.22699990251567
 20
-89.55076848599128
 10
-67.22699990251567
 20
-119.9287718529813
 10
-97.60500326938927
 20
-119.9287718529813
 10
-97.60500326938927
 20
-89.55076848599128
  0
LWPOLYLINE
  5
4BB
330
4B4
100
AcDbEntity
  8
TV
 62
3
100
AcDbPolyline
 90
4
 70
1
 10
-70.26480023923796
 20
-92.58856882271357
 10
-70.26480023923796
 20
-116.8909715163754
 10
-94.5672029327834
 20
-116.8909715163754
 10
-94.5672029327834
 20
-92.58856882271357
  0
LINE
  5
4BC
330
4B4
100
AcDbEntity
  8
TV
 62
3
100
AcDbLine
 10
-94.5672029327834
 20
-322.7052824411075
 30
0.0
 11
-70.26480023923796
 21
-347.007685134653
 31
0.0
  0
LINE
  5
4BD
330
4B4
100
AcDbEntity
  8
TV
 62
3
100
AcDbLine
 10
-94.5672029327834
 20
-116.8909715163754
 30
0.0
 11
-70.26480023923796
 21
-92.58856882271357
 31
0.0
  0
LINE
  5
4BE
330
4B4
100
AcDbEntity
  8
TV
 62
3
100
AcDbLine
 10
-94.5672029327834
 20
-92.58856882271357
 30
0.0
 11
-70.26480023923796
 21
-116.8909715163754
 31
0.0
  0
LINE
  5
4BF
330
4B4
100
AcDbEntity
  8
TV
 62
3
100
AcDbLine
 10
-67.2269902919652
 20
-311.9889203161001
 30
0.0
 11
-51.71278328332118
 21
-311.9889203161001
 31
0.0
  0
LINE
  5
4C0
330
4B4
100
AcDbEntity
  8
TV
 62
3
100
AcDbLine
 10
-67.2269902919652
 20
-311.9889203161001
 30
0.0
 11
-67.2269902919652
 21
-358.5315413423814
 31
0.0
  0
LINE
  5
4C1
330
4B4
100
AcDbEntity
  8
TV
 62
3
100
AcDbLine
 10
-51.71278328332118
 20
-81.46845865761861
 30
0.0
 11
-67.2269902919652
 21
-81.46845865761861
 31
0.0
  0
LINE
  5
4C2
330
4B4
100
AcDbEntity
  8
TV
 62
3
100
AcDbLine
 10
-67.2269902919652
 20
-128.0110796838999
 30
0.0
 11
-51.71278328332118
 21
-128.0110796838999
 31
0.0
  0
LINE
  5
4C3
330
4B4
100
AcDbEntity
  8
TV
 62
3
100
AcDbLine
 10
-51.71278328332118
 20
-420.5883693773066
 30
0.0
 11
-51.71278328332118
 21
-19.41163062269334
 31
0.0
  0
LWPOLYLINE
  5
4C4
330
4B4
100
AcDbEntity
  8
TV
 62
3
100
AcDbPolyline
 90
4
 70
1
 10
0.0
 20
0.0
 10
-12.88952203793451
 20
0.0
 10
-12.88952203793451
 20
-440.0
 10
0.0
 20
-440.0
  0
LINE
  5
4C5
330
4B4
100
AcDbEntity
  8
TV
 62
3
100
AcDbLine
 10
-12.88952203793451
 20
0.0
 30
0.0
 11
-32.30115266074427
 21
0.0
 31
0.0
  0
LINE
  5
4C6
330
4B4
100
AcDbEntity
  8
TV
 62
3
100
AcDbLine
 10
-12.88952203793451
 20
-440.0
 30
0.0
 11
-32.30115266074427
 21
-440.0
 31
0.0
  0
LINE
  5
4C7
330
4B4
100
AcDbEntity
  8
TV
 62
3
100
AcDbLine
 10
-32.30115266074427
 20
0.0
 30
0.0
 11
-51.71278328332118
 21
-19.41163062269334
 31
0.0
  0
LINE
  5
4C8
330
4B4
100
AcDbEntity
  8
TV
 62
3
100
AcDbLine
 10
-32.30115266074427
 20
-440.0
 30
0.0
 11
-51.71278328332118
 21
-420.5883693773066
 31
0.0
  0
LINE
  5
4C9
330
4B4
100
AcDbEntity
  8
TV
 62
3
100
AcDbLine
 10
-51.71278328332118
 20
-358.5315413423814
 30
0.0
 11
-67.2269902919652
 21
-358.5315413423814
 31
0.0
  0
LINE
  5
4CA
330
4B4
100
AcDbEntity
  8
TV
 62
3
100
AcDbLine
 10
-67.2269902919652
 20
-81.46845865761861
 30
0.0
 11
-67.2269902919652
 21
-128.0110796838999
 31
0.0
  0
ENDBLK
  5
4B6
330
4B4
100
AcDbEntity
  8
0
100
AcDbBlockEnd
  0
BLOCK
  5
4CC
330
4CB
100
AcDbEntity
  8
0
100
AcDbBlockBegin
  2
door
 70
0
 10
0.0
 20
0.0
 30
0.0
  3
door
  1

  0
LINE
  5
4CE
330
4CB
100
AcDbEntity
  8
door
100
AcDbLine
 10
547359.959374214
 20
1778523.893543105
 30
0.0
 11
547362.3959468948
 21
1778523.893543105
 31
0.0
  0
LINE
  5
4CF
330
4CB
100
AcDbEntity
  8
door
100
AcDbLine
 10
547359.959374214
 20
1778523.893543105
 30
0.0
 11
547359.959374214
 21
1778524.164273403
 31
0.0
  0
LINE
  5
4D0
330
4CB
100
AcDbEntity
  8
door
100
AcDbLine
 10
547359.6886439163
 20
1778524.164273403
 30
0.0
 11
547359.959374214
 21
1778524.164273403
 31
0.0
  0
LINE
  5
4D1
330
4CB
100
AcDbEntity
  8
door
100
AcDbLine
 10
547362.3959468948
 20
1778523.893543105
 30
0.0
 11
547362.3959468948
 21
1778527.064986042
 31
0.0
  0
LINE
  5
4D2
330
4CB
100
AcDbEntity
  8
door
100
AcDbLine
 10
547361.8544862991
 20
1778527.064986042
 30
0.0
 11
547362.3959468948
 21
1778527.064986042
 31
0.0
  0
LINE
  5
4D3
330
4CB
100
AcDbEntity
  8
door
100
AcDbLine
 10
547359.959374214
 20
1778528.824732975
 30
0.0
 11
547361.8544862991
 21
1778528.824732975
 31
0.0
  0
LINE
  5
4D4
330
4CB
100
AcDbEntity
  8
door
100
AcDbLine
 10
547359.688643916
 20
1778528.554002678
 30
0.0
 11
547359.959374214
 21
1778528.554002678
 31
0.0
  0
LINE
  5
4D5
330
4CB
100
AcDbEntity
  8
door
100
AcDbLine
 10
547359.959374214
 20
1778528.554002678
 30
0.0
 11
547359.959374214
 21
1778528.824732975
 31
0.0
  0
LINE
  5
4D6
330
4CB
100
AcDbEntity
  8
door
100
AcDbLine
 10
547361.8544862991
 20
1778527.064986042
 30
0.0
 11
547361.8544862991
 21
1778528.824732975
 31
0.0
  0
LINE
  5
4D7
330
4CB
100
AcDbEntity
  8
door
100
AcDbLine
 10
547359.6886439163
 20
1778524.164273403
 30
0.0
 11
547359.688643916
 21
1778528.554002678
 31
0.0
  0
LINE
  5
4D8
330
4CB
100
AcDbEntity
  8
door
100
AcDbLine
 10
547398.40307651
 20
1778523.893543106
 30
0.0
 11
547395.9665038293
 21
1778523.893543106
 31
0.0
  0
LINE
  5
4D9
330
4CB
100
AcDbEntity
  8
door
100
AcDbLine
 10
547398.40307651
 20
1778523.893543106
 30
0.0
 11
547398.4030765101
 21
1778524.164273403
 31
0.0
  0
LINE
  5
4DA
330
4CB
100
AcDbEntity
  8
door
100
AcDbLine
 10
547398.673806808
 20
1778524.164273403
 30
0.0
 11
547398.4030765101
 21
1778524.164273403
 31
0.0
  0
LINE
  5
4DB
330
4CB
100
AcDbEntity
  8
door
100
AcDbLine
 10
547395.9665038293
 20
1778523.893543106
 30
0.0
 11
547395.9665038293
 21
1778527.064986042
 31
0.0
  0
LINE
  5
4DC
330
4CB
100
AcDbEntity
  8
door
100
AcDbLine
 10
547396.507964425
 20
1778527.064986042
 30
0.0
 11
547395.9665038293
 21
1778527.064986042
 31
0.0
  0
LINE
  5
4DD
330
4CB
100
AcDbEntity
  8
door
100
AcDbLine
 10
547398.4030765102
 20
1778528.824732975
 30
0.0
 11
547396.507964425
 21
1778528.824732975
 31
0.0
  0
LINE
  5
4DE
330
4CB
100
AcDbEntity
  8
door
100
AcDbLine
 10
547398.6738068078
 20
1778528.554002678
 30
0.0
 11
547398.4030765102
 21
1778528.554002677
 31
0.0
  0
LINE
  5
4DF
330
4CB
100
AcDbEntity
  8
door
100
AcDbLine
 10
547398.4030765102
 20
1778528.554002677
 30
0.0
 11
547398.4030765102
 21
1778528.824732975
 31
0.0
  0
LINE
  5
4E0
330
4CB
100
AcDbEntity
  8
door
100
AcDbLine
 10
547396.507964425
 20
1778527.064986042
 30
0.0
 11
547396.507964425
 21
1778528.824732975
 31
0.0
  0
LINE
  5
4E1
330
4CB
100
AcDbEntity
  8
door
100
AcDbLine
 10
547398.673806808
 20
1778524.164273403
 30
0.0
 11
547398.6738068078
 21
1778528.554002678
 31
0.0
  0
LINE
  5
4E2
330
4CB
100
AcDbEntity
  8
door
100
AcDbLine
 10
547363.6142332352
 20
1778528.824732975
 30
0.0
 11
547361.989851448
 21
1778528.824732975
 31
0.0
  0
LINE
  5
4E3
330
4CB
100
AcDbEntity
  8
door
100
AcDbLine
 10
547361.989851448
 20
1778528.824732975
 30
0.0
 11
547361.989851448
 21
1778563.207480731
 31
0.0
  0
LINE
  5
4E4
330
4CB
100
AcDbEntity
  8
door
100
AcDbLine
 10
547363.6142332352
 20
1778563.207480731
 30
0.0
 11
547363.6142332352
 21
1778528.824732975
 31
0.0
  0
LINE
  5
4E5
330
4CB
100
AcDbEntity
  8
door
100
AcDbLine
 10
547363.6142332352
 20
1778563.207480731
 30
0.0
 11
547361.989851448
 21
1778563.207480731
 31
0.0
  0
ELLIPSE
  5
4E6
330
4CB
100
AcDbEntity
  8
door
  6
HIDDEN2
 62
7
100
AcDbEllipse
 10
547361.989851448
 20
1778528.824732975
 30
0.0
 11
34.38274782761808
 21
0.0001789721139649
 31
0.0
 40
0.9999999979146824
 41
-1.570791121506941
 42
0.0512086788949202
  0
LINE
  5
4E7
330
4CB
100
AcDbEntity
  8
0
 62
7
100
AcDbLine
 10
547362.3959468948
 20
1778527.064986042
 30
0.0
 11
547395.9665038293
 21
1778527.064986042
 31
0.0
  0
ENDBLK
  5
4CD
330
4CB
100
AcDbEntity
  8
0
100
AcDbBlockEnd
  0
BLOCK
  5
4E9
330
4E8
100
AcDbEntity
  8
0
100
AcDbBlockBegin
  2
awefqwf
 70
0
 10
0.0
 20
0.0
 30
0.0
  3
awefqwf
  1

  0
LINE
  5
4EB
330
4E8
100
AcDbEntity
  8
A-WALL-MASY
100
AcDbLine
 10
-14914.0
 20
-4929.0
 30
0.0
 11
-14914.0
 21
-414.0
 31
0.0
  0
LINE
  5
4EC
330
4E8
100
AcDbEntity
  8
A-WALL-MASY
100
AcDbLine
 10
-14914.0
 20
-414.0
 30
0.0
 11
-13667.0
 21
-414.0
 31
0.0
  0
HATCH
  5
4ED
330
4E8
100
AcDbEntity
  8
wall hatch
 62
7
100
AcDbHatch
 10
0.0
 20
0.0
 30
0.0
210
0.0
220
0.0
230
1.0
  2
ANSI32
 70
0
 71
0
 91
6
 92
3
 72
0
 73
1
 93
20
 10
-13124.0
 20
-6636.0
 10
-8523.0
 20
-6636.0
 10
-8523.0
 20
-6455.0
 10
-6255.0
 20
-6455.0
 10
-6255.0
 20
-7141.0
 10
-5150.0
 20
-7141.0
 10
-5150.0
 20
-8989.0
 10
-4403.0
 20
-8989.0
 10
-4403.0
 20
-8776.0
 10
-4920.0
 20
-8776.0
 10
-4920.0
 20
-7019.0
 10
-4275.0
 20
-7019.0
 10
-4275.0
 20
-6225.0
 10
-4375.0
 20
-6225.0
 10
-4375.0
 20
-6911.0
 10
-6025.0
 20
-6911.0
 10
-6025.0
 20
-6225.0
 10
-8753.0
 20
-6225.0
 10
-8753.0
 20
-6406.0
 10
-13124.0
 20
-6406.0
 97
0
 92
3
 72
0
 73
1
 93
4
 10
-3615.0
 20
-8439.0
 10
-3393.0
 20
-8439.0
 10
-3393.0
 20
-6225.0
 10
-3615.0
 20
-6225.0
 97
0
 92
3
 72
0
 73
1
 93
6
 10
-3393.0
 20
-8989.0
 10
0.0
 20
-8989.0
 10
0.0
 20
-4885.0
 10
-230.0
 20
-4885.0
 10
-230.0
 20
-8759.0
 10
-3393.0
 20
-8759.0
 97
0
 92
3
 72
0
 73
1
 93
4
 10
-177.0
 20
-4436.0
 10
0.0
 20
-4436.0
 10
0.0
 20
-443.0
 10
-177.0
 20
-443.0
 97
0
 92
3
 72
0
 73
1
 93
4
 10
-8338.0
 20
-286.0
 10
-4254.0
 20
-286.0
 10
-4254.0
 20
0.0
 10
-8338.0
 20
0.0
 97
0
 92
3
 72
0
 73
1
 93
4
 10
-12948.0
 20
-307.0
 10
-9029.0
 20
-307.0
 10
-9029.0
 20
0.0
 10
-12948.0
 20
-2.328306e-10
 97
0
 75
0
 76
1
 98
0
  0
LINE
  5
4EE
330
4E8
100
AcDbEntity
  8
A-WALL-MASY
100
AcDbLine
 10
-12948.0
 20
-307.0
 30
0.0
 11
-9029.0
 21
-307.0
 31
0.0
  0
LINE
  5
4EF
330
4E8
100
AcDbEntity
  8
A-WALL-MASY
100
AcDbLine
 10
-15194.0
 20
-2.328306e-10
 30
0.0
 11
-9029.0
 21
0.0
 31
0.0
  0
LINE
  5
4F0
330
4E8
100
AcDbEntity
  8
A-WALL-MASY
100
AcDbLine
 10
-8338.0
 20
-286.0
 30
0.0
 11
-4254.0
 21
-286.0
 31
0.0
  0
LINE
  5
4F1
330
4E8
100
AcDbEntity
  8
A-WALL-MASY
100
AcDbLine
 10
-8338.0
 20
0.0
 30
0.0
 11
-4254.0
 21
0.0
 31
0.0
  0
LINE
  5
4F2
330
4E8
100
AcDbEntity
  8
Column
100
AcDbLine
 10
-4254.0
 20
-286.0
 30
0.0
 11
-4254.0
 21
-582.0
 31
0.0
  0
LINE
  5
4F3
330
4E8
100
AcDbEntity
  8
Column
100
AcDbLine
 10
-4254.0
 20
-582.0
 30
0.0
 11
-3474.0
 21
-582.0
 31
0.0
  0
LINE
  5
4F4
330
4E8
100
AcDbEntity
  8
Column
100
AcDbLine
 10
-3474.0
 20
-582.0
 30
0.0
 11
-3474.0
 21
-230.0
 31
0.0
  0
LINE
  5
4F5
330
4E8
100
AcDbEntity
  8
A-WALL-MASY
100
AcDbLine
 10
-3474.0
 20
0.0
 30
0.0
 11
-684.0
 21
0.0
 31
0.0
  0
LINE
  5
4F6
330
4E8
100
AcDbEntity
  8
A-WALL-MASY
100
AcDbLine
 10
-3474.0
 20
-230.0
 30
0.0
 11
-684.0
 21
-230.0
 31
0.0
  0
LINE
  5
4F7
330
4E8
100
AcDbEntity
  8
A-WALL-MASY
100
AcDbLine
 10
-177.0
 20
-443.0
 30
0.0
 11
-177.0
 21
-4436.0
 31
0.0
  0
LINE
  5
4F8
330
4E8
100
AcDbEntity
  8
A-WALL-MASY
100
AcDbLine
 10
0.0
 20
-443.0
 30
0.0
 11
0.0
 21
-4436.0
 31
0.0
  0
HATCH
  5
4F9
330
4E8
100
AcDbEntity
  8
Column hatch
 62
7
100
AcDbHatch
 10
0.0
 20
0.0
 30
0.0
210
0.0
220
0.0
230
1.0
  2
SOLID
 70
1
 71
0
 91
7
 92
3
 72
0
 73
1
 93
4
 10
-4403.0
 20
-8989.0
 10
-3393.0
 20
-8989.0
 10
-3393.0
 20
-8439.0
 10
-4403.0
 20
-8439.0
 97
0
 92
3
 72
0
 73
1
 93
4
 10
-377.0
 20
-4885.0
 10
0.0
 20
-4885.0
 10
0.0
 20
-4436.0
 10
-377.0
 20
-4436.0
 97
0
 92
3
 72
0
 73
1
 93
4
 10
-684.0
 20
-443.0
 10
0.0
 20
-443.0
 10
0.0
 20
0.0
 10
-684.0
 20
0.0
 97
0
 92
3
 72
0
 73
1
 93
4
 10
-4254.0
 20
-582.0
 10
-3474.0
 20
-582.0
 10
-3474.0
 20
0.0
 10
-4254.0
 20
0.0
 97
0
 92
3
 72
0
 73
1
 93
4
 10
-9029.0
 20
-617.0
 10
-8338.0
 20
-617.0
 10
-8338.0
 20
0.0
 10
-9029.0
 20
0.0
 97
0
 92
3
 72
0
 73
1
 93
4
 10
-13667.0
 20
-615.0
 10
-12948.0
 20
-615.0
 10
-12948.0
 20
-2.328306e-10
 10
-13667.0
 20
-2.328306e-10
 97
0
 92
3
 72
0
 73
1
 93
4
 10
-13655.0
 20
-6646.0
 10
-13124.0
 20
-6646.0
 10
-13124.0
 20
-6185.0
 10
-13655.0
 20
-6185.0
 97
0
 75
0
 76
1
 98
0
  0
LWPOLYLINE
  5
4FA
330
4E8
100
AcDbEntity
  8
Column
100
AcDbPolyline
 90
4
 70
1
 10
-684.0
 20
0.0
 10
0.0
 20
0.0
 10
0.0
 20
-443.0
 10
-684.0
 20
-443.0
  0
LWPOLYLINE
  5
4FB
330
4E8
100
AcDbEntity
  8
Column
100
AcDbPolyline
 90
4
 70
1
 10
-377.0
 20
-4436.0
 10
0.0
 20
-4436.0
 10
0.0
 20
-4885.0
 10
-377.0
 20
-4885.0
  0
LWPOLYLINE
  5
4FC
330
4E8
100
AcDbEntity
  8
Column
100
AcDbPolyline
 90
4
 70
1
 10
-3474.0
 20
-582.0
 10
-4254.0
 20
-582.0
 10
-4254.0
 20
0.0
 10
-3474.0
 20
0.0
  0
LWPOLYLINE
  5
4FD
330
4E8
100
AcDbEntity
  8
Column
100
AcDbPolyline
 90
4
 70
1
 10
-8338.0
 20
0.0
 10
-9029.0
 20
0.0
 10
-9029.0
 20
-617.0
 10
-8338.0
 20
-617.0
  0
LWPOLYLINE
  5
4FE
330
4E8
100
AcDbEntity
  8
Column
100
AcDbPolyline
 90
4
 70
1
 10
-12948.0
 20
-615.0
 10
-13667.0
 20
-615.0
 10
-13667.0
 20
-2.328306e-10
 10
-12948.0
 20
-2.328306e-10
  0
LINE
  5
4FF
330
4E8
100
AcDbEntity
  8
A-WALL-MASY
100
AcDbLine
 10
-15194.0
 20
-4929.0
 30
0.0
 11
-14914.0
 21
-4929.0
 31
0.0
  0
LINE
  5
500
330
4E8
100
AcDbEntity
  8
A-WALL-MASY
100
AcDbLine
 10
-15194.0
 20
-4929.0
 30
0.0
 11
-15194.0
 21
-2.328306e-10
 31
0.0
  0
LINE
  5
501
330
4E8
100
AcDbEntity
  8
A-WALL-MASY
100
AcDbLine
 10
-14914.0
 20
-6130.0
 30
0.0
 11
-14914.0
 21
-6416.0
 31
0.0
  0
LINE
  5
502
330
4E8
100
AcDbEntity
  8
A-WALL-MASY
100
AcDbLine
 10
-14914.0
 20
-6416.0
 30
0.0
 11
-13655.0
 21
-6416.0
 31
0.0
  0
LINE
  5
503
330
4E8
100
AcDbEntity
  8
A-WALL-MASY
100
AcDbLine
 10
-15194.0
 20
-6646.0
 30
0.0
 11
-13655.0
 21
-6646.0
 31
0.0
  0
LINE
  5
504
330
4E8
100
AcDbEntity
  8
A-WALL-MASY
100
AcDbLine
 10
-13124.0
 20
-6406.0
 30
0.0
 11
-8753.0
 21
-6406.0
 31
0.0
  0
LINE
  5
505
330
4E8
100
AcDbEntity
  8
A-WALL-MASY
100
AcDbLine
 10
-13124.0
 20
-6636.0
 30
0.0
 11
-8523.0
 21
-6636.0
 31
0.0
  0
LINE
  5
506
330
4E8
100
AcDbEntity
  8
A-WALL-MASY
100
AcDbLine
 10
-8753.0
 20
-6406.0
 30
0.0
 11
-8753.0
 21
-6225.0
 31
0.0
  0
LINE
  5
507
330
4E8
100
AcDbEntity
  8
A-WALL-MASY
100
AcDbLine
 10
-8523.0
 20
-6636.0
 30
0.0
 11
-8523.0
 21
-6455.0
 31
0.0
  0
LINE
  5
508
330
4E8
100
AcDbEntity
  8
A-WALL-MASY
100
AcDbLine
 10
-8753.0
 20
-6225.0
 30
0.0
 11
-6025.0
 21
-6225.0
 31
0.0
  0
LINE
  5
509
330
4E8
100
AcDbEntity
  8
A-WALL-MASY
100
AcDbLine
 10
-8523.0
 20
-6455.0
 30
0.0
 11
-6255.0
 21
-6455.0
 31
0.0
  0
LINE
  5
50A
330
4E8
100
AcDbEntity
  8
A-WALL-MASY
100
AcDbLine
 10
-6025.0
 20
-6225.0
 30
0.0
 11
-6025.0
 21
-6911.0
 31
0.0
  0
LINE
  5
50B
330
4E8
100
AcDbEntity
  8
A-WALL-MASY
100
AcDbLine
 10
-6255.0
 20
-6455.0
 30
0.0
 11
-6255.0
 21
-7141.0
 31
0.0
  0
LINE
  5
50C
330
4E8
100
AcDbEntity
  8
A-WALL-MASY
100
AcDbLine
 10
-6025.0
 20
-6911.0
 30
0.0
 11
-4375.0
 21
-6911.0
 31
0.0
  0
LINE
  5
50D
330
4E8
100
AcDbEntity
  8
A-WALL-MASY
100
AcDbLine
 10
-6255.0
 20
-7141.0
 30
0.0
 11
-5150.0
 21
-7141.0
 31
0.0
  0
LINE
  5
50E
330
4E8
100
AcDbEntity
  8
A-WALL-MASY
100
AcDbLine
 10
-4375.0
 20
-6911.0
 30
0.0
 11
-4375.0
 21
-6225.0
 31
0.0
  0
LINE
  5
50F
330
4E8
100
AcDbEntity
  8
A-WALL-MASY
100
AcDbLine
 10
-4375.0
 20
-6225.0
 30
0.0
 11
-4275.0
 21
-6225.0
 31
0.0
  0
LINE
  5
510
330
4E8
100
AcDbEntity
  8
A-WALL-MASY
100
AcDbLine
 10
-4275.0
 20
-6225.0
 30
0.0
 11
-4275.0
 21
-7019.0
 31
0.0
  0
LINE
  5
511
330
4E8
100
AcDbEntity
  8
A-WALL-MASY
100
AcDbLine
 10
-4275.0
 20
-7019.0
 30
0.0
 11
-4920.0
 21
-7019.0
 31
0.0
  0
LINE
  5
512
330
4E8
100
AcDbEntity
  8
A-WALL-MASY
100
AcDbLine
 10
-4920.0
 20
-7019.0
 30
0.0
 11
-4920.0
 21
-8776.0
 31
0.0
  0
LINE
  5
513
330
4E8
100
AcDbEntity
  8
A-WALL-MASY
100
AcDbLine
 10
-5150.0
 20
-7141.0
 30
0.0
 11
-5150.0
 21
-8989.0
 31
0.0
  0
LINE
  5
514
330
4E8
100
AcDbEntity
  8
A-WALL-MASY
100
AcDbLine
 10
-4920.0
 20
-8776.0
 30
0.0
 11
-4403.0
 21
-8776.0
 31
0.0
  0
LINE
  5
515
330
4E8
100
AcDbEntity
  8
A-WALL-MASY
100
AcDbLine
 10
-5150.0
 20
-8989.0
 30
0.0
 11
-4403.0
 21
-8989.0
 31
0.0
  0
LINE
  5
516
330
4E8
100
AcDbEntity
  8
A-WALL-MASY
100
AcDbLine
 10
-3615.0
 20
-8439.0
 30
0.0
 11
-3615.0
 21
-6225.0
 31
0.0
  0
LINE
  5
517
330
4E8
100
AcDbEntity
  8
A-WALL-MASY
100
AcDbLine
 10
-3615.0
 20
-6225.0
 30
0.0
 11
-3393.0
 21
-6225.0
 31
0.0
  0
LINE
  5
518
330
4E8
100
AcDbEntity
  8
A-WALL-MASY
100
AcDbLine
 10
-3393.0
 20
-6225.0
 30
0.0
 11
-3393.0
 21
-8439.0
 31
0.0
  0
LINE
  5
519
330
4E8
100
AcDbEntity
  8
A-WALL-MASY
100
AcDbLine
 10
-3393.0
 20
-8759.0
 30
0.0
 11
-230.0
 21
-8759.0
 31
0.0
  0
LINE
  5
51A
330
4E8
100
AcDbEntity
  8
A-WALL-MASY
100
AcDbLine
 10
-3393.0
 20
-8989.0
 30
0.0
 11
0.0
 21
-8989.0
 31
0.0
  0
LINE
  5
51B
330
4E8
100
AcDbEntity
  8
A-WALL-MASY
100
AcDbLine
 10
-230.0
 20
-8759.0
 30
0.0
 11
-230.0
 21
-4885.0
 31
0.0
  0
LINE
  5
51C
330
4E8
100
AcDbEntity
  8
A-WALL-MASY
100
AcDbLine
 10
0.0
 20
-8989.0
 30
0.0
 11
0.0
 21
-4885.0
 31
0.0
  0
LWPOLYLINE
  5
51D
330
4E8
100
AcDbEntity
  8
Column
100
AcDbPolyline
 90
4
 70
1
 10
-4403.0
 20
-8439.0
 10
-3393.0
 20
-8439.0
 10
-3393.0
 20
-8989.0
 10
-4403.0
 20
-8989.0
  0
LWPOLYLINE
  5
51E
330
4E8
100
AcDbEntity
  8
Column
100
AcDbPolyline
 90
4
 70
1
 10
-13124.0
 20
-6185.0
 10
-13655.0
 20
-6185.0
 10
-13655.0
 20
-6646.0
 10
-13124.0
 20
-6646.0
  0
LINE
  5
51F
330
4E8
100
AcDbEntity
  8
A-WALL-MASY
100
AcDbLine
 10
-15194.0
 20
-6130.0
 30
0.0
 11
-15194.0
 21
-6646.0
 31
0.0
  0
LINE
  5
520
330
4E8
100
AcDbEntity
  8
A-WALL-MASY
100
AcDbLine
 10
-14914.0
 20
-6130.0
 30
0.0
 11
-15194.0
 21
-6130.0
 31
0.0
  0
LINE
  5
521
330
4E8
100
AcDbEntity
  8
GLASS FACADE
100
AcDbLine
 10
-15049.0
 20
-4929.0
 30
0.0
 11
-15049.0
 21
-178.6799850545358
 31
0.0
  0
LINE
  5
522
330
4E8
100
AcDbEntity
  8
GLASS FACADE
100
AcDbLine
 10
-15059.0
 20
-4929.0
 30
0.0
 11
-15059.0
 21
-168.6799850545358
 31
0.0
  0
LINE
  5
523
330
4E8
100
AcDbEntity
  8
GLASS FACADE
100
AcDbLine
 10
-15054.0
 20
-6130.0
 30
0.0
 11
-15054.0
 21
-6543.0
 31
0.0
  0
LINE
  5
524
330
4E8
100
AcDbEntity
  8
GLASS FACADE
100
AcDbLine
 10
-15042.0
 20
-6130.0
 30
0.0
 11
-15042.0
 21
-6531.0
 31
0.0
  0
LINE
  5
525
330
4E8
100
AcDbEntity
  8
GLASS FACADE
100
AcDbLine
 10
-15042.0
 20
-6531.0
 30
0.0
 11
-13655.0
 21
-6531.0
 31
0.0
  0
LINE
  5
526
330
4E8
100
AcDbEntity
  8
GLASS FACADE
100
AcDbLine
 10
-15054.0
 20
-6543.0
 30
0.0
 11
-13655.0
 21
-6543.0
 31
0.0
  0
LINE
  5
527
330
4E8
100
AcDbEntity
  8
GLASS FACADE
100
AcDbLine
 10
-15049.0
 20
-178.6799850545358
 30
0.0
 11
-13667.0
 21
-178.6799850545358
 31
0.0
  0
LINE
  5
528
330
4E8
100
AcDbEntity
  8
GLASS FACADE
100
AcDbLine
 10
-15059.0
 20
-168.6799850545358
 30
0.0
 11
-13667.0
 21
-168.6799850545358
 31
0.0
  0
LINE
  5
529
330
4E8
100
AcDbEntity
  8
Steps
100
AcDbLine
 10
-15194.0
 20
-4824.0
 30
0.0
 11
-17370.0
 21
-4824.0
 31
0.0
  0
LINE
  5
52A
330
4E8
100
AcDbEntity
  8
Steps
100
AcDbLine
 10
-15194.0
 20
-4849.0
 30
0.0
 11
-17370.0
 21
-4849.0
 31
0.0
  0
LINE
  5
52B
330
4E8
100
AcDbEntity
  8
Steps
100
AcDbLine
 10
-15194.0
 20
-395.0
 30
0.0
 11
-16554.0
 21
-395.0
 31
0.0
  0
LINE
  5
52C
330
4E8
100
AcDbEntity
  8
Steps
100
AcDbLine
 10
-15194.0
 20
-2.328306e-10
 30
0.0
 11
-16554.0
 21
-2.328306e-10
 31
0.0
  0
LINE
  5
52D
330
4E8
100
AcDbEntity
  8
Steps
100
AcDbLine
 10
-15194.0
 20
-6646.0
 30
0.0
 11
-17370.0
 21
-6646.0
 31
0.0
  0
LINE
  5
52E
330
4E8
100
AcDbEntity
  8
Steps
100
AcDbLine
 10
-15194.0
 20
-6621.0
 30
0.0
 11
-17370.0
 21
-6621.0
 31
0.0
  0
LINE
  5
52F
330
4E8
100
AcDbEntity
  8
Steps
100
AcDbLine
 10
-15194.0
 20
-6646.0
 30
0.0
 11
-15194.0
 21
-4824.0
 31
0.0
  0
LINE
  5
530
330
4E8
100
AcDbEntity
  8
Steps
100
AcDbLine
 10
-15466.0
 20
-6646.0
 30
0.0
 11
-15466.0
 21
-4824.0
 31
0.0
  0
LINE
  5
531
330
4E8
100
AcDbEntity
  8
Steps
100
AcDbLine
 10
-15738.0
 20
-6646.0
 30
0.0
 11
-15738.0
 21
-4824.0
 31
0.0
  0
LINE
  5
532
330
4E8
100
AcDbEntity
  8
Steps
100
AcDbLine
 10
-16010.0
 20
-6646.0
 30
0.0
 11
-16010.0
 21
-4824.0
 31
0.0
  0
LINE
  5
533
330
4E8
100
AcDbEntity
  8
Steps
100
AcDbLine
 10
-16282.0
 20
-6646.0
 30
0.0
 11
-16282.0
 21
-4824.0
 31
0.0
  0
LINE
  5
534
330
4E8
100
AcDbEntity
  8
Steps
100
AcDbLine
 10
-16554.0
 20
-6646.0
 30
0.0
 11
-16554.0
 21
-4824.0
 31
0.0
  0
LINE
  5
535
330
4E8
100
AcDbEntity
  8
Steps
100
AcDbLine
 10
-16826.0
 20
-6646.0
 30
0.0
 11
-16826.0
 21
-4824.0
 31
0.0
  0
LINE
  5
536
330
4E8
100
AcDbEntity
  8
Steps
100
AcDbLine
 10
-17098.0
 20
-6646.0
 30
0.0
 11
-17098.0
 21
-4824.0
 31
0.0
  0
LINE
  5
537
330
4E8
100
AcDbEntity
  8
Steps
100
AcDbLine
 10
-17370.0
 20
-6646.0
 30
0.0
 11
-17370.0
 21
-4824.0
 31
0.0
  0
LINE
  5
538
330
4E8
100
AcDbEntity
  8
Steps
100
AcDbLine
 10
-16554.0
 20
-4824.0
 30
0.0
 11
-16554.0
 21
-395.0
 31
0.0
  0
LINE
  5
539
330
4E8
100
AcDbEntity
  8
Steps
100
AcDbLine
 10
-16554.0
 20
-395.0
 30
0.0
 11
-16554.0
 21
-2.328306e-10
 31
0.0
  0
MTEXT
  5
53A
330
4E8
100
AcDbEntity
  8
text
100
AcDbMText
 10
-4378.895108956843
 20
-7646.790695219533
 30
0.0
 40
87.97341117787974
 41
499.1562466953216
 71
1
  1
EXISTING TOILET
  0
INSERT
  5
53B
330
4E8
100
AcDbEntity
  8
door
100
AcDbBlockReference
  2
*U28
 10
543832.26325275
 20
1772259.617805297
 30
6.8900025e-09
 50
180.0
  0
INSERT
  5
53D
330
4E8
100
AcDbEntity
  8
Glass-FrontGlazing
100
AcDbBlockReference
  2
G-Door
 10
-15059.00000000186
 20
-6130.0
 30
3.5523353e-09
 41
1.143809523777058
 42
1.143809523777058
 43
1.143809523777058
 50
270.0000221812686
  0
ENDBLK
  5
4EA
330
4E8
100
AcDbEntity
  8
0
100
AcDbBlockEnd
  0
ENDSEC
  0
SECTION
  2
ENTITIES
  0
HATCH
  5
53F
330
17
100
AcDbEntity
  8
IM-ANNO-HATCH
 62
7
100
AcDbHatch
 10
0.0
 20
0.0
 30
0.0
210
0.0
220
0.0
230
1.0
  2
CORK
 70
0
 71
0
 91
1
 92
3
 72
0
 73
1
 93
10
 10
15788.88630240032
 20
-864338.0549321927
 10
15338.88630240405
 20
-864338.0549321927
 10
15338.88630240405
 20
-864344.0549321928
 10
15338.88630240405
 20
-864388.0549321927
 10
15338.88630240032
 20
-864588.0549321924
 10
15358.88630240032
 20
-864588.0549321924
 10
15358.88630240032
 20
-864358.0549321928
 10
15768.88630240032
 20
-864358.0549321928
 10
15768.88630240032
 20
-864588.0549321924
 10
15788.88630240032
 20
-864588.0549321924
 97
0
 75
0
 76
1
 98
0
  0
HATCH
  5
540
330
17
100
AcDbEntity
  8
IM-ANNO-HATCH
 62
7
100
AcDbHatch
 10
0.0
 20
0.0
 30
0.0
210
0.0
220
0.0
230
1.0
  2
CORK
 70
0
 71
0
 91
1
 92
3
 72
0
 73
1
 93
4
 10
17538.88630241895
 20
-864338.0549321926
 10
17438.88630241895
 20
-864338.0549321926
 10
17438.88630241895
 20
-864588.0549321924
 10
17538.88630240032
 20
-864588.0549321924
 97
0
 75
0
 76
1
 98
0
  0
HATCH
  5
541
330
17
100
AcDbEntity
  8
IM-ANNO-HATCH
 62
7
100
AcDbHatch
 10
0.0
 20
0.0
 30
0.0
210
0.0
220
0.0
230
1.0
  2
CORK
 70
0
 71
0
 91
1
 92
3
 72
0
 73
1
 93
6
 10
18248.88630242267
 20
-864355.0549321926
 10
18223.88630242267
 20
-864355.0549321926
 10
18223.88630242267
 20
-864375.0549321926
 10
18198.88630242267
 20
-864375.0549321926
 10
18198.88630240032
 20
-864588.0549321924
 10
18248.88630240777
 20
-864588.0549321924
 97
0
 75
0
 76
1
 98
0
  0
INSERT
  5
542
330
17
100
AcDbEntity
  8
dimensions
 62
3
100
AcDbBlockReference
  2
awefqwf
 10
21813.88630240032
 20
-858363.0549321924
 30
0.0
  0
MTEXT
  5
544
330
17
100
AcDbEntity
  8
LENS_TEXT
  6
Continuous
100
AcDbMText
 10
14788.50611210981
 20
-858977.2550239866
 30
3.4891272e-09
 40
100.0
 41
271.7848837209302
 71
1
  1
\pxql;C.LENS
  0
MTEXT
  5
545
330
17
100
AcDbEntity
  8
LENS_TEXT
  6
Continuous
100
AcDbMText
 10
8606.267757460417
 20
-862373.1859213121
 30
0.0
 40
100.0
 41
421.5668604651161
 71
1
  1
\pxql;TENTPOLE
  0
MTEXT
  5
546
330
17
100
AcDbEntity
  8
LENS_TEXT
  6
Continuous
100
AcDbMText
 10
8606.267757460417
 20
-861387.9130655014
 30
0.0
 40
100.0
 41
421.5668604651161
 71
1
  1
\pxql;HUSTLR
  0
MTEXT
  5
547
330
17
100
AcDbEntity
  8
LENS_TEXT
  6
Continuous
100
AcDbMText
 10
9925.913541909249
 20
-862303.9644880652
 30
0.0
 40
100.0
 41
421.5668604651161
 71
1
  1
\pxql;VC-SUN
  0
MTEXT
  5
548
330
17
100
AcDbEntity
  8
LENS_TEXT
  6
Continuous
100
AcDbMText
 10
9925.913541909249
 20
-861318.6916322545
 30
0.0
 40
100.0
 41
421.5668604651161
 71
1
  1
\pxql;VC-SUN
  0
LWPOLYLINE
  5
549
330
17
100
AcDbEntity
  8
LENS_PARTITION
100
AcDbPolyline
 90
4
 70
1
 10
17538.88630240032
 20
-864588.054932288
 10
17438.88630240032
 20
-864588.054932288
 10
17438.88630241895
 20
-864338.0549321926
 10
17538.88630241895
 20
-864338.0549321926
  0
MTEXT
  5
54A
330
17
100
AcDbEntity
  8
LENS_TEXT
  6
Continuous
100
AcDbMText
 10
14725.91354190925
 20
-862078.4462976232
 30
0.0
 40
100.0
 41
421.5668604651161
 71
1
  1
\pxql;HOOPER
  0
MTEXT
  5
54B
330
17
100
AcDbEntity
  8
LENS_TEXT
  6
Continuous
100
AcDbMText
 10
14725.91354190925
 20
-861093.1734418127
 30
0.0
 40
100.0
 41
421.5668604651161
 71
1
  1
\pxql;HOOPER
  0
LWPOLYLINE
  5
54C
330
17
100
AcDbEntity
  8
Floor-Unit
  6
ByBlock
100
AcDbPolyline
 90
4
 70
1
 10
19111.88630240032
 20
-862276.5549321877
 10
19111.88630240032
 20
-862671.5549321877
 10
18531.88630240032
 20
-862671.5549321877
 10
18531.88630240032
 20
-862276.5549321877
  0
MTEXT
  5
54D
330
17
100
AcDbEntity
  8
LENS_TEXT
100
AcDbMText
 10
18781.86678921798
 20
-862386.1998774367
 30
0.0
 40
110.0
 41
237.4408088319178
 71
1
  1
AR
  0
INSERT
  5
54E
330
17
100
AcDbEntity
  8
Floor-Unit
  6
ByBlock
100
AcDbBlockReference
  2
Chair
 10
35163.24709302554
 20
-1327568.759086335
 30
0.0
 41
-0.7920000000000125
 42
0.7920000000000125
 43
0.7920000000000125
 50
270.0
  0
MTEXT
  5
550
330
17
100
AcDbEntity
  8
LENS_TEXT
  6
Continuous
100
AcDbMText
 10
11548.50520255038
 20
-862913.5456587174
 30
0.0
 40
100.0
 41
551.3633720930231
 71
1
  1
\pxql;DISCUSSION TABLE
  0
INSERT
  5
551
330
17
100
AcDbEntity
  8
Floor-Unit
100
AcDbBlockReference
  2
D-Table-1200
 10
12257.10404404619
 20
-862683.0549321924
 30
0.0
  0
MTEXT
  5
553
330
17
100
AcDbEntity
  8
LENS_TEXT
  6
Continuous
100
AcDbMText
 10
13948.50520255038
 20
-862913.5456587174
 30
0.0
 40
100.0
 41
551.3633720930231
 71
1
  1
\pxql;DISCUSSION TABLE
  0
INSERT
  5
554
330
17
100
AcDbEntity
  8
Floor-Unit
100
AcDbBlockReference
  2
D-Table-1200
 10
14657.10404404619
 20
-862683.0549321924
 30
0.0
  0
MTEXT
  5
556
330
17
100
AcDbEntity
  8
LENS_TEXT
  6
Continuous
100
AcDbMText
 10
9148.505202550383
 20
-860598.0823961095
 30
0.0
 40
100.0
 41
551.3633720930231
 71
1
  1
\pxql;DISCUSSION TABLE
  0
INSERT
  5
557
330
17
100
AcDbEntity
  8
Floor-Unit
100
AcDbBlockReference
  2
D-Table-1200
 10
9857.104044046195
 20
-860828.5731226343
 30
0.0
 41
-1.0
 50
180.0
  0
MTEXT
  5
559
330
17
100
AcDbEntity
  8
LENS_TEXT
  6
Continuous
100
AcDbMText
 10
11548.50520255038
 20
-860372.5642056675
 30
0.0
 40
100.0
 41
551.3633720930231
 71
1
  1
\pxql;DISCUSSION TABLE
  0
INSERT
  5
55A
330
17
100
AcDbEntity
  8
Floor-Unit
100
AcDbBlockReference
  2
D-Table-1200
 10
12257.10404404619
 20
-860603.0549321926
 30
0.0
 41
-1.0
 50
180.0
  0
MTEXT
  5
55C
330
17
100
AcDbEntity
  8
LENS_TEXT
  6
Continuous
100
AcDbMText
 10
13948.50520255038
 20
-860372.5642056675
 30
0.0
 40
100.0
 41
551.3633720930231
 71
1
  1
\pxql;DISCUSSION TABLE
  0
INSERT
  5
55D
330
17
100
AcDbEntity
  8
Floor-Unit
100
AcDbBlockReference
  2
D-Table-1200
 10
14657.10404404619
 20
-860603.0549321926
 30
0.0
 41
-1.0
 50
180.0
  0
INSERT
  5
55F
330
17
100
AcDbEntity
  8
Floor-Unit
100
AcDbBlockReference
  2
DGHRTGUJTW
 10
15085.88630240032
 20
-858649.0549321926
 30
0.0
  0
HATCH
  5
561
330
17
100
AcDbEntity
  8
IM-ANNO-HATCH
 62
7
100
AcDbHatch
 10
0.0
 20
0.0
 30
0.0
210
0.0
220
0.0
230
1.0
  2
CORK
 70
0
 71
0
 91
0
 75
0
 76
1
 98
0
  0
LWPOLYLINE
  5
562
330
17
100
AcDbEntity
  8
LENS_PARTITION
100
AcDbPolyline
 90
4
 70
1
 10
8138.886302400322
 20
-864548.0549321926
 10
8158.886302400322
 20
-864548.0549321926
 10
8158.886302400322
 20
-864778.5549321926
 10
8138.886302400322
 20
-864778.5549321926
  0
INSERT
  5
563
330
17
100
AcDbEntity
  8
Floor-Unit
100
AcDbBlockReference
  2
49inch
 10
13894.60403230408
 20
-861645.1934506731
 30
0.0
 41
-0.9995705467615587
 42
0.9995705467615587
 43
0.9995705467615587
 50
270.0
  0
INSERT
  5
565
330
17
100
AcDbEntity
  8
Floor-Unit
100
AcDbBlockReference
  2
49inch
 10
14219.60405578831
 20
-861645.1934506731
 30
0.0
 41
0.9995705467615587
 42
0.9995705467615587
 43
0.9995705467615587
 50
89.99999999999999
  0
MTEXT
  5
567
330
17
100
AcDbEntity
  8
Floor-Unit
 62
0
100
AcDbMText
 10
14239.59519293526
 20
-862017.5971452468
 30
0.0
 40
60.0
 41
725.4568910943151
 71
1
  1
\pxqc,t3;49" SCREEN
  0
LINE
  5
568
330
17
100
AcDbEntity
  8
Floor-Unit
  6
DASHDOT2
100
AcDbLine
 10
14301.61253250384
 20
-861643.0549321924
 30
0.0
 11
13812.59555558482
 21
-861643.0549321924
 31
0.0
  0
CIRCLE
  5
569
330
17
100
AcDbEntity
  8
Floor-Unit
100
AcDbCircle
 10
14057.10404404619
 20
-861643.0549321924
 30
0.0
 40
25.0
  0
LWPOLYLINE
  5
56A
330
17
100
AcDbEntity
  8
Floor-Unit
100
AcDbPolyline
 90
5
 70
0
 10
14035.45340894902
 20
-861630.5549321926
 10
13969.68910064542
 20
-861630.5549321926
 10
13969.68910064542
 20
-861655.5549321924
 10
14035.45340894902
 20
-861655.5549321924
 10
14035.45340894902
 20
-861630.5549321926
  0
LWPOLYLINE
  5
56B
330
17
100
AcDbEntity
  8
Floor-Unit
100
AcDbPolyline
 90
4
 70
1
 10
13959.68910064542
 20
-861593.0549321926
 10
13959.68910064542
 20
-861693.0549321924
 10
13969.68910064542
 20
-861693.0549321924
 10
13969.68910064542
 20
-861593.0549321926
  0
LWPOLYLINE
  5
56C
330
17
100
AcDbEntity
  8
Floor-Unit
100
AcDbPolyline
 90
5
 70
0
 10
14078.75467913964
 20
-861630.5549321926
 10
14144.51898744324
 20
-861630.5549321926
 10
14144.51898744324
 20
-861655.5549321924
 10
14078.75467913964
 20
-861655.5549321924
 10
14078.75467913964
 20
-861630.5549321926
  0
LWPOLYLINE
  5
56D
330
17
100
AcDbEntity
  8
Floor-Unit
100
AcDbPolyline
 90
4
 70
1
 10
14154.51898744324
 20
-861593.0549321926
 10
14154.51898744324
 20
-861693.0549321924
 10
14144.51898744324
 20
-861693.0549321924
 10
14144.51898744324
 20
-861593.0549321926
  0
MTEXT
  5
56E
330
17
100
AcDbEntity
  8
Floor-Unit
 62
0
100
AcDbMText
 10
13819.59519293526
 20
-862017.5971452468
 30
0.0
 40
60.0
 41
725.4568910943151
 71
1
  1
\pxqc,t3;49" SCREEN
  0
INSERT
  5
56F
330
17
100
AcDbEntity
  8
Floor-Unit
100
AcDbBlockReference
  2
blu zero rack details
 10
129030.3030588924
 20
-945184.7536328788
 30
0.0
 50
89.99999999999999
  0
MTEXT
  5
571
330
17
100
AcDbEntity
  8
LENS_TEXT
100
AcDbMText
 10
8200.160971023084
 20
-859152.0629467906
 30
0.0
 40
100.0
 41
357.25
 71
1
  1
\pxqc,t8;Blu zero
  0
INSERT
  5
572
330
17
100
AcDbEntity
  8
Floor-Unit
100
AcDbBlockReference
  2
POS1500
 10
18813.88630240032
 20
-861526.5549321879
 30
0.0
 50
270.0
  0
LWPOLYLINE
  5
574
330
17
100
AcDbEntity
  8
LENS_PARTITION
100
AcDbPolyline
 90
6
 70
1
 10
17588.88630240777
 20
-864435.2505826931
 10
17538.88630240777
 20
-864435.2505826931
 10
17538.88630240777
 20
-864358.0549321924
 10
17563.88630240777
 20
-864358.0549321924
 10
17563.88630240777
 20
-864378.0549321924
 10
17588.88630240777
 20
-864378.0549321924
  0
LWPOLYLINE
  5
575
330
17
100
AcDbEntity
  8
LENS_PARTITION
100
AcDbPolyline
 90
8
 70
1
 10
18248.8863024115
 20
-864338.0549321926
 10
18248.8863024115
 20
-864355.0549321926
 10
18220.8863024115
 20
-864355.0549321926
 10
18220.8863024115
 20
-864375.0549321926
 10
17566.88630240777
 20
-864375.0549321926
 10
17566.88630240777
 20
-864355.0549321926
 10
17538.88630240777
 20
-864355.0549321926
 10
17538.88630240777
 20
-864338.0549321926
  0
LWPOLYLINE
  5
576
330
17
100
AcDbEntity
  8
LENS_CURTAIN
100
AcDbPolyline
 90
8
 70
1
 10
18064.44924350449
 20
-863905.8832465066
 10
18074.17496266582
 20
-863919.8263590307
 10
18051.20983615139
 20
-863935.8451905838
 10
18062.65185869106
 20
-863952.2488523768
 10
17583.01917061576
 20
-864352.382874957
 10
17571.57714807609
 20
-864335.979213164
 10
17548.6120215691
 20
-864351.998044717
 10
17538.88630240777
 20
-864338.0549321927
  0
ARC
  5
577
330
17
100
AcDbEntity
  8
LENS_CURTAIN
100
AcDbCircle
 10
17496.95713848987
 20
-864406.8808551962
 30
1.3783085e-08
 40
755.0724966774976
100
AcDbArc
 50
5.229850350403237
 51
40.15880261587913
  0
LWPOLYLINE
  5
578
330
17
100
AcDbEntity
  8
LENS_PARTITION
100
AcDbPolyline
 90
6
 70
1
 10
18198.88630242267
 20
-864375.0549321926
 10
18223.88630242267
 20
-864375.0549321926
 10
18223.88630242267
 20
-864355.0549321926
 10
18248.88630242267
 20
-864355.0549321926
 10
18248.88630240777
 20
-864588.0549321924
 10
18198.88630240032
 20
-864588.0549321924
  0
LWPOLYLINE
  5
579
330
17
100
AcDbEntity
  8
LENS_PARTITION
100
AcDbPolyline
 90
4
 70
1
 10
16246.88630241895
 20
-860443.0549321923
 10
16246.88630241895
 20
-861643.0549321924
 10
16846.88630241895
 20
-861643.0549321924
 10
16846.88630241895
 20
-860443.0549321923
  0
INSERT
  5
57A
330
17
100
AcDbEntity
  8
0
100
AcDbBlockReference
  2
GHMHHGD
 10
16156.18603434408
 20
-860775.3501234787
 30
0.0
 50
179.9999999999999
  0
INSERT
  5
57C
330
17
100
AcDbEntity
  8
0
100
AcDbBlockReference
  2
GHMHHGD
 10
16156.18603434408
 20
-861319.0829936625
 30
0.0
 41
-1.0
  0
INSERT
  5
57E
330
17
100
AcDbEntity
  8
0
100
AcDbBlockReference
  2
GHMHHGD
 10
16937.58657049382
 20
-860775.3501234787
 30
0.0
 41
-1.0
 50
180.0
  0
INSERT
  5
580
330
17
100
AcDbEntity
  8
0
100
AcDbBlockReference
  2
GHMHHGD
 10
16937.58657049382
 20
-861319.0829936625
 30
0.0
  0
INSERT
  5
582
330
17
100
AcDbEntity
  8
Floor-Unit
100
AcDbBlockReference
  2
GFCHGFD
 10
10210.05290577368
 20
-858775.256956123
 30
0.0
  0
INSERT
  5
584
330
17
100
AcDbEntity
  8
Floor-Unit
100
AcDbBlockReference
  2
12MM VC PLAN
 10
11565.88630240032
 20
-858920.0549321924
 30
0.0
 41
-1.0
  0
MTEXT
  5
586
330
17
100
AcDbEntity
  8
LENS_TEXT
  6
Continuous
100
AcDbMText
 10
10209.27210735151
 20
-858996.5883236239
 30
3.4891272e-09
 40
100.0
 41
271.7848837209302
 71
1
  1
\pxql;Mirror
  0
MTEXT
  5
587
330
17
100
AcDbEntity
  8
LENS_TEXT
  6
Continuous
100
AcDbMText
 10
12165.27906020352
 20
-858996.5883236239
 30
3.4891272e-09
 40
100.0
 41
271.7848837209302
 71
1
  1
\pxql;LK-AIR
  0
MTEXT
  5
588
330
17
100
AcDbEntity
  8
LENS_TEXT
  6
Continuous
100
AcDbMText
 10
15648.1484549194
 20
-858996.5883236239
 30
3.4891272e-09
 40
100.0
 41
271.7848837209302
 71
1
  1
\pxql;VC-EYE
  0
MTEXT
  5
589
330
17
100
AcDbEntity
  8
LENS_TEXT
  6
Continuous
100
AcDbMText
 10
17009.71954763954
 20
-858990.380560413
 30
3.4891272e-09
 40
100.0
 41
271.7848837209302
 71
1
  1
\pxql;VC-EYE
  0
INSERT
  5
58A
330
17
100
AcDbEntity
  8
Floor-Unit
100
AcDbBlockReference
  2
12MM VC PLAN
 10
8865.886302400322
 20
-858920.0549321924
 30
0.0
 41
-1.0
  0
MTEXT
  5
58C
330
17
100
AcDbEntity
  8
LENS_TEXT
  6
Continuous
100
AcDbMText
 10
9465.279060203524
 20
-858996.5883236239
 30
3.4891272e-09
 40
100.0
 41
271.7848837209302
 71
1
  1
\pxql;LK-AIR
  0
INSERT
  5
58D
330
17
100
AcDbEntity
  8
Floor-Unit
100
AcDbBlockReference
  2
12MM VC PLAN
 10
10365.88630240032
 20
-858920.0549321924
 30
0.0
 41
-1.0
  0
MTEXT
  5
58F
330
17
100
AcDbEntity
  8
LENS_TEXT
  6
Continuous
100
AcDbMText
 10
10965.27906020352
 20
-858996.5883236239
 30
3.4891272e-09
 40
100.0
 41
271.7848837209302
 71
1
  1
\pxql;LK-AIR
  0
MTEXT
  5
590
330
17
100
AcDbEntity
  8
LENS_TEXT
  6
Continuous
100
AcDbMText
 10
13963.75783948967
 20
-858996.5883236239
 30
3.4891272e-09
 40
100.0
 41
271.7848837209302
 71
1
  1
\pxql;VC-EYE
  0
HATCH
  5
591
330
17
100
AcDbEntity
  8
IM-ANNO-HATCH
 62
7
100
AcDbHatch
 10
0.0
 20
0.0
 30
0.0
210
0.0
220
0.0
230
1.0
  2
CORK
 70
0
 71
0
 91
1
 92
3
 72
0
 73
1
 93
11
 10
16115.88630239659
 20
-858879.0549321926
 10
16115.88630239659
 20
-858649.0549321926
 10
16095.88630240032
 20
-858649.0549321926
 10
16095.88630240032
 20
-858839.0549321926
 10
16095.8863023966
 20
-858899.0549321926
 10
16359.88630240032
 20
-858899.0549321926
 10
16359.88630240032
 20
-858893.0549321926
 10
16359.88630240032
 20
-858849.0549321926
 10
16359.88630240032
 20
-858649.0549321926
 10
16339.88630240032
 20
-858649.0549321926
 10
16339.88630240032
 20
-858879.0549321926
 97
0
 75
0
 76
1
 98
0
  0
INSERT
  5
592
330
17
100
AcDbEntity
  8
Floor-Unit
100
AcDbBlockReference
  2
12MM VC PLAN
 10
17559.88630240032
 20
-858899.0549321926
 30
0.0
  0
LWPOLYLINE
  5
594
330
17
100
AcDbEntity
  8
LENS_PARTITION
100
AcDbPolyline
 90
4
 70
1
 10
16246.88630241895
 20
-862843.0549321924
 10
16246.88630241895
 20
-861643.0549321924
 10
16846.88630241895
 20
-861643.0549321924
 10
16846.88630241895
 20
-862843.0549321924
  0
INSERT
  5
595
330
17
100
AcDbEntity
  8
0
100
AcDbBlockReference
  2
GHMHHGD
 10
16156.18603434408
 20
-862510.7597409064
 30
0.0
 41
-1.0
  0
INSERT
  5
597
330
17
100
AcDbEntity
  8
0
100
AcDbBlockReference
  2
GHMHHGD
 10
16156.18603434408
 20
-861967.0268707224
 30
0.0
 50
180.0
  0
INSERT
  5
599
330
17
100
AcDbEntity
  8
0
100
AcDbBlockReference
  2
GHMHHGD
 10
16937.58657049382
 20
-862510.7597409064
 30
0.0
  0
INSERT
  5
59B
330
17
100
AcDbEntity
  8
0
100
AcDbBlockReference
  2
GHMHHGD
 10
16937.58657049382
 20
-861967.0268707224
 30
0.0
 41
-1.0
 50
180.0
  0
INSERT
  5
59D
330
17
100
AcDbEntity
  8
Floor-Unit
100
AcDbBlockReference
  2
GFCHGFD
 10
9194.7196990261
 20
-864482.852908262
 30
0.0
 50
180.0
  0
INSERT
  5
59F
330
17
100
AcDbEntity
  8
Floor-Unit
100
AcDbBlockReference
  2
GFCHGFD
 10
11283.05290577082
 20
-864482.852908262
 30
0.0
 41
-1.0
 50
180.0
  0
MTEXT
  5
5A1
330
17
100
AcDbEntity
  8
LENS_TEXT
  6
Continuous
100
AcDbMText
 10
8542.53136625135
 20
-864218.0307951496
 30
3.4891272e-09
 40
100.0
 41
271.7848837209302
 71
1
  1
\pxql;JJ-EYE
  0
MTEXT
  5
5A2
330
17
100
AcDbEntity
  8
LENS_TEXT
  6
Continuous
100
AcDbMText
 10
10662.0819232873
 20
-864239.4079907923
 30
3.4891272e-09
 40
100.0
 41
271.7848837209302
 71
1
  1
\pxql;JJ-EYE
  0
MTEXT
  5
5A3
330
17
100
AcDbEntity
  8
LENS_TEXT
  6
Continuous
100
AcDbMText
 10
9204.72409155214
 20
-864238.2604577299
 30
3.4891272e-09
 40
100.0
 41
271.7848837209302
 71
1
  1
\pxql;Mirror
  0
MTEXT
  5
5A4
330
17
100
AcDbEntity
  8
LENS_TEXT
  6
Continuous
100
AcDbMText
 10
11298.27088434988
 20
-864240.4917364371
 30
3.4891272e-09
 40
100.0
 41
271.7848837209302
 71
1
  1
\pxql;Mirror
  0
INSERT
  5
5A5
330
17
100
AcDbEntity
  8
Floor-Unit
100
AcDbBlockReference
  2
GFCHGFD
 10
13383.05290577368
 20
-864482.852908262
 30
0.0
 41
-1.0
 50
180.0
  0
MTEXT
  5
5A7
330
17
100
AcDbEntity
  8
LENS_TEXT
  6
Continuous
100
AcDbMText
 10
11833.41234859073
 20
-864244.7328133561
 30
3.4891272e-09
 40
100.0
 41
271.7848837209302
 71
1
  1
\pxql;JJ-EYE
  0
MTEXT
  5
5A8
330
17
100
AcDbEntity
  8
LENS_TEXT
  6
Continuous
100
AcDbMText
 10
12740.15992665657
 20
-864242.6131901052
 30
3.4891272e-09
 40
100.0
 41
271.7848837209302
 71
1
  1
\pxql;JJ-EYE
  0
MTEXT
  5
5A9
330
17
100
AcDbEntity
  8
LENS_TEXT
  6
Continuous
100
AcDbMText
 10
13398.27088434988
 20
-864238.3702827691
 30
3.4891272e-09
 40
100.0
 41
271.7848837209302
 71
1
  1
\pxql;Mirror
  0
INSERT
  5
5AA
330
17
100
AcDbEntity
  8
Floor-Unit
100
AcDbBlockReference
  2
dfbdfhq
 10
11427.0914880372
 20
-864588.0549321928
 30
0.0
 50
180.0
  0
INSERT
  5
5AC
330
17
100
AcDbEntity
  8
Floor-Unit
100
AcDbBlockReference
  2
dfbdfhq
 10
13250.68111676344
 20
-864588.0549321928
 30
0.0
 41
-1.0
 50
180.0
  0
MTEXT
  5
5AE
330
17
100
AcDbEntity
  8
LENS_TEXT
  6
Continuous
100
AcDbMText
 10
13963.13122347364
 20
-864246.8542670242
 30
3.4891272e-09
 40
100.0
 41
271.7848837209302
 71
1
  1
\pxql;JJ-EYE
  0
INSERT
  5
5AF
330
17
100
AcDbEntity
  8
Floor-Unit
100
AcDbBlockReference
  2
dfbdfhq
 10
13527.0914880372
 20
-864588.0549321928
 30
0.0
 50
180.0
  0
MTEXT
  5
5B1
330
17
100
AcDbEntity
  8
LENS_TEXT
  6
Continuous
100
AcDbMText
 10
14766.85723098734
 20
-864240.4935668544
 30
3.4891272e-09
 40
100.0
 41
271.7848837209302
 71
1
  1
\pxql;BRANDED
  0
INSERT
  5
5B2
330
17
100
AcDbEntity
  8
Floor-Unit
100
AcDbBlockReference
  2
dfbdfhq
 10
15350.68111676344
 20
-864588.0549321928
 30
0.0
 41
-1.0
 50
180.0
  0
MTEXT
  5
5B4
330
17
100
AcDbEntity
  8
LENS_TEXT
  6
Continuous
100
AcDbMText
 10
9768.056722704265
 20
-864236.025379594
 30
3.4891272e-09
 40
100.0
 41
271.7848837209302
 71
1
  1
\pxql;JJ-EYE
  0
INSERT
  5
5B5
330
17
100
AcDbEntity
  8
Floor-Unit
100
AcDbBlockReference
  2
dfbdfhq
 10
11150.68111676344
 20
-864588.0549321928
 30
0.0
 41
-1.0
 50
180.0
  0
INSERT
  5
5B7
330
17
100
AcDbEntity
  8
Floor-Unit
100
AcDbBlockReference
  2
dfbdfhq
 10
9327.0914880372
 20
-864588.0549321928
 30
0.0
 50
180.0
  0
INSERT
  5
5B9
330
17
100
AcDbEntity
  8
Floor-Unit
100
AcDbBlockReference
  2
dfbdfhq
 10
9050.681116763444
 20
-864548.0549321926
 30
0.0
 41
-1.0
 50
180.0
  0
LWPOLYLINE
  5
5BB
330
17
100
AcDbEntity
  8
LENS_PARTITION
100
AcDbPolyline
 90
4
 70
1
 10
15788.88630240032
 20
-864588.0549321924
 10
15338.88630240032
 20
-864588.0549321924
 10
15338.88630240032
 20
-864338.0549321927
 10
15788.88630240032
 20
-864338.0549321927
  0
LWPOLYLINE
  5
5BC
330
17
100
AcDbEntity
  8
LENS_PARTITION
100
AcDbPolyline
 90
4
 70
1
 10
15768.88630240032
 20
-864588.0549321924
 10
15358.88630240032
 20
-864588.0549321924
 10
15358.88630240032
 20
-864358.0549321928
 10
15768.88630240032
 20
-864358.0549321928
  0
INSERT
  5
5BD
330
17
100
AcDbEntity
  8
Floor-Unit
100
AcDbBlockReference
  2
1010MM VC PLAN
 10
13980.71963573241
 20
-858673.0549321926
 30
0.0
 41
-1.0
  0
INSERT
  5
5BF
330
17
100
AcDbEntity
  8
Floor-Unit
100
AcDbBlockReference
  2
1010MM VC PLAN
 10
15591.0529690645
 20
-858673.0549321926
 30
0.0
  0
LWPOLYLINE
  5
5C1
330
17
100
AcDbEntity
  8
LENS_PARTITION
100
AcDbPolyline
 90
4
 70
1
 10
16359.88630240032
 20
-858899.0549321926
 10
16095.8863023966
 20
-858899.0549321926
 10
16095.8863023966
 20
-858649.0549321926
 10
16359.88630240032
 20
-858649.0549321926
  0
LWPOLYLINE
  5
5C2
330
17
100
AcDbEntity
  8
LENS_PARTITION
100
AcDbPolyline
 90
4
 70
1
 10
16339.88630240032
 20
-858879.0549321926
 10
16115.88630239659
 20
-858879.0549321926
 10
16115.88630239659
 20
-858649.0549321926
 10
16339.88630240032
 20
-858649.0549321926
  0
MTEXT
  5
5C3
330
17
100
AcDbEntity
  8
LENS_TEXT
  6
Continuous
100
AcDbMText
 10
11023.88700293744
 20
-862085.6554830314
 30
0.0
 40
100.0
 41
421.5668604651161
 71
1
  1
\pxql;VC-SUN
  0
MTEXT
  5
5C4
330
17
100
AcDbEntity
  8
LENS_TEXT
  6
Continuous
100
AcDbMText
 10
11023.88700293744
 20
-861100.3826272208
 30
0.0
 40
100.0
 41
421.5668604651161
 71
1
  1
\pxql;VC-SUN
  0
MTEXT
  5
5C5
330
17
100
AcDbEntity
  8
LENS_TEXT
  6
Continuous
100
AcDbMText
 10
12323.37928606564
 20
-862085.6554830314
 30
0.0
 40
100.0
 41
421.5668604651161
 71
1
  1
\pxql;VC-SUN
  0
MTEXT
  5
5C6
330
17
100
AcDbEntity
  8
LENS_TEXT
  6
Continuous
100
AcDbMText
 10
12323.37928606564
 20
-861100.3826272208
 30
0.0
 40
100.0
 41
421.5668604651161
 71
1
  1
\pxql;VC-SUN
  0
LWPOLYLINE
  5
5C7
330
17
100
AcDbEntity
  8
LENS_PARTITION
100
AcDbPolyline
 90
9
 70
1
 10
17251.24412971356
 20
-864338.0549321937
 10
17438.88630241895
 20
-864338.0549321926
 10
17438.88630241895
 20
-864588.054932288
 10
15788.88630240032
 20
-864588.0549321924
 10
15788.88630240032
 20
-864338.0549321926
 10
15974.80394088471
 20
-864338.0549321926
 10
16024.80394088471
 20
-864388.0549321926
 10
16024.80394088471
 20
-864434.9725706751
 10
17201.37905238563
 20
-864391.7256357921
  0
MTEXT
  5
5C8
330
17
100
AcDbEntity
  8
LENS_TEXT
  6
Continuous
100
AcDbMText
 10
16638.85237199111
 20
-864558.0983232367
 30
6.9782544e-09
 40
100.0
 41
1158.208065842342
 71
1
  1
\pxqc;JJ-SUN ZONE WITH FLUTING FIXTURE & SHELF 
  0
LWPOLYLINE
  5
5C9
330
17
100
AcDbEntity
  8
LENS_CURTAIN
100
AcDbPolyline
 90
4
 70
0
 10
15788.88630240032
 20
-864338.0549321926
 10
15788.88630240032
 20
-864281.8902091674
 10
17438.88630241895
 20
-864281.8902090718
 10
17438.88630241895
 20
-864338.0549321926
  0
LWPOLYLINE
  5
5CA
330
17
100
AcDbEntity
  8
LENS_CURTAIN
100
AcDbPolyline
 90
4
 70
0
 10
15688.88630240032
 20
-864338.0549321926
 10
15688.88630240032
 20
-864272.9519494321
 10
17538.88630241895
 20
-864272.9519493311
 10
17538.88630241895
 20
-864338.0549321926
  0
INSERT
  5
5CB
330
17
100
AcDbEntity
  8
0
100
AcDbBlockReference
  2
A$Cf47e29e2
 10
14001.41654404619
 20
-861699.0549321924
 30
0.0
 41
-1.0
 50
180.0
  0
INSERT
  5
5CD
330
17
100
AcDbEntity
  8
0
100
AcDbBlockReference
  2
A$Cf47e29e2
 10
14001.41654404619
 20
-860659.0549321926
 30
0.0
 41
-1.0
 50
180.0
  0
INSERT
  5
5CF
330
17
100
AcDbEntity
  8
0
100
AcDbBlockReference
  2
A$Cf47e29e2
 10
11601.41654404619
 20
-861699.0549321924
 30
0.0
 41
-1.0
 50
180.0
  0
INSERT
  5
5D1
330
17
100
AcDbEntity
  8
0
100
AcDbBlockReference
  2
A$Cf47e29e2
 10
11601.41654404619
 20
-860659.0549321926
 30
0.0
 41
-1.0
 50
180.0
  0
INSERT
  5
5D3
330
17
100
AcDbEntity
  8
0
100
AcDbBlockReference
  2
A$Cf47e29e2
 10
9201.416544046195
 20
-861924.5731226344
 30
0.0
 41
-1.0
 50
180.0
  0
INSERT
  5
5D5
330
17
100
AcDbEntity
  8
0
100
AcDbBlockReference
  2
A$Cf47e29e2
 10
9201.416544046195
 20
-860884.5731226344
 30
0.0
 41
-1.0
 50
180.0
  0
LWPOLYLINE
  5
5D7
330
17
100
AcDbEntity
  8
Mirror
100
AcDbPolyline
 90
2
 70
0
 10
15338.88630240405
 20
-864338.0549321927
 10
15788.88630240032
 20
-864338.0549321926
  0
LWPOLYLINE
  5
5D8
330
17
100
AcDbEntity
  8
Mirror
100
AcDbPolyline
 90
2
 70
0
 10
15338.88630240405
 20
-864332.0549321927
 10
15788.88630240032
 20
-864332.0549321926
  0
LWPOLYLINE
  5
5D9
330
17
100
AcDbEntity
  8
Mirror
100
AcDbPolyline
 90
2
 70
0
 10
16095.8863023966
 20
-858899.0549321926
 10
16359.88630240032
 20
-858899.0549321926
  0
LWPOLYLINE
  5
5DA
330
17
100
AcDbEntity
  8
Mirror
100
AcDbPolyline
 90
2
 70
0
 10
16095.8863023966
 20
-858905.0549321926
 10
16359.88630240032
 20
-858905.0549321926
  0
LWPOLYLINE
  5
5DB
330
17
100
AcDbEntity
  8
Mirror
100
AcDbPolyline
 90
4
 70
0
 10
12784.88630240032
 20
-858919.4129904315
 10
12784.88630240032
 20
-858980.0549321926
 10
13475.88630240032
 20
-858980.0549321926
 10
13475.88630240032
 20
-858899.0549321926
  0
LWPOLYLINE
  5
5DC
330
17
100
AcDbEntity
  8
Mirror
100
AcDbPolyline
 90
4
 70
0
 10
12778.88630240032
 20
-858919.4129904315
 10
12778.88630240032
 20
-858986.0549321924
 10
13481.88630240032
 20
-858986.0549321924
 10
13481.88630240032
 20
-858899.0549321926
  0
LWPOLYLINE
  5
5DD
330
17
100
AcDbEntity
  8
Mirror
100
AcDbPolyline
 90
4
 70
0
 10
8865.886302400322
 20
-858920.0549321924
 10
8865.886302400322
 20
-858978.0549321926
 10
8146.886302400323
 20
-858978.0549321926
 10
8146.886302400323
 20
-858777.0549321926
  0
LWPOLYLINE
  5
5DE
330
17
100
AcDbEntity
  8
Mirror
100
AcDbPolyline
 90
4
 70
0
 10
8871.886302400322
 20
-858920.0549321924
 10
8871.886302400322
 20
-858984.0549321926
 10
8140.886302400323
 20
-858984.0549321926
 10
8140.886302400323
 20
-858777.0549321926
  0
LWPOLYLINE
  5
5DF
330
17
100
AcDbEntity
  8
Mirror
100
AcDbPolyline
 90
2
 70
0
 10
8138.886302400322
 20
-864778.5549321926
 10
8138.886302400322
 20
-864298.0549321924
  0
LWPOLYLINE
  5
5E0
330
17
100
AcDbEntity
  8
Mirror
100
AcDbPolyline
 90
2
 70
0
 10
8132.886302400322
 20
-864778.5549321926
 10
8132.886302400322
 20
-864298.0549321924
  0
INSERT
  5
5E1
330
17
100
AcDbEntity
  8
LENS_PARTITION
100
AcDbBlockReference
  2
servgewrgtrs
 10
21152.6789715066
 20
-859240.4499289262
 30
0.0
 50
270.0
  0
MTEXT
  5
5E3
330
17
100
AcDbEntity
  8
LENS_TEXT
  6
Continuous
100
AcDbMText
 10
20949.93799865612
 20
-860108.4689978464
 30
0.0
 40
100.0
 41
551.3633720930231
 71
1
  1
\pxqc;CLINIC-1\P(Operational)
  0
INSERT
  5
5E4
330
17
100
AcDbEntity
  8
0
100
AcDbBlockReference
  2
CLINIC - CABINET SINK
 10
21037.52675881976
 20
-860981.0549321926
 30
0.0
 50
180.0
  0
INSERT
  5
5E6
330
17
100
AcDbEntity
  8
0
100
AcDbBlockReference
  2
CLINIC - MOP CLOSET
 10
20311.24584596598
 20
-860990.0549321926
 30
0.0
 41
-1.0
 50
180.0
  0
HATCH
  5
5E8
330
17
100
AcDbEntity
  8
IM-ANNO-HATCH
 62
7
100
AcDbHatch
 10
0.0
 20
0.0
 30
0.0
210
0.0
220
0.0
230
1.0
  2
CORK
 70
0
 71
0
 91
0
 75
0
 76
1
 98
0
  0
LWPOLYLINE
  5
5E9
330
17
100
AcDbEntity
  8
LENS_PARTITION
100
AcDbPolyline
 90
4
 70
1
 10
20136.88630240032
 20
-858593.054932192
 10
20136.88630240032
 20
-860006.0549321926
 10
20036.88630240032
 20
-860006.0549321926
 10
20036.88630240032
 20
-858593.054932192
  0
LWPOLYLINE
  5
5EA
330
17
100
AcDbEntity
  8
LENS_PARTITION
100
AcDbPolyline
 90
4
 70
1
 10
18339.88630240405
 20
-858945.0549321922
 10
18239.88630240032
 20
-858945.0549321922
 10
18239.88630239659
 20
-860006.0549321926
 10
18339.8863023966
 20
-860006.0549321926
  0
MTEXT
  5
5EB
330
17
100
AcDbEntity
  8
LENS_TEXT
  6
Continuous
100
AcDbMText
 10
18864.27268450701
 20
-859481.5015730633
 30
0.0
 40
100.0
 41
551.3633720930231
 71
1
  1
\pxqc;MC5S CLINIC
  0
LWPOLYLINE
  5
5EC
330
17
100
AcDbEntity
  8
LENS_PARTITION
100
AcDbPolyline
 90
4
 70
1
 10
19089.88630240405
 20
-860006.0549321926
 10
20036.88630240032
 20
-860006.0549321926
 10
20036.88630240032
 20
-859906.0549321924
 10
19089.88630240405
 20
-859906.0549321924
  0
LWPOLYLINE
  5
5ED
330
17
100
AcDbEntity
  8
LENS_CURTAIN
100
AcDbPolyline
 90
4
 70
1
 10
18339.88630240405
 20
-860006.0549321926
 10
19089.88630240405
 20
-860006.0549321926
 10
19089.88630240405
 20
-859906.0549321924
 10
18339.88630240405
 20
-859906.0549321924
  0
LWPOLYLINE
  5
5EE
330
17
100
AcDbEntity
  8
LENS_PARTITION
100
AcDbPolyline
 90
12
 70
1
 10
20028.30562457064
 20
-858693.0549321926
 10
19803.30562457064
 20
-858693.0549321926
 10
19778.30562457064
 20
-858668.0549321924
 10
19778.30562457064
 20
-858668.0549321924
 10
19753.30562457064
 20
-858643.0549321924
 10
19528.30562457064
 20
-858643.0549321924
 10
19528.30562457064
 20
-859243.0549321926
 10
19753.30562457064
 20
-859243.0549321926
 10
19778.30562457064
 20
-859218.0549321926
 10
19778.30562457064
 20
-859218.0549321926
 10
19803.30562457064
 20
-859193.0549321924
 10
20028.30562457064
 20
-859193.0549321924
  0
INSERT
  5
5EF
330
17
100
AcDbEntity
  8
Floor-Unit
100
AcDbBlockReference
  2
serrgea
 10
18498.03105820337
 20
-858943.0321059213
 30
0.0
 50
89.99999999999999
  0
INSERT
  5
5F1
330
17
100
AcDbEntity
  8
Floor-Unit
  6
ByBlock
100
AcDbBlockReference
  2
Chair
 10
6200.38462951401
 20
-491575.6428858731
 30
0.0
 41
-0.6265822784810225
 42
0.6265822784810225
 43
0.6265822784810225
 50
90.0
  0
LWPOLYLINE
  5
5F3
330
17
100
AcDbEntity
  8
LENS_PARTITION
 62
1
100
AcDbPolyline
 90
4
 70
1
 10
19796.30562457064
 20
-858718.0549321924
 10
19796.30562457064
 20
-859168.0549321926
 10
20003.30562457064
 20
-859168.0549321926
 10
20003.30562457064
 20
-858718.0549321924
  0
LWPOLYLINE
  5
5F4
330
17
100
AcDbEntity
  8
LENS_CURTAIN
100
AcDbPolyline
 90
4
 70
1
 10
20001.88630240032
 20
-860006.0549321926
 10
19901.88630240032
 20
-860006.0549321926
 10
19901.88630240032
 20
-860756.0549321924
 10
20001.88630240032
 20
-860756.0549321924
  0
LWPOLYLINE
  5
5F5
330
17
100
AcDbEntity
  8
LENS_CURTAIN
100
AcDbPolyline
 90
4
 70
1
 10
20001.88630240032
 20
-862996.0549321927
 10
19901.88630240032
 20
-862996.0549321927
 10
19901.88630240032
 20
-863746.0549321926
 10
20001.88630240032
 20
-863746.0549321926
  0
HATCH
  5
5F6
330
17
100
AcDbEntity
  8
IM-ANNO-HATCH
 62
7
100
AcDbHatch
 10
0.0
 20
0.0
 30
0.0
210
0.0
220
0.0
230
1.0
  2
CORK
 70
0
 71
0
 91
0
 75
0
 76
1
 98
0
  0
LWPOLYLINE
  5
5F7
330
17
100
AcDbEntity
  8
LENS_PARTITION
100
AcDbPolyline
 90
4
 70
1
 10
20001.88630240032
 20
-861206.0549321924
 10
21636.88630240032
 20
-861206.0549321924
 10
21636.88630240032
 20
-861306.0549321926
 10
20001.88630240032
 20
-861306.0549321926
  0
INSERT
  5
5F8
330
17
100
AcDbEntity
  8
LENS_PARTITION
100
AcDbBlockReference
  2
servgewrgtrs
 10
21137.9103870056
 20
-861708.4499289333
 30
0.0
 50
270.0
  0
MTEXT
  5
5FA
330
17
100
AcDbEntity
  8
LENS_TEXT
  6
Continuous
100
AcDbMText
 10
20914.41521249333
 20
-862643.0776468009
 30
0.0
 40
100.0
 41
551.3633720930231
 71
1
  1
\pxqc;CLINIC-2\P(Operational)
  0
LWPOLYLINE
  5
5FB
330
17
100
AcDbEntity
  8
LENS_PARTITION
100
AcDbPolyline
 90
4
 70
1
 10
19270.88630240032
 20
-864338.0549321926
 10
19170.88630240032
 20
-864338.0549321926
 10
19170.88630240032
 20
-865406.0549321924
 10
19270.88630240032
 20
-865406.0549321924
  0
LWPOLYLINE
  5
5FC
330
17
100
AcDbEntity
  8
LENS_PARTITION
100
AcDbPolyline
 90
4
 70
1
 10
19270.88630240032
 20
-865306.0549321924
 10
21583.88630240032
 20
-865306.0549321924
 10
21583.88630240032
 20
-865406.0549321924
 10
19270.88630240032
 20
-865406.0549321924
  0
LWPOLYLINE
  5
5FD
330
17
100
AcDbEntity
  8
LENS_PARTITION
100
AcDbPolyline
 90
4
 70
1
 10
21583.88630240032
 20
-863746.0549321926
 10
19901.88630240032
 20
-863746.0549321926
 10
19901.88630240032
 20
-863846.0549321926
 10
21583.88630240032
 20
-863846.0549321926
  0
INSERT
  5
5FE
330
17
100
AcDbEntity
  8
LENS_PARTITION
100
AcDbBlockReference
  2
servgewrgtrs
 10
21168.4913056604
 20
-864859.6045915383
 30
0.0
 50
180.0
  0
LWPOLYLINE
  5
600
330
17
100
AcDbEntity
  8
LENS_CURTAIN
100
AcDbPolyline
 90
4
 70
1
 10
18420.88630240032
 20
-864338.0549321926
 10
19170.88630240032
 20
-864338.0549321926
 10
19170.88630240032
 20
-864438.0549321924
 10
18420.88630240032
 20
-864438.0549321924
  0
MTEXT
  5
601
330
17
100
AcDbEntity
  8
LENS_TEXT
  6
Continuous
100
AcDbMText
 10
20104.88269383455
 20
-864634.9117821298
 30
0.0
 40
100.0
 41
551.3633720930231
 71
1
  1
\pxqc;CLINIC-3\P(Operational)
  0
LWPOLYLINE
  5
602
330
17
100
AcDbEntity
  8
LENS_CURTAIN
100
AcDbPolyline
 90
7
 70
1
 10
19170.88630240032
 20
-864296.6335759526
 10
19170.88630240032
 20
-864338.0549321926
 10
19270.88630240032
 20
-864338.0549321926
 10
19802.88630240032
 20
-863846.0549321926
 10
19901.88630240032
 20
-863846.0549321926
 10
19901.88630240032
 20
-863746.0549321926
 10
19761.46494616189
 20
-863746.0549321926
  0
LWPOLYLINE
  5
603
330
17
100
AcDbEntity
  8
Screen
100
AcDbPolyline
 90
4
 70
1
 10
19901.88630240032
 20
-861716.0549321928
 10
19901.88630240032
 20
-861396.0549321927
 10
19811.88630240032
 20
-861396.0549321927
 10
19811.88630240032
 20
-861716.0549321928
  0
LWPOLYLINE
  5
604
330
17
100
AcDbEntity
  8
Screen
100
AcDbPolyline
 90
4
 70
1
 10
19901.88630240032
 20
-861396.0549321927
 10
19901.88630240032
 20
-861076.0549321927
 10
19811.88630240032
 20
-861076.0549321927
 10
19811.88630240032
 20
-861396.0549321927
  0
LWPOLYLINE
  5
605
330
17
100
AcDbEntity
  8
Screen
100
AcDbPolyline
 90
4
 70
1
 10
19901.88630240032
 20
-861076.0549321927
 10
19901.88630240032
 20
-860756.0549321927
 10
19811.88630240032
 20
-860756.0549321927
 10
19811.88630240032
 20
-861076.0549321927
  0
LWPOLYLINE
  5
606
330
17
100
AcDbEntity
  8
Screen
100
AcDbPolyline
 90
4
 70
1
 10
19901.88630240032
 20
-862356.0549321927
 10
19901.88630240032
 20
-862036.0549321928
 10
19811.88630240032
 20
-862036.0549321928
 10
19811.88630240032
 20
-862356.0549321927
  0
LWPOLYLINE
  5
607
330
17
100
AcDbEntity
  8
Screen
100
AcDbPolyline
 90
4
 70
1
 10
19901.88630240032
 20
-862036.0549321928
 10
19901.88630240032
 20
-861716.0549321928
 10
19811.88630240032
 20
-861716.0549321928
 10
19811.88630240032
 20
-862036.0549321928
  0
LWPOLYLINE
  5
608
330
17
100
AcDbEntity
  8
Screen
100
AcDbPolyline
 90
4
 70
1
 10
19901.88630240032
 20
-862676.0549321927
 10
19901.88630240032
 20
-862356.0549321927
 10
19811.88630240032
 20
-862356.0549321927
 10
19811.88630240032
 20
-862676.0549321927
  0
LWPOLYLINE
  5
609
330
17
100
AcDbEntity
  8
LENS_PARTITION
100
AcDbPolyline
 90
8
 70
1
 10
20001.88630240032
 20
-862996.0549321927
 10
19901.88630240032
 20
-862996.0549321927
 10
19901.88630240032
 20
-862831.0549321926
 10
19901.88630240032
 20
-862831.0549321926
 10
19901.88630240032
 20
-860881.0549321924
 10
19901.88630240032
 20
-860881.0549321924
 10
19901.88630240032
 20
-860756.0549321927
 10
20001.88630240032
 20
-860756.0549321927
  0
MTEXT
  5
60A
330
17
100
AcDbEntity
  8
LENS_TEXT
  6
Continuous
100
AcDbMText
 10
19739.35910160833
 20
-861874.9067032577
 30
0.0
 40
100.0
 41
745.984892226658
 71
1
  1
\pxqc;VIDEO WALL
  0
HATCH
  5
60B
330
17
100
AcDbEntity
  8
IM-ANNO-HATCH
 62
7
100
AcDbHatch
 10
0.0
 20
0.0
 30
0.0
210
0.0
220
0.0
230
1.0
  2
CORK
 70
0
 71
0
 91
0
 75
0
 76
1
 98
0
  0
LWPOLYLINE
  5
60C
330
17
100
AcDbEntity
  8
LENS_PARTITION
100
AcDbPolyline
 90
4
 70
1
 10
18420.88630240032
 20
-864338.0549321926
 10
18248.88630240777
 20
-864338.0549321926
 10
18248.88630240777
 20
-864588.0549321924
 10
18420.88630240032
 20
-864588.0549321924
  0
LWPOLYLINE
  5
60D
330
17
100
AcDbEntity
  8
LENS_PARTITION
100
AcDbPolyline
 90
4
 70
1
 10
18400.88630240032
 20
-864358.0549321924
 10
18268.88630240777
 20
-864358.0549321924
 10
18268.88630240777
 20
-864588.0549321924
 10
18400.88630240032
 20
-864588.0549321924
  0
LWPOLYLINE
  5
60E
330
17
100
AcDbEntity
  8
LK-FLUTTED FINISH
  6
ACAD_ISO03W100
100
AcDbPolyline
 90
3
 70
0
 10
18239.88630239659
 20
-860018.0549321924
 10
19889.88630240032
 20
-860018.0549321924
 10
19889.88630240032
 20
-860756.0549321924
  0
LWPOLYLINE
  5
60F
330
17
100
AcDbEntity
  8
LK-FLUTTED FINISH
  6
ACAD_ISO03W100
100
AcDbPolyline
 90
6
 70
0
 10
18248.88630240777
 20
-864326.0549321315
 10
19158.88630240032
 20
-864326.0549321315
 10
19158.88630240032
 20
-864291.6630132042
 10
19756.49438341329
 20
-863734.0549321924
 10
19889.88630240032
 20
-863734.0549321924
 10
19889.88630240032
 20
-862996.0549321927
  0
MTEXT
  5
610
330
17
100
AcDbEntity
  8
LENS_TEXT
  6
Continuous
100
AcDbMText
 10
20464.61167576903
 20
-866289.2339270451
 30
0.0
 40
100.0
 41
551.3633720930231
 71
1
  1
\pxqc;STORE
  0
LWPOLYLINE
  5
611
330
17
100
AcDbEntity
  8
Floor-Unit
100
AcDbPolyline
 90
4
 70
1
 10
19782.38357246289
 20
-865856.0549321924
 10
20232.38357246289
 20
-865856.0549321924
 10
20232.38357246289
 20
-865406.0549321924
 10
19782.38357246289
 20
-865406.0549321924
  0
MTEXT
  5
612
330
17
100
AcDbEntity
  8
Floor-Unit
  6
Continuous
 62
0
100
AcDbMText
 10
20018.98806440824
 20
-865673.3866592492
 30
0.0
 40
100.0
 41
352.216247797943
 71
1
  1
\pxqc;water dispenser 
  0
LWPOLYLINE
  5
613
330
17
100
AcDbEntity
  8
Floor-Unit
100
AcDbPolyline
 90
4
 70
1
 10
18420.88630240777
 20
-867122.0549321924
 10
19620.88630240777
 20
-867122.0549321924
 10
19620.88630240777
 20
-866672.0549321924
 10
18420.88630240777
 20
-866672.0549321924
  0
INSERT
  5
614
330
17
100
AcDbEntity
  8
Floor-Unit
100
AcDbBlockReference
  2
DFGHTHRTWE
 10
18870.88630240777
 20
-866597.0549321924
 30
0.0
 50
179.9999999999999
  0
MTEXT
  5
616
330
17
100
AcDbEntity
  8
Floor-Unit
  6
Continuous
 62
0
100
AcDbMText
 10
18998.96685085067
 20
-866894.0450854305
 30
0.0
 40
100.0
 41
783.9636358173434
 71
1
  1
\pxqc;QC TABLE
  0
LWPOLYLINE
  5
617
330
17
100
AcDbEntity
  8
Floor-Unit
100
AcDbPolyline
 90
4
 70
1
 10
21420.88630240778
 20
-866672.0549321924
 10
20520.88630240777
 20
-866672.0549321924
 10
20520.88630240777
 20
-867122.0549321924
 10
21420.88630240778
 20
-867122.0549321924
  0
MTEXT
  5
618
330
17
100
AcDbEntity
  8
Floor-Unit
  6
Continuous
 62
0
100
AcDbMText
 10
20993.64940634737
 20
-866868.2663665055
 30
0.0
 40
100.0
 41
1099.486866972408
 71
1
  1
\pxqc;STORAGE RACK
  0
LWPOLYLINE
  5
619
330
17
100
AcDbEntity
  8
Floor-Unit
100
AcDbPolyline
 90
4
 70
1
 10
19620.88630240777
 20
-867122.0549321924
 10
20520.88630240777
 20
-867122.0549321924
 10
20520.88630240777
 20
-866672.0549321924
 10
19620.88630240777
 20
-866672.0549321924
  0
INSERT
  5
61A
330
17
100
AcDbEntity
  8
Floor-Unit
100
AcDbBlockReference
  2
DFGHTHRTWE
 10
20070.88630240777
 20
-866597.0549321924
 30
0.0
 50
179.9999999999999
  0
MTEXT
  5
61C
330
17
100
AcDbEntity
  8
Floor-Unit
  6
Continuous
 62
0
100
AcDbMText
 10
20093.51344569394
 20
-866894.0450854305
 30
0.0
 40
100.0
 41
783.9636358173434
 71
1
  1
\pxqc;REPAIR TABLE
  0
LWPOLYLINE
  5
61D
330
17
100
AcDbEntity
  8
Floor-Unit
100
AcDbPolyline
 90
4
 70
1
 10
21133.88630240777
 20
-865772.0549321926
 10
21133.88630240777
 20
-866672.0549321924
 10
21583.88630240777
 20
-866672.0549321924
 10
21583.88630240777
 20
-865772.0549321926
  0
MTEXT
  5
61E
330
17
100
AcDbEntity
  8
Floor-Unit
  6
Continuous
 62
0
100
AcDbMText
 10
21330.09773672366
 20
-866199.2918282528
 30
0.0
 40
100.0
 41
1099.486866972408
 71
1
  1
\pxqc;UPS RACK
  0
LWPOLYLINE
  5
61F
330
17
100
AcDbEntity
  8
Floor-Unit
100
AcDbPolyline
 90
4
 70
1
 10
21133.88630240777
 20
-865406.0549321924
 10
20233.88630240777
 20
-865406.0549321924
 10
20233.88630240777
 20
-865856.0549321924
 10
21133.88630240777
 20
-865856.0549321924
  0
MTEXT
  5
620
330
17
100
AcDbEntity
  8
Floor-Unit
  6
Continuous
 62
0
100
AcDbMText
 10
20714.53474065656
 20
-865670.5586681482
 30
0.0
 40
100.0
 41
1099.486866972408
 71
1
  1
\pxqc;STAFF RACK
  0
LWPOLYLINE
  5
621
330
17
100
AcDbEntity
  8
curtain
  6
ZIGZAG
100
AcDbPolyline
 90
2
 70
0
 10
18420.88630240032
 20
-864463.0549321924
 10
19170.88630240032
 20
-864463.0549321924
  0
LWPOLYLINE
  5
622
330
17
100
AcDbEntity
  8
curtain
  6
ZIGZAG
100
AcDbPolyline
 90
3
 70
0
 10
19288.56397193292
 20
-864355.7326017224
 10
19813.24164145806
 20
-863871.0549321926
 10
19901.88630240032
 20
-863871.0549321926
  0
LWPOLYLINE
  5
623
330
17
100
AcDbEntity
  8
curtain
  6
ZIGZAG
100
AcDbPolyline
 90
2
 70
0
 10
20026.88630240032
 20
-863746.0549321926
 10
20026.88630240032
 20
-862996.0549321927
  0
LWPOLYLINE
  5
624
330
17
100
AcDbEntity
  8
curtain
  6
ZIGZAG
100
AcDbPolyline
 90
2
 70
0
 10
20026.88630240032
 20
-860756.0549321924
 10
20026.88630240032
 20
-860006.0549321926
  0
LWPOLYLINE
  5
625
330
17
100
AcDbEntity
  8
curtain
  6
ZIGZAG
100
AcDbPolyline
 90
2
 70
0
 10
19089.88630240405
 20
-859881.0549321926
 10
18339.88630240032
 20
-859881.0549321886
  0
MTEXT
  5
626
330
17
100
AcDbEntity
  8
LN-TEXT
100
AcDbMText
 10
18543.09015010291
 20
-864424.6451633724
 30
25.77889637483185
 40
75.00000000000001
 41
478.3572936343117
 71
1
  1
\pxqc,t8;{\fRomantic|b0|i1|c2|p2;..Curtain..}
  0
MTEXT
  5
627
330
17
100
AcDbEntity
  8
LN-TEXT
100
AcDbMText
 10
19369.91033707553
 20
-864229.4948557131
 30
25.77889637483185
 40
75.0
 41
448.5637896753555
 71
1
  1
\pxqc,t8;{\fRomantic|b0|i1|c2|p2;..Curtain..}
  0
MTEXT
  5
628
330
17
100
AcDbEntity
  8
LN-TEXT
100
AcDbMText
 10
19991.22480237478
 20
-863679.4858595722
 30
25.77889637483185
 40
75.00000000000001
 41
478.3572936343117
 71
1
  1
\pxqc,t8;{\fRomantic|b0|i1|c2|p2;..Curtain..}
  0
MTEXT
  5
629
330
17
100
AcDbEntity
  8
LN-TEXT
100
AcDbMText
 10
19991.22480237478
 20
-860608.581447377
 30
25.77889637483185
 40
75.00000000000001
 41
478.3572936343117
 71
1
  1
\pxqc,t8;{\fRomantic|b0|i1|c2|p2;..Curtain..}
  0
MTEXT
  5
62A
330
17
100
AcDbEntity
  8
LN-TEXT
100
AcDbMText
 10
18451.87002474809
 20
-859979.2727120325
 30
25.77889637483185
 40
75.00000000000001
 41
478.3572936343117
 71
1
  1
\pxqc,t8;{\fRomantic|b0|i1|c2|p2;..Curtain..}
  0
INSERT
  5
62B
330
17
100
AcDbEntity
  8
Text Format
100
AcDbBlockReference
  2
A$C22e4fd2c
 10
19368.49130567157
 20
-864660.5409880636
 30
0.0
  0
INSERT
  5
62D
330
17
100
AcDbEntity
  8
Text Format
100
AcDbBlockReference
  2
A$C22e4fd2c
 10
20917.9103870056
 20
-863648.449928923
 30
0.0
 50
89.99999999999999
  0
INSERT
  5
62F
330
17
100
AcDbEntity
  8
Text Format
100
AcDbBlockReference
  2
A$C22e4fd2c
 10
20917.9103870056
 20
-861040.449928923
 30
0.0
 50
89.99999999999999
  0
LWPOLYLINE
  5
631
330
17
100
AcDbEntity
  8
LENS_HATCH
 62
3
100
AcDbPolyline
 90
4
 70
1
 10
16638.88630240032
 20
-865274.0549321924
 10
16638.88630240032
 20
-865504.0549321924
 10
15938.88630240032
 20
-865504.0549321924
 10
15938.88630240032
 20
-865274.0549321924
  0
LWPOLYLINE
  5
632
330
17
100
AcDbEntity
  8
LENS_HATCH
 62
3
100
AcDbPolyline
 90
2
 70
0
 10
16638.88630240032
 20
-865274.0549321924
 10
15938.88630240032
 20
-865504.0549321924
  0
LWPOLYLINE
  5
633
330
17
100
AcDbEntity
  8
LENS_HATCH
 62
3
100
AcDbPolyline
 90
2
 70
0
 10
15938.88630240032
 20
-865274.0549321924
 10
16638.88630240032
 20
-865504.0549321924
  0
LWPOLYLINE
  5
634
330
17
100
AcDbEntity
  8
Screen
100
AcDbPolyline
 90
4
 70
1
 10
19901.88630240032
 20
-862676.0549321927
 10
19901.88630240032
 20
-862996.0549321927
 10
19811.88630240032
 20
-862996.0549321927
 10
19811.88630240032
 20
-862676.0549321927
  0
INSERT
  5
635
330
17
100
AcDbEntity
  8
Floor-Unit
100
AcDbBlockReference
  2
R-Table-1200
 10
18233.88630240032
 20
-859551.0549321927
 30
0.0
 50
270.0
  0
MTEXT
  5
637
330
17
100
AcDbEntity
  8
LENS_TEXT
  6
Continuous
100
AcDbMText
 10
17758.86756286392
 20
-859561.750390465
 30
0.0
 40
100.0
 41
1005.322711524746
 71
1
  1
\pxqc;REGISTRATION\PTABLE 
  0
MTEXT
  5
638
330
17
100
AcDbEntity
  8
LENS_TEXT
  6
Continuous
100
AcDbMText
 10
13385.52921621868
 20
-862078.4462976232
 30
0.0
 40
100.0
 41
421.5668604651161
 71
1
  1
\pxql;HOOPER
  0
MTEXT
  5
639
330
17
100
AcDbEntity
  8
LENS_TEXT
  6
Continuous
100
AcDbMText
 10
13385.52921621868
 20
-861093.1734418127
 30
0.0
 40
100.0
 41
421.5668604651161
 71
1
  1
\pxql;HOOPER
  0
LWPOLYLINE
  5
63A
330
17
100
AcDbEntity
  8
LENS_HATCH
 62
6
100
AcDbPolyline
 90
3
 70
0
 10
8146.886302400323
 20
-858531.734917247
 10
6754.886302400322
 20
-858531.734917247
 10
6754.886302400322
 20
-859923.734917247
  0
INSERT
  5
63B
330
17
100
AcDbEntity
  8
Floor-Unit
100
AcDbBlockReference
  2
49inch
 10
6864.886302400321
 20
-862374.883691266
 30
0.0
 41
-0.9995705467615587
 42
0.9995705467615587
 43
0.9995705467615587
 50
270.0
  0
MTEXT
  5
63D
330
17
100
AcDbEntity
  8
Floor-Unit
 62
0
100
AcDbMText
 10
6789.877463031501
 20
-862747.2873858396
 30
0.0
 40
60.0
 41
725.4568910943151
 71
1
  1
\pxqc,t3;49" SCREEN
  0
INSERT
  5
63E
330
17
100
AcDbEntity
  8
Floor-Unit
100
AcDbBlockReference
  2
49inch
 10
7110.579112522247
 20
-862374.883691266
 30
0.0
 41
0.9995705467615587
 42
0.9995705467615587
 43
0.9995705467615587
 50
90.00000000000003
  0
MTEXT
  5
640
330
17
100
AcDbEntity
  8
Floor-Unit
 62
0
100
AcDbMText
 10
7185.587951891067
 20
-862747.2873858396
 30
0.0
 40
60.0
 41
725.4568910943151
 71
1
  1
\pxqc,t3;49" SCREEN
  0
LWPOLYLINE
  5
641
330
17
100
AcDbEntity
  8
LENS_HATCH
 62
177
100
AcDbPolyline
 90
2
 70
0
 10
6619.886302400321
 20
-863187.0549321924
 10
6864.883836500289
 20
-862929.8836912655
  0
LWPOLYLINE
  5
642
330
17
100
AcDbEntity
  8
LENS_HATCH
 62
3
100
AcDbPolyline
 90
3
 70
0
 10
18239.88630240032
 20
-860006.0549321926
 10
18239.88630240032
 20
-858945.0549321922
 10
17559.88630240032
 20
-858945.0549321922
  0
LWPOLYLINE
  5
643
330
17
100
AcDbEntity
  8
Mirror
100
AcDbPolyline
 90
3
 70
0
 10
18233.88630240032
 20
-860006.0549321926
 10
18233.88630240032
 20
-858951.0549321921
 10
17559.88630240032
 20
-858951.0549321921
  0
INSERT
  5
644
330
17
100
AcDbEntity
  8
Floor-Unit
100
AcDbBlockReference
  2
R-Table-1200
 10
7504.077619533927
 20
-858847.4124726069
 30
0.0
  0
MTEXT
  5
646
330
17
100
AcDbEntity
  8
LENS_TEXT
  6
Continuous
100
AcDbMText
 10
7501.282816478362
 20
-859186.1681737908
 30
0.0
 40
100.0
 41
1005.322711524746
 71
1
  1
\pxqc;PICKUP COUNTER 
  0
ENDSEC
  0
SECTION
  2
OBJECTS
  0
DICTIONARY
  5
A
330
0
100
AcDbDictionary
281
1
  3
ACAD_COLOR
350
B
  3
ACAD_GROUP
350
C
  3
ACAD_LAYOUT
350
D
  3
ACAD_MATERIAL
350
E
  3
ACAD_MLEADERSTYLE
350
F
  3
ACAD_MLINESTYLE
350
10
  3
ACAD_PLOTSETTINGS
350
11
  3
ACAD_PLOTSTYLENAME
350
12
  3
ACAD_SCALELIST
350
14
  3
ACAD_TABLESTYLE
350
15
  3
ACAD_VISUALSTYLE
350
16
  3
EZDXF_META
350
2D
  0
DICTIONARY
  5
B
330
A
100
AcDbDictionary
281
1
  0
DICTIONARY
  5
C
330
A
100
AcDbDictionary
281
1
  0
DICTIONARY
  5
D
330
A
100
AcDbDictionary
281
1
  3
Model
350
1A
  3
Layout1
350
1E
  0
DICTIONARY
  5
E
330
A
100
AcDbDictionary
281
1
  3
ByBlock
350
1F
  3
ByLayer
350
20
  3
Global
350
21
  0
DICTIONARY
  5
F
330
A
100
AcDbDictionary
281
1
  3
Standard
350
2C
  0
DICTIONARY
  5
10
330
A
100
AcDbDictionary
281
1
  3
Standard
350
22
  0
DICTIONARY
  5
11
330
A
100
AcDbDictionary
281
1
  0
ACDBDICTIONARYWDFLT
  5
12
330
A
100
AcDbDictionary
281
1
  3
Normal
350
13
100
AcDbDictionaryWithDefault
340
13
  0
ACDBPLACEHOLDER
  5
13
330
12
  0
DICTIONARY
  5
14
330
A
100
AcDbDictionary
281
1
  0
DICTIONARY
  5
15
330
A
100
AcDbDictionary
281
1
  0
DICTIONARY
  5
16
330
A
100
AcDbDictionary
281
1
  0
LAYOUT
  5
1A
330
D
100
AcDbPlotSettings
  1

  4
A3
  6

 40
7.5
 41
20.0
 42
7.5
 43
20.0
 44
420.0
 45
297.0
 46
0.0
 47
0.0
 48
0.0
 49
0.0
140
0.0
141
0.0
142
1.0
143
1.0
 70
1024
 72
1
 73
0
 74
5
  7

 75
16
 76
0
 77
2
 78
300
147
1.0
148
0.0
149
0.0
100
AcDbLayout
  1
Model
 70
1
 71
0
 10
0.0
 20
0.0
 11
420.0
 21
297.0
 12
0.0
 22
0.0
 32
0.0
 14
1e+20
 24
1e+20
 34
1e+20
 15
-1e+20
 25
-1e+20
 35
-1e+20
146
0.0
 13
0.0
 23
0.0
 33
0.0
 16
1.0
 26
0.0
 36
0.0
 17
0.0
 27
1.0
 37
0.0
 76
1
330
17
  0
LAYOUT
  5
1E
330
D
100
AcDbPlotSettings
  1

  4
A3
  6

 40
7.5
 41
20.0
 42
7.5
 43
20.0
 44
420.0
 45
297.0
 46
0.0
 47
0.0
 48
0.0
 49
0.0
140
0.0
141
0.0
142
1.0
143
1.0
 70
0
 72
1
 73
0
 74
5
  7

 75
16
 76
0
 77
2
 78
300
147
1.0
148
0.0
149
0.0
100
AcDbLayout
  1
Layout1
 70
1
 71
1
 10
0.0
 20
0.0
 11
420.0
 21
297.0
 12
0.0
 22
0.0
 32
0.0
 14
1e+20
 24
1e+20
 34
1e+20
 15
-1e+20
 25
-1e+20
 35
-1e+20
146
0.0
 13
0.0
 23
0.0
 33
0.0
 16
1.0
 26
0.0
 36
0.0
 17
0.0
 27
1.0
 37
0.0
 76
1
330
1B
  0
MATERIAL
  5
1F
102
{ACAD_REACTORS
330
E
102
}
330
E
100
AcDbMaterial
  1
ByBlock
  2

 70
0
 40
1.0
 71
1
 41
1.0
 91
-1023410177
 42
1.0
 72
1
  3

 73
1
 74
1
 75
1
 44
0.5
 73
0
 45
1.0
 46
1.0
 77
1
  4

 78
1
 79
1
170
1
 48
1.0
171
1
  6

172
1
173
1
174
1
140
1.0
141
1.0
175
1
  7

176
1
177
1
178
1
143
1.0
179
1
  8

270
1
271
1
272
1
145
1.0
146
1.0
273
1
  9

274
1
275
1
276
1
 42
1.0
 72
1
  3

 73
1
 74
1
 75
1
 94
63
  0
MATERIAL
  5
20
102
{ACAD_REACTORS
330
E
102
}
330
E
100
AcDbMaterial
  1
ByLayer
  2

 70
0
 40
1.0
 71
1
 41
1.0
 91
-1023410177
 42
1.0
 72
1
  3

 73
1
 74
1
 75
1
 44
0.5
 73
0
 45
1.0
 46
1.0
 77
1
  4

 78
1
 79
1
170
1
 48
1.0
171
1
  6

172
1
173
1
174
1
140
1.0
141
1.0
175
1
  7

176
1
177
1
178
1
143
1.0
179
1
  8

270
1
271
1
272
1
145
1.0
146
1.0
273
1
  9

274
1
275
1
276
1
 42
1.0
 72
1
  3

 73
1
 74
1
 75
1
 94
63
  0
MATERIAL
  5
21
102
{ACAD_REACTORS
330
E
102
}
330
E
100
AcDbMaterial
  1
Global
  2

 70
0
 40
1.0
 71
1
 41
1.0
 91
-1023410177
 42
1.0
 72
1
  3

 73
1
 74
1
 75
1
 44
0.5
 73
0
 45
1.0
 46
1.0
 77
1
  4

 78
1
 79
1
170
1
 48
1.0
171
1
  6

172
1
173
1
174
1
140
1.0
141
1.0
175
1
  7

176
1
177
1
178
1
143
1.0
179
1
  8

270
1
271
1
272
1
145
1.0
146
1.0
273
1
  9

274
1
275
1
276
1
 42
1.0
 72
1
  3

 73
1
 74
1
 75
1
 94
63
  0
MLINESTYLE
  5
22
102
{ACAD_REACTORS
330
10
102
}
330
10
100
AcDbMlineStyle
  2
Standard
 70
0
  3

 62
256
 51
90.0
 52
90.0
 71
2
 49
0.5
 62
256
  6
BYLAYER
 49
-0.5
 62
256
  6
BYLAYER
  0
MLEADERSTYLE
  5
2C
102
{ACAD_REACTORS
330
F
102
}
330
F
100
AcDbMLeaderStyle
179
2
170
2
171
1
172
0
 90
2
 40
0.0
 41
0.0
173
1
 91
-1056964608
 92
-2
290
1
 42
2.0
291
1
 43
8.0
  3
Standard
 44
4.0
300

342
29
174
1
175
1
176
0
178
1
 93
-1056964608
 45
4.0
292
0
297
0
 46
4.0
 94
-1056964608
 47
1.0
 49
1.0
140
1.0
294
1
141
0.0
177
0
142
1.0
295
0
296
0
143
3.75
271
0
272
9
273
9
  0
DICTIONARY
  5
2D
330
A
100
AcDbDictionary
280
1
281
1
  3
CREATED_BY_EZDXF
350
2E
  3
WRITTEN_BY_EZDXF
350
649
  0
DICTIONARYVAR
  5
2E
330
2D
100
DictionaryVariables
280
0
  1
1.4.2 @ 2025-10-15T05:39:16.313062+00:00
  0
DICTIONARYVAR
  5
649
330
2D
100
DictionaryVariables
280
0
  1
1.4.2 @ 2025-10-15T05:39:16.368979+00:00
  0
ENDSEC
  0
EOF
